"","GEO_NAME_SHORT","ParentLocationCode","ParentLocation","SpatialDimValueCode","DIM_TIME","DIM_GEO_CODE_M49","DIM_GEO_CODE_TYPE","RATE_PER_CAPITA_N","RATE_PER_CAPITA_NL","RATE_PER_CAPITA_NU"
"1","Afghanistan","EMR","Eastern Mediterranean","AFG",2010,4,"COUNTRY",0.024892159,0,0.152179051
"2","Afghanistan","EMR","Eastern Mediterranean","AFG",2000,4,"COUNTRY",0.004655849,0,0.061162848
"3","Afghanistan","EMR","Eastern Mediterranean","AFG",2008,4,"COUNTRY",0.020675665,0,0.13003475
"4","Afghanistan","EMR","Eastern Mediterranean","AFG",2018,4,"COUNTRY",0.013377383,0,0.105282687
"5","Afghanistan","EMR","Eastern Mediterranean","AFG",2005,4,"COUNTRY",0.014091928,0,0.114066443
"6","Afghanistan","EMR","Eastern Mediterranean","AFG",2004,4,"COUNTRY",0.010079072,0,0.095442005
"7","Afghanistan","EMR","Eastern Mediterranean","AFG",2011,4,"COUNTRY",0.027563104,0,0.155699994
"8","Afghanistan","EMR","Eastern Mediterranean","AFG",2009,4,"COUNTRY",0.021389342,0,0.13829552
"9","Afghanistan","EMR","Eastern Mediterranean","AFG",2021,4,"COUNTRY",0.00794198,0,0.083120315
"10","Afghanistan","EMR","Eastern Mediterranean","AFG",2012,4,"COUNTRY",0.028278207,0,0.173321111
"11","Afghanistan","EMR","Eastern Mediterranean","AFG",2006,4,"COUNTRY",0.018058049,0,0.126945641
"12","Afghanistan","EMR","Eastern Mediterranean","AFG",2007,4,"COUNTRY",0.019963685,0,0.131980467
"13","Afghanistan","EMR","Eastern Mediterranean","AFG",2013,4,"COUNTRY",0.026020036,0,0.154238938
"14","Afghanistan","EMR","Eastern Mediterranean","AFG",2022,4,"COUNTRY",0.00794198,0,0.083120315
"15","Afghanistan","EMR","Eastern Mediterranean","AFG",2014,4,"COUNTRY",0.022397389,0,0.151542032
"16","Afghanistan","EMR","Eastern Mediterranean","AFG",2015,4,"COUNTRY",0.019201694,0,0.139380211
"17","Afghanistan","EMR","Eastern Mediterranean","AFG",2003,4,"COUNTRY",0.007151426,0,0.076684578
"18","Afghanistan","EMR","Eastern Mediterranean","AFG",2017,4,"COUNTRY",0.014426353,0,0.103810135
"19","Afghanistan","EMR","Eastern Mediterranean","AFG",2016,4,"COUNTRY",0.016418643,0,0.121820798
"20","Afghanistan","EMR","Eastern Mediterranean","AFG",2020,4,"COUNTRY",0.010147058,0,0.098004709
"21","Afghanistan","EMR","Eastern Mediterranean","AFG",2019,4,"COUNTRY",0.011442092,0,0.104464293
"22","Afghanistan","EMR","Eastern Mediterranean","AFG",2002,4,"COUNTRY",0.00518419,0,0.06614294
"23","Afghanistan","EMR","Eastern Mediterranean","AFG",2001,4,"COUNTRY",0.004655849,0,0.061162848
"24","Albania","EUR","Europe","ALB",2010,8,"COUNTRY",6.0371425,4.615102222,7.364360625
"25","Albania","EUR","Europe","ALB",2018,8,"COUNTRY",5.005463816,3.707462528,6.30862085
"26","Albania","EUR","Europe","ALB",2004,8,"COUNTRY",5.468769192,4.278564397,6.73276484
"27","Albania","EUR","Europe","ALB",2011,8,"COUNTRY",5.599079778,4.319909387,6.963825703
"28","Albania","EUR","Europe","ALB",2005,8,"COUNTRY",5.655459288,4.359868952,6.948518611
"29","Albania","EUR","Europe","ALB",2001,8,"COUNTRY",5.091668966,3.855888438,6.337205145
"30","Albania","EUR","Europe","ALB",2016,8,"COUNTRY",5.037514088,3.763315534,6.350326362
"31","Albania","EUR","Europe","ALB",2022,8,"COUNTRY",4.97477125,3.557978656,6.347069645
"32","Albania","EUR","Europe","ALB",2015,8,"COUNTRY",4.957351631,3.741609855,6.282184376
"33","Albania","EUR","Europe","ALB",2014,8,"COUNTRY",4.932575594,3.824271901,6.294802839
"34","Albania","EUR","Europe","ALB",2021,8,"COUNTRY",4.97477125,3.557978656,6.347069645
"35","Albania","EUR","Europe","ALB",2007,8,"COUNTRY",6.087327849,4.872520517,7.530390518
"36","Albania","EUR","Europe","ALB",2006,8,"COUNTRY",5.901333891,4.56484132,7.24016414
"37","Albania","EUR","Europe","ALB",2020,8,"COUNTRY",4.924406388,3.634412197,6.131657482
"38","Albania","EUR","Europe","ALB",2013,8,"COUNTRY",4.93610118,3.733219992,6.373158814
"39","Albania","EUR","Europe","ALB",2012,8,"COUNTRY",5.32120181,3.923527455,6.727511257
"40","Albania","EUR","Europe","ALB",2019,8,"COUNTRY",4.88902819,3.64825499,6.30301088
"41","Albania","EUR","Europe","ALB",2002,8,"COUNTRY",5.217382946,3.985903967,6.589601999
"42","Albania","EUR","Europe","ALB",2008,8,"COUNTRY",6.236817203,4.959874582,7.656551001
"43","Albania","EUR","Europe","ALB",2017,8,"COUNTRY",5.016351077,3.736717094,6.30775093
"44","Albania","EUR","Europe","ALB",2009,8,"COUNTRY",6.142933212,4.861430234,7.474611482
"45","Albania","EUR","Europe","ALB",2000,8,"COUNTRY",5.091668966,3.855888438,6.337205145
"46","Albania","EUR","Europe","ALB",2003,8,"COUNTRY",5.26713431,3.989960016,6.48199551
"47","Algeria","AFR","Africa","DZA",2012,12,"COUNTRY",0.498039439,0.214359348,0.90236976
"48","Algeria","AFR","Africa","DZA",2015,12,"COUNTRY",0.529759156,0.224624001,0.96752792
"49","Algeria","AFR","Africa","DZA",2021,12,"COUNTRY",0.455062278,0.185858925,0.816353285
"50","Algeria","AFR","Africa","DZA",2011,12,"COUNTRY",0.467836748,0.18175976,0.853531252
"51","Algeria","AFR","Africa","DZA",2016,12,"COUNTRY",0.516740869,0.251771632,0.922668249
"52","Algeria","AFR","Africa","DZA",2008,12,"COUNTRY",0.450504093,0.187958735,0.847869986
"53","Algeria","AFR","Africa","DZA",2000,12,"COUNTRY",0.386912282,0.147633513,0.719496539
"54","Algeria","AFR","Africa","DZA",2009,12,"COUNTRY",0.455218084,0.197802478,0.827774794
"55","Algeria","AFR","Africa","DZA",2017,12,"COUNTRY",0.531797336,0.241492874,0.949717442
"56","Algeria","AFR","Africa","DZA",2003,12,"COUNTRY",0.46290497,0.208937276,0.864849051
"57","Algeria","AFR","Africa","DZA",2019,12,"COUNTRY",0.509383651,0.236364808,0.914624625
"58","Algeria","AFR","Africa","DZA",2006,12,"COUNTRY",0.476292282,0.205914783,0.869617227
"59","Algeria","AFR","Africa","DZA",2020,12,"COUNTRY",0.4764596,0.213116535,0.864171535
"60","Algeria","AFR","Africa","DZA",2002,12,"COUNTRY",0.41280793,0.188953512,0.774886542
"61","Algeria","AFR","Africa","DZA",2018,12,"COUNTRY",0.536677612,0.247543563,0.92804982
"62","Algeria","AFR","Africa","DZA",2014,12,"COUNTRY",0.533926653,0.234067906,0.954210528
"63","Algeria","AFR","Africa","DZA",2013,12,"COUNTRY",0.528536783,0.230955596,0.927725677
"64","Algeria","AFR","Africa","DZA",2005,12,"COUNTRY",0.5027523,0.225336322,0.897471994
"65","Algeria","AFR","Africa","DZA",2010,12,"COUNTRY",0.456148061,0.20278875,0.861096818
"66","Algeria","AFR","Africa","DZA",2022,12,"COUNTRY",0.455062278,0.185858925,0.816353285
"67","Algeria","AFR","Africa","DZA",2007,12,"COUNTRY",0.442591335,0.198470666,0.827954555
"68","Algeria","AFR","Africa","DZA",2001,12,"COUNTRY",0.386912282,0.147633513,0.719496539
"69","Algeria","AFR","Africa","DZA",2004,12,"COUNTRY",0.508275916,0.249247429,0.916891106
"70","Andorra","EUR","Europe","AND",2015,20,"COUNTRY",11.455293733,9.835850458,13.193294396
"71","Andorra","EUR","Europe","AND",2008,20,"COUNTRY",12.186457926,10.424727436,14.053649158
"72","Andorra","EUR","Europe","AND",2016,20,"COUNTRY",11.896871127,9.922356084,13.832382944
"73","Andorra","EUR","Europe","AND",2002,20,"COUNTRY",13.165032367,11.240612248,15.019820582
"74","Andorra","EUR","Europe","AND",2019,20,"COUNTRY",11.180908801,9.492311366,12.915217915
"75","Andorra","EUR","Europe","AND",2022,20,"COUNTRY",11.061199683,9.365662868,12.770825295
"76","Andorra","EUR","Europe","AND",2005,20,"COUNTRY",13.00812428,11.013494299,14.829453994
"77","Andorra","EUR","Europe","AND",2000,20,"COUNTRY",13.340698274,11.459511239,15.284385052
"78","Andorra","EUR","Europe","AND",2003,20,"COUNTRY",12.882596388,10.934526884,14.757445814
"79","Andorra","EUR","Europe","AND",2004,20,"COUNTRY",12.942821228,11.126005803,14.82316612
"80","Andorra","EUR","Europe","AND",2017,20,"COUNTRY",11.833408171,9.96961327,13.743556104
"81","Andorra","EUR","Europe","AND",2011,20,"COUNTRY",11.216369181,9.498468963,12.995674205
"82","Andorra","EUR","Europe","AND",2007,20,"COUNTRY",12.571679455,10.76252462,14.411529492
"83","Andorra","EUR","Europe","AND",2013,20,"COUNTRY",10.839605539,9.099534376,12.564464373
"84","Andorra","EUR","Europe","AND",2018,20,"COUNTRY",11.746833842,9.833083151,13.576785939
"85","Andorra","EUR","Europe","AND",2006,20,"COUNTRY",12.912209666,11.01645335,14.715744884
"86","Andorra","EUR","Europe","AND",2020,20,"COUNTRY",11.023451455,9.411010448,12.675117573
"87","Andorra","EUR","Europe","AND",2001,20,"COUNTRY",13.340698274,11.459511239,15.284385052
"88","Andorra","EUR","Europe","AND",2021,20,"COUNTRY",11.061199683,9.365662868,12.770825295
"89","Andorra","EUR","Europe","AND",2009,20,"COUNTRY",11.758379723,10.056853661,13.646655168
"90","Andorra","EUR","Europe","AND",2012,20,"COUNTRY",11.046841836,9.478877193,12.752733816
"91","Andorra","EUR","Europe","AND",2014,20,"COUNTRY",11.071938277,9.419738735,12.841125056
"92","Andorra","EUR","Europe","AND",2010,20,"COUNTRY",11.499341972,9.784120952,13.227687378
"93","Angola","AFR","Africa","AGO",2021,24,"COUNTRY",3.98150658,2.99242653,5.066950114
"94","Angola","AFR","Africa","AGO",2008,24,"COUNTRY",7.711333869,6.312812596,9.225581309
"95","Angola","AFR","Africa","AGO",2017,24,"COUNTRY",6.653995919,5.354917542,8.147730489
"96","Angola","AFR","Africa","AGO",2004,24,"COUNTRY",6.32706149,4.99067146,7.799670671
"97","Angola","AFR","Africa","AGO",2012,24,"COUNTRY",8.645809459,7.017242781,10.296089205
"98","Angola","AFR","Africa","AGO",2015,24,"COUNTRY",7.756705553,6.240731285,9.304667251
"99","Angola","AFR","Africa","AGO",2019,24,"COUNTRY",5.285114703,4.033364684,6.533711479
"100","Angola","AFR","Africa","AGO",2016,24,"COUNTRY",7.008422672,5.677756969,8.525958725
"101","Angola","AFR","Africa","AGO",2003,24,"COUNTRY",5.965461256,4.61730095,7.444279939
"102","Angola","AFR","Africa","AGO",2011,24,"COUNTRY",8.655232039,7.148372425,10.293106805
"103","Angola","AFR","Africa","AGO",2022,24,"COUNTRY",3.98150658,2.99242653,5.066950114
"104","Angola","AFR","Africa","AGO",2005,24,"COUNTRY",6.776349271,5.443605379,8.306302363
"105","Angola","AFR","Africa","AGO",2009,24,"COUNTRY",8.116070244,6.729006783,9.813340018
"106","Angola","AFR","Africa","AGO",2006,24,"COUNTRY",7.221588754,5.839045048,8.810151291
"107","Angola","AFR","Africa","AGO",2007,24,"COUNTRY",7.446653965,5.983751978,9.062547439
"108","Angola","AFR","Africa","AGO",2000,24,"COUNTRY",5.750128659,4.504858721,7.168844461
"109","Angola","AFR","Africa","AGO",2013,24,"COUNTRY",8.748187928,7.103600778,10.394490477
"110","Angola","AFR","Africa","AGO",2020,24,"COUNTRY",4.459042023,3.276360515,5.666684283
"111","Angola","AFR","Africa","AGO",2010,24,"COUNTRY",8.436001413,6.921591461,10.082876291
"112","Angola","AFR","Africa","AGO",2002,24,"COUNTRY",5.886977655,4.395105693,7.234451232
"113","Angola","AFR","Africa","AGO",2001,24,"COUNTRY",5.750128659,4.504858721,7.168844461
"114","Angola","AFR","Africa","AGO",2014,24,"COUNTRY",8.319987872,6.774441431,9.871938146
"115","Angola","AFR","Africa","AGO",2018,24,"COUNTRY",6.151790846,4.821256558,7.514767071
"116","Antigua and Barbuda","AMR","Americas","ATG",2012,28,"COUNTRY",8.751806163,6.886917967,10.626269516
"117","Antigua and Barbuda","AMR","Americas","ATG",2001,28,"COUNTRY",8.438288136,6.929512831,10.1315106
"118","Antigua and Barbuda","AMR","Americas","ATG",2017,28,"COUNTRY",10.708410749,8.944462269,12.639062458
"119","Antigua and Barbuda","AMR","Americas","ATG",2022,28,"COUNTRY",9.42532032,7.860102614,11.134151759
"120","Antigua and Barbuda","AMR","Americas","ATG",2016,28,"COUNTRY",9.972199975,8.263869143,11.736927076
"121","Antigua and Barbuda","AMR","Americas","ATG",2011,28,"COUNTRY",8.599354603,6.947997246,10.417223145
"122","Antigua and Barbuda","AMR","Americas","ATG",2021,28,"COUNTRY",9.42532032,7.860102614,11.134151759
"123","Antigua and Barbuda","AMR","Americas","ATG",2020,28,"COUNTRY",9.78321548,8.005598514,11.588482882
"124","Antigua and Barbuda","AMR","Americas","ATG",2018,28,"COUNTRY",11.115105937,9.345420071,13.083410703
"125","Antigua and Barbuda","AMR","Americas","ATG",2015,28,"COUNTRY",9.351058414,7.681166742,11.069313782
"126","Antigua and Barbuda","AMR","Americas","ATG",2013,28,"COUNTRY",8.958207187,7.263786355,10.742908112
"127","Antigua and Barbuda","AMR","Americas","ATG",2007,28,"COUNTRY",8.915782942,7.056956904,10.766336388
"128","Antigua and Barbuda","AMR","Americas","ATG",2005,28,"COUNTRY",8.55958013,6.990379084,10.278101468
"129","Antigua and Barbuda","AMR","Americas","ATG",2004,28,"COUNTRY",8.434642625,6.851223742,10.026958953
"130","Antigua and Barbuda","AMR","Americas","ATG",2002,28,"COUNTRY",8.370793172,6.827721437,10.17498447
"131","Antigua and Barbuda","AMR","Americas","ATG",2006,28,"COUNTRY",8.766457254,7.056159344,10.616380999
"132","Antigua and Barbuda","AMR","Americas","ATG",2010,28,"COUNTRY",8.567981426,6.810816898,10.394102665
"133","Antigua and Barbuda","AMR","Americas","ATG",2008,28,"COUNTRY",8.902597464,7.047981918,10.735916967
"134","Antigua and Barbuda","AMR","Americas","ATG",2014,28,"COUNTRY",9.062667918,7.381344598,10.85645506
"135","Antigua and Barbuda","AMR","Americas","ATG",2003,28,"COUNTRY",8.316413467,6.735338157,10.04855715
"136","Antigua and Barbuda","AMR","Americas","ATG",2019,28,"COUNTRY",10.397315618,8.718112286,12.143972145
"137","Antigua and Barbuda","AMR","Americas","ATG",2009,28,"COUNTRY",8.764041801,7.172066959,10.608099216
"138","Antigua and Barbuda","AMR","Americas","ATG",2000,28,"COUNTRY",8.438288136,6.929512831,10.1315106
"139","Argentina","AMR","Americas","ARG",2017,32,"COUNTRY",8.335004275,6.772132965,9.840046774
"140","Argentina","AMR","Americas","ARG",2002,32,"COUNTRY",8.248139698,6.861108702,9.821990293
"141","Argentina","AMR","Americas","ARG",2007,32,"COUNTRY",8.618882981,7.191067649,10.158994522
"142","Argentina","AMR","Americas","ARG",2013,32,"COUNTRY",8.453028648,7.005919584,9.991284556
"143","Argentina","AMR","Americas","ARG",2014,32,"COUNTRY",8.606041699,6.977494761,10.181302783
"144","Argentina","AMR","Americas","ARG",2020,32,"COUNTRY",8.233047751,6.676731977,9.706701174
"145","Argentina","AMR","Americas","ARG",2016,32,"COUNTRY",8.589587256,7.046450326,10.188469803
"146","Argentina","AMR","Americas","ARG",2022,32,"COUNTRY",8.840678514,7.415405762,10.357149523
"147","Argentina","AMR","Americas","ARG",2015,32,"COUNTRY",8.555053333,7.087742787,10.173516869
"148","Argentina","AMR","Americas","ARG",2005,32,"COUNTRY",8.184600904,6.582160172,9.705173623
"149","Argentina","AMR","Americas","ARG",2011,32,"COUNTRY",8.363413169,6.883015509,9.890984218
"150","Argentina","AMR","Americas","ARG",2010,32,"COUNTRY",8.512789572,7.062388296,10.125095298
"151","Argentina","AMR","Americas","ARG",2001,32,"COUNTRY",8.269520146,6.944171573,9.813341354
"152","Argentina","AMR","Americas","ARG",2021,32,"COUNTRY",8.840678514,7.415405762,10.357149523
"153","Argentina","AMR","Americas","ARG",2008,32,"COUNTRY",8.795328165,7.38598009,10.345781573
"154","Argentina","AMR","Americas","ARG",2000,32,"COUNTRY",8.269520146,6.944171573,9.813341354
"155","Argentina","AMR","Americas","ARG",2003,32,"COUNTRY",8.20169745,6.797552089,9.695583284
"156","Argentina","AMR","Americas","ARG",2009,32,"COUNTRY",8.785880633,7.339436834,10.362476446
"157","Argentina","AMR","Americas","ARG",2012,32,"COUNTRY",8.376140818,6.939008152,9.943657069
"158","Argentina","AMR","Americas","ARG",2018,32,"COUNTRY",8.035864414,6.65633636,9.55677482
"159","Argentina","AMR","Americas","ARG",2004,32,"COUNTRY",8.126193,6.659211172,9.645926093
"160","Argentina","AMR","Americas","ARG",2006,32,"COUNTRY",8.353515032,6.762646507,9.837922604
"161","Argentina","AMR","Americas","ARG",2019,32,"COUNTRY",7.909628176,6.438560333,9.329487014
"162","Armenia","EUR","Europe","ARM",2016,51,"COUNTRY",5.007727677,3.841439518,6.301104833
"163","Armenia","EUR","Europe","ARM",2008,51,"COUNTRY",4.867576946,3.670372756,6.088936956
"164","Armenia","EUR","Europe","ARM",2018,51,"COUNTRY",5.17407018,3.971025343,6.484101161
"165","Armenia","EUR","Europe","ARM",2015,51,"COUNTRY",5.07300967,3.862664198,6.415692137
"166","Armenia","EUR","Europe","ARM",2017,51,"COUNTRY",5.015269465,3.842109091,6.348899315
"167","Armenia","EUR","Europe","ARM",2022,51,"COUNTRY",4.299724304,3.200610032,5.512616607
"168","Armenia","EUR","Europe","ARM",2007,51,"COUNTRY",4.866960266,3.704968351,6.108138346
"169","Armenia","EUR","Europe","ARM",2000,51,"COUNTRY",3.682613343,2.682676238,4.783900631
"170","Armenia","EUR","Europe","ARM",2002,51,"COUNTRY",3.734096386,2.682295715,4.896341225
"171","Armenia","EUR","Europe","ARM",2019,51,"COUNTRY",4.967318098,3.811616436,6.287207614
"172","Armenia","EUR","Europe","ARM",2013,51,"COUNTRY",4.995564627,3.67780998,6.224001847
"173","Armenia","EUR","Europe","ARM",2010,51,"COUNTRY",4.989410846,3.720783632,6.316773116
"174","Armenia","EUR","Europe","ARM",2004,51,"COUNTRY",4.420077855,3.307314482,5.552977169
"175","Armenia","EUR","Europe","ARM",2001,51,"COUNTRY",3.682613343,2.682676238,4.783900631
"176","Armenia","EUR","Europe","ARM",2005,51,"COUNTRY",4.729659464,3.507887545,5.936317319
"177","Armenia","EUR","Europe","ARM",2011,51,"COUNTRY",4.994915696,3.746314992,6.311552433
"178","Armenia","EUR","Europe","ARM",2003,51,"COUNTRY",4.013392446,2.882713745,5.169516596
"179","Armenia","EUR","Europe","ARM",2020,51,"COUNTRY",4.697651819,3.521269159,5.950551136
"180","Armenia","EUR","Europe","ARM",2012,51,"COUNTRY",4.909938996,3.638725137,6.169342745
"181","Armenia","EUR","Europe","ARM",2006,51,"COUNTRY",4.881690562,3.68687568,6.07892839
"182","Armenia","EUR","Europe","ARM",2021,51,"COUNTRY",4.299724304,3.200610032,5.512616607
"183","Armenia","EUR","Europe","ARM",2014,51,"COUNTRY",5.054149845,3.91744635,6.338599589
"184","Armenia","EUR","Europe","ARM",2009,51,"COUNTRY",4.945955123,3.701531903,6.214337057
"185","Australia","WPR","Western Pacific","AUS",2020,36,"COUNTRY",11.018020442,9.122030964,12.74490187
"186","Australia","WPR","Western Pacific","AUS",2018,36,"COUNTRY",10.688375829,8.977680875,12.413592165
"187","Australia","WPR","Western Pacific","AUS",2021,36,"COUNTRY",11.151637252,9.398755654,12.992376509
"188","Australia","WPR","Western Pacific","AUS",2013,36,"COUNTRY",10.429183813,8.716239354,12.232089694
"189","Australia","WPR","Western Pacific","AUS",2007,36,"COUNTRY",11.385029419,9.691202237,13.26690736
"190","Australia","WPR","Western Pacific","AUS",2000,36,"COUNTRY",10.89171915,9.16768565,12.612005239
"191","Australia","WPR","Western Pacific","AUS",2014,36,"COUNTRY",10.44135628,8.745611613,12.219723758
"192","Australia","WPR","Western Pacific","AUS",2008,36,"COUNTRY",11.354773377,9.643952388,13.288691464
"193","Australia","WPR","Western Pacific","AUS",2010,36,"COUNTRY",10.998137464,9.349855009,12.805406349
"194","Australia","WPR","Western Pacific","AUS",2002,36,"COUNTRY",10.916286217,9.177007401,12.617637839
"195","Australia","WPR","Western Pacific","AUS",2019,36,"COUNTRY",10.884494345,9.11037321,12.541864932
"196","Australia","WPR","Western Pacific","AUS",2006,36,"COUNTRY",11.273075545,9.551787045,13.107807085
"197","Australia","WPR","Western Pacific","AUS",2005,36,"COUNTRY",11.205982915,9.522271031,13.002708835
"198","Australia","WPR","Western Pacific","AUS",2017,36,"COUNTRY",10.70791218,9.00898731,12.446099182
"199","Australia","WPR","Western Pacific","AUS",2004,36,"COUNTRY",11.067743367,9.295214626,12.839882808
"200","Australia","WPR","Western Pacific","AUS",2022,36,"COUNTRY",11.151637252,9.398755654,12.992376509
"201","Australia","WPR","Western Pacific","AUS",2003,36,"COUNTRY",11.058305794,9.382835127,12.839218708
"202","Australia","WPR","Western Pacific","AUS",2015,36,"COUNTRY",10.491004489,8.659656979,12.360006873
"203","Australia","WPR","Western Pacific","AUS",2011,36,"COUNTRY",10.759037922,9.20156637,12.62198004
"204","Australia","WPR","Western Pacific","AUS",2001,36,"COUNTRY",10.89171915,9.16768565,12.612005239
"205","Australia","WPR","Western Pacific","AUS",2012,36,"COUNTRY",10.573058415,8.859466613,12.301425366
"206","Australia","WPR","Western Pacific","AUS",2009,36,"COUNTRY",11.254205456,9.472312298,13.04520647
"207","Australia","WPR","Western Pacific","AUS",2016,36,"COUNTRY",10.650048557,9.076739915,12.39864961
"208","Austria","EUR","Europe","AUT",2006,40,"COUNTRY",12.850535607,10.945066451,14.947164376
"209","Austria","EUR","Europe","AUT",2013,40,"COUNTRY",12.434157365,10.61905336,14.401491538
"210","Austria","EUR","Europe","AUT",2005,40,"COUNTRY",12.73032002,10.649773421,14.768232111
"211","Austria","EUR","Europe","AUT",2016,40,"COUNTRY",11.702548068,9.892871581,13.70884395
"212","Austria","EUR","Europe","AUT",2012,40,"COUNTRY",12.388087715,10.570250707,14.376972136
"213","Austria","EUR","Europe","AUT",2018,40,"COUNTRY",11.827838223,10.04611763,13.971916102
"214","Austria","EUR","Europe","AUT",2010,40,"COUNTRY",12.437343683,10.59532876,14.354130696
"215","Austria","EUR","Europe","AUT",2011,40,"COUNTRY",12.502471176,10.634571693,14.47792315
"216","Austria","EUR","Europe","AUT",2019,40,"COUNTRY",11.845427674,10.056027201,14.023335039
"217","Austria","EUR","Europe","AUT",2000,40,"COUNTRY",13.071495115,11.149003718,14.979788975
"218","Austria","EUR","Europe","AUT",2004,40,"COUNTRY",12.651476728,10.493515041,14.6647818
"219","Austria","EUR","Europe","AUT",2002,40,"COUNTRY",12.715487693,10.728675782,14.658812046
"220","Austria","EUR","Europe","AUT",2022,40,"COUNTRY",11.849393091,10.166776823,13.654088295
"221","Austria","EUR","Europe","AUT",2009,40,"COUNTRY",12.468551565,10.571651585,14.286507322
"222","Austria","EUR","Europe","AUT",2003,40,"COUNTRY",12.640063377,10.553569158,14.69557514
"223","Austria","EUR","Europe","AUT",2001,40,"COUNTRY",13.071495115,11.149003718,14.979788975
"224","Austria","EUR","Europe","AUT",2020,40,"COUNTRY",11.875396327,10.205758893,13.720074137
"225","Austria","EUR","Europe","AUT",2008,40,"COUNTRY",12.582141097,10.698166091,14.508829793
"226","Austria","EUR","Europe","AUT",2015,40,"COUNTRY",11.928003395,10.171648449,13.907495791
"227","Austria","EUR","Europe","AUT",2021,40,"COUNTRY",11.849393091,10.166776823,13.654088295
"228","Austria","EUR","Europe","AUT",2007,40,"COUNTRY",12.801092646,10.941885022,14.719199357
"229","Austria","EUR","Europe","AUT",2017,40,"COUNTRY",11.768832599,9.861945395,13.84169816
"230","Austria","EUR","Europe","AUT",2014,40,"COUNTRY",12.084369908,10.257896629,14.111661645
"231","Azerbaijan","EUR","Europe","AZE",2004,31,"COUNTRY",1.486001265,0.68487517,2.388815992
"232","Azerbaijan","EUR","Europe","AZE",2011,31,"COUNTRY",1.811063765,0.95958201,2.684586184
"233","Azerbaijan","EUR","Europe","AZE",2017,31,"COUNTRY",1.691511948,0.898939636,2.634259405
"234","Azerbaijan","EUR","Europe","AZE",2010,31,"COUNTRY",1.834103908,1.010182586,2.737683846
"235","Azerbaijan","EUR","Europe","AZE",2021,31,"COUNTRY",2.321017262,1.456787907,3.276469636
"236","Azerbaijan","EUR","Europe","AZE",2006,31,"COUNTRY",1.612521296,0.812909446,2.576317988
"237","Azerbaijan","EUR","Europe","AZE",2018,31,"COUNTRY",2.016231361,1.174133528,2.927325887
"238","Azerbaijan","EUR","Europe","AZE",2008,31,"COUNTRY",1.69217019,0.901820621,2.726880882
"239","Azerbaijan","EUR","Europe","AZE",2019,31,"COUNTRY",2.296668903,1.388574054,3.261534476
"240","Azerbaijan","EUR","Europe","AZE",2016,31,"COUNTRY",1.568126948,0.811091049,2.503126314
"241","Azerbaijan","EUR","Europe","AZE",2007,31,"COUNTRY",1.674493067,0.832105643,2.705401195
"242","Azerbaijan","EUR","Europe","AZE",2022,31,"COUNTRY",2.321017262,1.456787907,3.276469636
"243","Azerbaijan","EUR","Europe","AZE",2009,31,"COUNTRY",1.830988017,1.044662308,2.805431095
"244","Azerbaijan","EUR","Europe","AZE",2005,31,"COUNTRY",1.547180668,0.718612875,2.448111883
"245","Azerbaijan","EUR","Europe","AZE",2013,31,"COUNTRY",1.577207444,0.828147543,2.531894036
"246","Azerbaijan","EUR","Europe","AZE",2000,31,"COUNTRY",1.459879954,0.689125154,2.351800168
"247","Azerbaijan","EUR","Europe","AZE",2001,31,"COUNTRY",1.459879954,0.689125154,2.351800168
"248","Azerbaijan","EUR","Europe","AZE",2012,31,"COUNTRY",1.65799738,0.830876706,2.588701504
"249","Azerbaijan","EUR","Europe","AZE",2003,31,"COUNTRY",1.464521409,0.671739233,2.311070932
"250","Azerbaijan","EUR","Europe","AZE",2015,31,"COUNTRY",1.537363923,0.739467522,2.443864562
"251","Azerbaijan","EUR","Europe","AZE",2002,31,"COUNTRY",1.458065467,0.674632052,2.334374084
"252","Azerbaijan","EUR","Europe","AZE",2020,31,"COUNTRY",2.439863111,1.556188534,3.475380504
"253","Azerbaijan","EUR","Europe","AZE",2014,31,"COUNTRY",1.576285042,0.803682872,2.476658436
"254","Bahamas","AMR","Americas","BHS",2006,44,"COUNTRY",6.769834972,5.054623997,8.527650627
"255","Bahamas","AMR","Americas","BHS",2008,44,"COUNTRY",6.931815228,5.226380014,8.499127829
"256","Bahamas","AMR","Americas","BHS",2014,44,"COUNTRY",7.333544264,5.722064672,9.086113577
"257","Bahamas","AMR","Americas","BHS",2013,44,"COUNTRY",7.277049454,5.684422354,9.054542709
"258","Bahamas","AMR","Americas","BHS",2005,44,"COUNTRY",6.694495677,5.120781151,8.433087161
"259","Bahamas","AMR","Americas","BHS",2002,44,"COUNTRY",6.897614556,5.362593625,8.582728115
"260","Bahamas","AMR","Americas","BHS",2019,44,"COUNTRY",7.192529595,5.622992749,8.792376371
"261","Bahamas","AMR","Americas","BHS",2007,44,"COUNTRY",6.930550904,5.095517309,8.567974419
"262","Bahamas","AMR","Americas","BHS",2022,44,"COUNTRY",6.908032337,5.510502082,8.512009656
"263","Bahamas","AMR","Americas","BHS",2020,44,"COUNTRY",6.869157337,5.338149475,8.512415965
"264","Bahamas","AMR","Americas","BHS",2016,44,"COUNTRY",7.479802768,5.885088665,9.151616993
"265","Bahamas","AMR","Americas","BHS",2000,44,"COUNTRY",7.307761859,5.798592313,9.02986373
"266","Bahamas","AMR","Americas","BHS",2018,44,"COUNTRY",7.551097699,5.826564459,9.391826203
"267","Bahamas","AMR","Americas","BHS",2003,44,"COUNTRY",6.757444494,5.276443553,8.493999621
"268","Bahamas","AMR","Americas","BHS",2010,44,"COUNTRY",6.804669401,5.209596875,8.52531343
"269","Bahamas","AMR","Americas","BHS",2021,44,"COUNTRY",6.908032337,5.510502082,8.512009656
"270","Bahamas","AMR","Americas","BHS",2017,44,"COUNTRY",7.565854657,5.921930694,9.34192462
"271","Bahamas","AMR","Americas","BHS",2015,44,"COUNTRY",7.389159995,5.837191184,9.019040874
"272","Bahamas","AMR","Americas","BHS",2011,44,"COUNTRY",6.959653719,5.332560581,8.610733079
"273","Bahamas","AMR","Americas","BHS",2004,44,"COUNTRY",6.631892666,5.120305686,8.259278725
"274","Bahamas","AMR","Americas","BHS",2009,44,"COUNTRY",6.851685118,5.195958979,8.486445455
"275","Bahamas","AMR","Americas","BHS",2001,44,"COUNTRY",7.307761859,5.798592313,9.02986373
"276","Bahamas","AMR","Americas","BHS",2012,44,"COUNTRY",7.123937181,5.49398366,8.804335626
"277","Bahrain","EMR","Eastern Mediterranean","BHR",2011,48,"COUNTRY",2.407764869,1.53770672,3.3702275
"278","Bahrain","EMR","Eastern Mediterranean","BHR",2018,48,"COUNTRY",1.581783039,0.775156812,2.508784485
"279","Bahrain","EMR","Eastern Mediterranean","BHR",2010,48,"COUNTRY",2.433263882,1.517994617,3.316532418
"280","Bahrain","EMR","Eastern Mediterranean","BHR",2015,48,"COUNTRY",1.9350231,1.112756502,2.827064566
"281","Bahrain","EMR","Eastern Mediterranean","BHR",2008,48,"COUNTRY",2.444190451,1.546205669,3.471168727
"282","Bahrain","EMR","Eastern Mediterranean","BHR",2007,48,"COUNTRY",2.359370835,1.543522869,3.375559687
"283","Bahrain","EMR","Eastern Mediterranean","BHR",2016,48,"COUNTRY",1.765514309,0.960037921,2.727125739
"284","Bahrain","EMR","Eastern Mediterranean","BHR",2019,48,"COUNTRY",1.59790859,0.830348578,2.449334976
"285","Bahrain","EMR","Eastern Mediterranean","BHR",2000,48,"COUNTRY",2.725936873,1.761890316,3.720094144
"286","Bahrain","EMR","Eastern Mediterranean","BHR",2012,48,"COUNTRY",2.282009742,1.409771153,3.225535067
"287","Bahrain","EMR","Eastern Mediterranean","BHR",2021,48,"COUNTRY",1.660288685,0.946924678,2.416368376
"288","Bahrain","EMR","Eastern Mediterranean","BHR",2001,48,"COUNTRY",2.725936873,1.761890316,3.720094144
"289","Bahrain","EMR","Eastern Mediterranean","BHR",2014,48,"COUNTRY",2.081468082,1.199788418,3.068580509
"290","Bahrain","EMR","Eastern Mediterranean","BHR",2009,48,"COUNTRY",2.545784251,1.638635424,3.510695207
"291","Bahrain","EMR","Eastern Mediterranean","BHR",2006,48,"COUNTRY",2.239181844,1.434996849,3.21347937
"292","Bahrain","EMR","Eastern Mediterranean","BHR",2017,48,"COUNTRY",1.613869285,0.808053975,2.523015122
"293","Bahrain","EMR","Eastern Mediterranean","BHR",2020,48,"COUNTRY",1.658012239,0.925747838,2.491623892
"294","Bahrain","EMR","Eastern Mediterranean","BHR",2004,48,"COUNTRY",2.323122828,1.468590861,3.246960948
"295","Bahrain","EMR","Eastern Mediterranean","BHR",2002,48,"COUNTRY",2.597726163,1.713091682,3.537848415
"296","Bahrain","EMR","Eastern Mediterranean","BHR",2022,48,"COUNTRY",1.660288685,0.946924678,2.416368376
"297","Bahrain","EMR","Eastern Mediterranean","BHR",2013,48,"COUNTRY",2.214796075,1.273682842,3.189129032
"298","Bahrain","EMR","Eastern Mediterranean","BHR",2005,48,"COUNTRY",2.26280223,1.328910001,3.171916066
"299","Bahrain","EMR","Eastern Mediterranean","BHR",2003,48,"COUNTRY",2.485933735,1.669698398,3.452146131
"300","Bangladesh","SEAR","South-East Asia","BGD",2002,50,"COUNTRY",0.003950828,0.002153427,0.044114713
"301","Bangladesh","SEAR","South-East Asia","BGD",2018,50,"COUNTRY",0.005222107,0.002172747,0.051016328
"302","Bangladesh","SEAR","South-East Asia","BGD",2010,50,"COUNTRY",0.00423755,0.001631549,0.046984041
"303","Bangladesh","SEAR","South-East Asia","BGD",2016,50,"COUNTRY",0.004744605,0.002203894,0.049931402
"304","Bangladesh","SEAR","South-East Asia","BGD",2001,50,"COUNTRY",0.003954131,0.001557899,0.043599502
"305","Bangladesh","SEAR","South-East Asia","BGD",2012,50,"COUNTRY",0.004383255,0.001937004,0.048980528
"306","Bangladesh","SEAR","South-East Asia","BGD",2013,50,"COUNTRY",0.004469638,0.002189723,0.047098206
"307","Bangladesh","SEAR","South-East Asia","BGD",2005,50,"COUNTRY",0.003988882,0.002224759,0.044093031
"308","Bangladesh","SEAR","South-East Asia","BGD",2008,50,"COUNTRY",0.004033842,0.001760618,0.049568108
"309","Bangladesh","SEAR","South-East Asia","BGD",2022,50,"COUNTRY",0.002880059,0.000935541,0.037903142
"310","Bangladesh","SEAR","South-East Asia","BGD",2017,50,"COUNTRY",0.004868062,0.002882489,0.052382655
"311","Bangladesh","SEAR","South-East Asia","BGD",2014,50,"COUNTRY",0.004561359,0.002781582,0.049779055
"312","Bangladesh","SEAR","South-East Asia","BGD",2006,50,"COUNTRY",0.003959426,0.001859721,0.044375317
"313","Bangladesh","SEAR","South-East Asia","BGD",2011,50,"COUNTRY",0.004301298,0.002010296,0.046065218
"314","Bangladesh","SEAR","South-East Asia","BGD",2015,50,"COUNTRY",0.004648314,0.001776673,0.052633964
"315","Bangladesh","SEAR","South-East Asia","BGD",2004,50,"COUNTRY",0.003985185,0.002045804,0.044606436
"316","Bangladesh","SEAR","South-East Asia","BGD",2000,50,"COUNTRY",0.003954131,0.001557899,0.043599502
"317","Bangladesh","SEAR","South-East Asia","BGD",2009,50,"COUNTRY",0.004120032,0.000810839,0.046976372
"318","Bangladesh","SEAR","South-East Asia","BGD",2021,50,"COUNTRY",0.002880059,0.000935541,0.037903142
"319","Bangladesh","SEAR","South-East Asia","BGD",2020,50,"COUNTRY",0.003928046,0.001273156,0.046099294
"320","Bangladesh","SEAR","South-East Asia","BGD",2007,50,"COUNTRY",0.003954523,0.001799764,0.045528297
"321","Bangladesh","SEAR","South-East Asia","BGD",2003,50,"COUNTRY",0.003980817,0.001851519,0.04564629
"322","Bangladesh","SEAR","South-East Asia","BGD",2019,50,"COUNTRY",0.004732211,0.002091354,0.049273047
"323","Barbados","AMR","Americas","BRB",2002,52,"COUNTRY",7.885605523,6.364839172,9.505402215
"324","Barbados","AMR","Americas","BRB",2006,52,"COUNTRY",8.453336797,6.811875708,10.139435621
"325","Barbados","AMR","Americas","BRB",2018,52,"COUNTRY",10.224429516,8.653123587,12.086642551
"326","Barbados","AMR","Americas","BRB",2008,52,"COUNTRY",8.73938245,7.117121419,10.497855751
"327","Barbados","AMR","Americas","BRB",2005,52,"COUNTRY",8.290478478,6.805224471,10.045495019
"328","Barbados","AMR","Americas","BRB",2004,52,"COUNTRY",8.10324465,6.521014667,9.874660035
"329","Barbados","AMR","Americas","BRB",2013,52,"COUNTRY",9.247906462,7.530182124,11.122044827
"330","Barbados","AMR","Americas","BRB",2007,52,"COUNTRY",8.699520869,7.04065066,10.420178556
"331","Barbados","AMR","Americas","BRB",2012,52,"COUNTRY",9.073196946,7.432558624,10.878726268
"332","Barbados","AMR","Americas","BRB",2011,52,"COUNTRY",8.913918638,7.212429108,10.725898139
"333","Barbados","AMR","Americas","BRB",2010,52,"COUNTRY",8.757500861,6.886248848,10.550639416
"334","Barbados","AMR","Americas","BRB",2021,52,"COUNTRY",9.49429899,7.8980262,11.279461988
"335","Barbados","AMR","Americas","BRB",2016,52,"COUNTRY",10.179704246,8.334784398,11.932153866
"336","Barbados","AMR","Americas","BRB",2014,52,"COUNTRY",9.490277586,7.686931261,11.340421504
"337","Barbados","AMR","Americas","BRB",2017,52,"COUNTRY",10.268654984,8.583886458,12.077715273
"338","Barbados","AMR","Americas","BRB",2000,52,"COUNTRY",7.71715546,6.282076912,9.416362643
"339","Barbados","AMR","Americas","BRB",2009,52,"COUNTRY",8.792025998,7.117942789,10.501681199
"340","Barbados","AMR","Americas","BRB",2015,52,"COUNTRY",9.881622089,8.129074624,11.594547207
"341","Barbados","AMR","Americas","BRB",2019,52,"COUNTRY",9.85083946,8.209758977,11.639407332
"342","Barbados","AMR","Americas","BRB",2003,52,"COUNTRY",8.027324353,6.566176401,9.599627092
"343","Barbados","AMR","Americas","BRB",2001,52,"COUNTRY",7.71715546,6.282076912,9.416362643
"344","Barbados","AMR","Americas","BRB",2022,52,"COUNTRY",9.49429899,7.8980262,11.279461988
"345","Barbados","AMR","Americas","BRB",2020,52,"COUNTRY",9.563170705,7.923092447,11.267952784
"346","Belarus","EUR","Europe","BLR",2022,112,"COUNTRY",11.404041109,9.755720062,13.171654815
"347","Belarus","EUR","Europe","BLR",2008,112,"COUNTRY",14.422588071,12.486547104,16.240689765
"348","Belarus","EUR","Europe","BLR",2013,112,"COUNTRY",12.749760385,10.96448675,14.657567162
"349","Belarus","EUR","Europe","BLR",2007,112,"COUNTRY",13.987129355,12.023093199,15.902769383
"350","Belarus","EUR","Europe","BLR",2004,112,"COUNTRY",12.165028469,10.5297677,13.97479607
"351","Belarus","EUR","Europe","BLR",2005,112,"COUNTRY",12.489173994,10.895393538,14.449239671
"352","Belarus","EUR","Europe","BLR",2019,112,"COUNTRY",10.816600815,9.120210792,12.546342015
"353","Belarus","EUR","Europe","BLR",2009,112,"COUNTRY",14.574805941,12.690187666,16.52869851
"354","Belarus","EUR","Europe","BLR",2012,112,"COUNTRY",13.783241725,11.982686837,15.703833812
"355","Belarus","EUR","Europe","BLR",2001,112,"COUNTRY",12.623913621,10.955740985,14.537012278
"356","Belarus","EUR","Europe","BLR",2002,112,"COUNTRY",12.055946028,10.515161508,13.880446754
"357","Belarus","EUR","Europe","BLR",2003,112,"COUNTRY",12.483308439,10.66790189,14.357014286
"358","Belarus","EUR","Europe","BLR",2021,112,"COUNTRY",11.404041109,9.755720062,13.171654815
"359","Belarus","EUR","Europe","BLR",2000,112,"COUNTRY",12.623913621,10.955740985,14.537012278
"360","Belarus","EUR","Europe","BLR",2015,112,"COUNTRY",10.655939044,9.025309285,12.282368815
"361","Belarus","EUR","Europe","BLR",2017,112,"COUNTRY",10.187212139,8.565356703,11.852915289
"362","Belarus","EUR","Europe","BLR",2014,112,"COUNTRY",11.57989807,9.92902564,13.273270999
"363","Belarus","EUR","Europe","BLR",2011,112,"COUNTRY",14.382686103,12.559723869,16.30653594
"364","Belarus","EUR","Europe","BLR",2010,112,"COUNTRY",14.555150703,12.643021489,16.454055694
"365","Belarus","EUR","Europe","BLR",2016,112,"COUNTRY",10.140629447,8.519890744,11.846869644
"366","Belarus","EUR","Europe","BLR",2006,112,"COUNTRY",12.927778677,11.169690732,14.774713771
"367","Belarus","EUR","Europe","BLR",2018,112,"COUNTRY",10.446484995,8.685891894,12.070446193
"368","Belarus","EUR","Europe","BLR",2020,112,"COUNTRY",11.200255511,9.441447725,13.100896444
"369","Belgium","EUR","Europe","BEL",2019,56,"COUNTRY",9.610797328,8.055435725,11.396127194
"370","Belgium","EUR","Europe","BEL",2000,56,"COUNTRY",12.206546528,10.344198141,14.104614537
"371","Belgium","EUR","Europe","BEL",2004,56,"COUNTRY",11.895871396,10.112715968,13.718028959
"372","Belgium","EUR","Europe","BEL",2006,56,"COUNTRY",11.622500391,9.923579226,13.438248157
"373","Belgium","EUR","Europe","BEL",2003,56,"COUNTRY",12.010379668,10.38201985,13.850546236
"374","Belgium","EUR","Europe","BEL",2021,56,"COUNTRY",8.74277214,7.201799761,10.267198466
"375","Belgium","EUR","Europe","BEL",2001,56,"COUNTRY",12.206546528,10.344198141,14.104614537
"376","Belgium","EUR","Europe","BEL",2012,56,"COUNTRY",10.898400406,9.13111214,12.757834716
"377","Belgium","EUR","Europe","BEL",2022,56,"COUNTRY",8.74277214,7.201799761,10.267198466
"378","Belgium","EUR","Europe","BEL",2008,56,"COUNTRY",11.184939092,9.40916601,12.997614161
"379","Belgium","EUR","Europe","BEL",2016,56,"COUNTRY",10.394035198,8.821011793,12.016813916
"380","Belgium","EUR","Europe","BEL",2007,56,"COUNTRY",11.451719284,9.764866619,13.072507584
"381","Belgium","EUR","Europe","BEL",2011,56,"COUNTRY",10.884894242,9.149097464,12.691594612
"382","Belgium","EUR","Europe","BEL",2015,56,"COUNTRY",10.808958379,9.137511486,12.41462066
"383","Belgium","EUR","Europe","BEL",2005,56,"COUNTRY",11.743249824,10.122815114,13.617329271
"384","Belgium","EUR","Europe","BEL",2013,56,"COUNTRY",11.031495601,9.321643848,12.812198784
"385","Belgium","EUR","Europe","BEL",2010,56,"COUNTRY",10.894400243,9.262685708,12.71750102
"386","Belgium","EUR","Europe","BEL",2002,56,"COUNTRY",12.142577238,10.296291902,13.950653036
"387","Belgium","EUR","Europe","BEL",2009,56,"COUNTRY",11.023616804,9.29876105,12.734123193
"388","Belgium","EUR","Europe","BEL",2020,56,"COUNTRY",9.215204423,7.525790765,10.823277508
"389","Belgium","EUR","Europe","BEL",2017,56,"COUNTRY",10.017255959,8.456122956,11.555498566
"390","Belgium","EUR","Europe","BEL",2018,56,"COUNTRY",9.914241331,8.28984258,11.498725763
"391","Belgium","EUR","Europe","BEL",2014,56,"COUNTRY",11.109330007,9.504110077,12.852522521
"392","Belize","AMR","Americas","BLZ",2002,84,"COUNTRY",6.111104444,4.900484418,7.512122228
"393","Belize","AMR","Americas","BLZ",2014,84,"COUNTRY",7.261595418,5.948720899,8.757436996
"394","Belize","AMR","Americas","BLZ",2017,84,"COUNTRY",6.716281978,5.322362234,8.083850671
"395","Belize","AMR","Americas","BLZ",2019,84,"COUNTRY",5.883853723,4.605850066,7.26447606
"396","Belize","AMR","Americas","BLZ",2012,84,"COUNTRY",7.272871957,5.900849364,8.735764077
"397","Belize","AMR","Americas","BLZ",2003,84,"COUNTRY",6.530594102,5.179565502,7.957728181
"398","Belize","AMR","Americas","BLZ",2008,84,"COUNTRY",7.91041502,6.401227819,9.455122021
"399","Belize","AMR","Americas","BLZ",2013,84,"COUNTRY",7.258707842,5.974276297,8.783875321
"400","Belize","AMR","Americas","BLZ",2006,84,"COUNTRY",7.547012088,6.014703149,8.967812626
"401","Belize","AMR","Americas","BLZ",2015,84,"COUNTRY",7.220128826,5.859342,8.693945347
"402","Belize","AMR","Americas","BLZ",2020,84,"COUNTRY",5.396717639,4.176125706,6.8037276
"403","Belize","AMR","Americas","BLZ",2001,84,"COUNTRY",5.832685765,4.619781611,7.177849414
"404","Belize","AMR","Americas","BLZ",2005,84,"COUNTRY",7.190114692,5.732482713,8.654043239
"405","Belize","AMR","Americas","BLZ",2010,84,"COUNTRY",7.44361426,5.983510647,8.97668779
"406","Belize","AMR","Americas","BLZ",2004,84,"COUNTRY",6.925287063,5.450926594,8.584469194
"407","Belize","AMR","Americas","BLZ",2011,84,"COUNTRY",7.376156779,6.054082545,8.870593207
"408","Belize","AMR","Americas","BLZ",2018,84,"COUNTRY",6.465556411,5.175938979,7.885220985
"409","Belize","AMR","Americas","BLZ",2022,84,"COUNTRY",5.068011583,3.923147089,6.40025228
"410","Belize","AMR","Americas","BLZ",2000,84,"COUNTRY",5.832685765,4.619781611,7.177849414
"411","Belize","AMR","Americas","BLZ",2021,84,"COUNTRY",5.068011583,3.923147089,6.40025228
"412","Belize","AMR","Americas","BLZ",2016,84,"COUNTRY",6.997378024,5.669242464,8.484945496
"413","Belize","AMR","Americas","BLZ",2009,84,"COUNTRY",7.688238335,6.170923802,9.264349312
"414","Belize","AMR","Americas","BLZ",2007,84,"COUNTRY",7.862560115,6.348077681,9.417816037
"415","Benin","AFR","Africa","BEN",2006,204,"COUNTRY",8.600027582,6.755984982,10.490972639
"416","Benin","AFR","Africa","BEN",2009,204,"COUNTRY",8.743829838,6.771256097,10.589685988
"417","Benin","AFR","Africa","BEN",2001,204,"COUNTRY",8.680075115,6.782747176,10.531371326
"418","Benin","AFR","Africa","BEN",2016,204,"COUNTRY",7.790454333,6.047462604,9.564234969
"419","Benin","AFR","Africa","BEN",2004,204,"COUNTRY",8.652509596,6.650899915,10.608769655
"420","Benin","AFR","Africa","BEN",2000,204,"COUNTRY",8.680075115,6.782747176,10.531371326
"421","Benin","AFR","Africa","BEN",2020,204,"COUNTRY",7.016622445,5.398276503,8.646019509
"422","Benin","AFR","Africa","BEN",2012,204,"COUNTRY",9.279713239,7.42990865,11.289618034
"423","Benin","AFR","Africa","BEN",2015,204,"COUNTRY",8.025065626,6.362491156,9.815294761
"424","Benin","AFR","Africa","BEN",2021,204,"COUNTRY",6.980106811,5.28533527,8.673392082
"425","Benin","AFR","Africa","BEN",2019,204,"COUNTRY",7.143929767,5.400397325,8.892481681
"426","Benin","AFR","Africa","BEN",2018,204,"COUNTRY",7.284860665,5.550494747,9.130575922
"427","Benin","AFR","Africa","BEN",2005,204,"COUNTRY",8.590973644,6.768139064,10.413713098
"428","Benin","AFR","Africa","BEN",2011,204,"COUNTRY",9.034143635,7.135612019,11.023032186
"429","Benin","AFR","Africa","BEN",2003,204,"COUNTRY",8.715128333,6.812557178,10.710715689
"430","Benin","AFR","Africa","BEN",2022,204,"COUNTRY",6.980106811,5.28533527,8.673392082
"431","Benin","AFR","Africa","BEN",2014,204,"COUNTRY",8.604592355,6.635845541,10.353357695
"432","Benin","AFR","Africa","BEN",2013,204,"COUNTRY",9.00557191,7.111709257,10.929085074
"433","Benin","AFR","Africa","BEN",2008,204,"COUNTRY",8.698409576,6.756492353,10.70463626
"434","Benin","AFR","Africa","BEN",2010,204,"COUNTRY",8.847741569,7.023210813,10.699218815
"435","Benin","AFR","Africa","BEN",2007,204,"COUNTRY",8.648768005,6.814719019,10.447312134
"436","Benin","AFR","Africa","BEN",2017,204,"COUNTRY",7.547606782,5.903403931,9.287291052
"437","Benin","AFR","Africa","BEN",2002,204,"COUNTRY",8.740153258,7.002589107,10.635998833
"438","Bhutan","SEAR","South-East Asia","BTN",2005,64,"COUNTRY",4.467574178,3.061728554,5.923351958
"439","Bhutan","SEAR","South-East Asia","BTN",2011,64,"COUNTRY",4.453264542,3.072557857,5.93400179
"440","Bhutan","SEAR","South-East Asia","BTN",2001,64,"COUNTRY",4.47264776,2.935074225,5.809222064
"441","Bhutan","SEAR","South-East Asia","BTN",2015,64,"COUNTRY",4.445719376,2.98315273,5.883203283
"442","Bhutan","SEAR","South-East Asia","BTN",2007,64,"COUNTRY",4.461114898,2.928225365,6.049394926
"443","Bhutan","SEAR","South-East Asia","BTN",2010,64,"COUNTRY",4.457456469,3.093517407,6.002999814
"444","Bhutan","SEAR","South-East Asia","BTN",2022,64,"COUNTRY",4.444108336,3.136045463,5.757218973
"445","Bhutan","SEAR","South-East Asia","BTN",2019,64,"COUNTRY",4.42433668,3.081651282,5.724237298
"446","Bhutan","SEAR","South-East Asia","BTN",2016,64,"COUNTRY",4.44592052,3.14830557,5.838984965
"447","Bhutan","SEAR","South-East Asia","BTN",2009,64,"COUNTRY",4.459136742,2.988090242,6.066482298
"448","Bhutan","SEAR","South-East Asia","BTN",2017,64,"COUNTRY",4.443520899,3.192123388,5.843293421
"449","Bhutan","SEAR","South-East Asia","BTN",2000,64,"COUNTRY",4.47264776,2.935074225,5.809222064
"450","Bhutan","SEAR","South-East Asia","BTN",2020,64,"COUNTRY",4.435093219,3.194086422,5.845478515
"451","Bhutan","SEAR","South-East Asia","BTN",2013,64,"COUNTRY",4.4470235,2.95543115,6.029228298
"452","Bhutan","SEAR","South-East Asia","BTN",2002,64,"COUNTRY",4.473276488,2.974006073,5.876100269
"453","Bhutan","SEAR","South-East Asia","BTN",2006,64,"COUNTRY",4.4645477,3.164813138,5.937323503
"454","Bhutan","SEAR","South-East Asia","BTN",2014,64,"COUNTRY",4.446970992,3.029922463,5.966403989
"455","Bhutan","SEAR","South-East Asia","BTN",2003,64,"COUNTRY",4.472620747,3.032045899,5.816098549
"456","Bhutan","SEAR","South-East Asia","BTN",2008,64,"COUNTRY",4.46012373,3.083268172,6.057952363
"457","Bhutan","SEAR","South-East Asia","BTN",2021,64,"COUNTRY",4.444108336,3.136045463,5.757218973
"458","Bhutan","SEAR","South-East Asia","BTN",2004,64,"COUNTRY",4.470494984,3.050778339,5.88548162
"459","Bhutan","SEAR","South-East Asia","BTN",2018,64,"COUNTRY",4.442447226,3.147292938,5.927439683
"460","Bhutan","SEAR","South-East Asia","BTN",2012,64,"COUNTRY",4.450274722,2.905870786,6.056196299
"461","Bolivia (Plurinational State of)","AMR","Americas","BOL",2008,68,"COUNTRY",4.409934853,3.316600271,5.672760592
"462","Bolivia (Plurinational State of)","AMR","Americas","BOL",2005,68,"COUNTRY",3.621198834,2.517615281,4.69441207
"463","Bolivia (Plurinational State of)","AMR","Americas","BOL",2006,68,"COUNTRY",3.873165677,2.749868481,5.124741244
"464","Bolivia (Plurinational State of)","AMR","Americas","BOL",2011,68,"COUNTRY",4.279293237,3.121351352,5.497479534
"465","Bolivia (Plurinational State of)","AMR","Americas","BOL",2019,68,"COUNTRY",3.707383456,2.63266739,4.856956082
"466","Bolivia (Plurinational State of)","AMR","Americas","BOL",2000,68,"COUNTRY",3.055378896,2.013946325,4.036829793
"467","Bolivia (Plurinational State of)","AMR","Americas","BOL",2010,68,"COUNTRY",4.417159644,3.199992547,5.629293562
"468","Bolivia (Plurinational State of)","AMR","Americas","BOL",2015,68,"COUNTRY",4.074074579,2.853647372,5.294406867
"469","Bolivia (Plurinational State of)","AMR","Americas","BOL",2017,68,"COUNTRY",3.962155508,2.892446313,5.154076611
"470","Bolivia (Plurinational State of)","AMR","Americas","BOL",2007,68,"COUNTRY",4.162274116,3.075511957,5.461204031
"471","Bolivia (Plurinational State of)","AMR","Americas","BOL",2001,68,"COUNTRY",3.055378896,2.013946325,4.036829793
"472","Bolivia (Plurinational State of)","AMR","Americas","BOL",2013,68,"COUNTRY",4.159136348,3.050348035,5.278275913
"473","Bolivia (Plurinational State of)","AMR","Americas","BOL",2009,68,"COUNTRY",4.477638334,3.360251877,5.776319639
"474","Bolivia (Plurinational State of)","AMR","Americas","BOL",2002,68,"COUNTRY",3.029477415,2.093984465,4.070902411
"475","Bolivia (Plurinational State of)","AMR","Americas","BOL",2016,68,"COUNTRY",4.025708604,2.972986444,5.234721891
"476","Bolivia (Plurinational State of)","AMR","Americas","BOL",2014,68,"COUNTRY",4.114964412,3.062112885,5.249046865
"477","Bolivia (Plurinational State of)","AMR","Americas","BOL",2018,68,"COUNTRY",3.883986463,2.847913884,5.016262048
"478","Bolivia (Plurinational State of)","AMR","Americas","BOL",2022,68,"COUNTRY",3.611479302,2.657285335,4.777909664
"479","Bolivia (Plurinational State of)","AMR","Americas","BOL",2020,68,"COUNTRY",3.64166069,2.578927774,4.818421177
"480","Bolivia (Plurinational State of)","AMR","Americas","BOL",2003,68,"COUNTRY",3.162898713,2.165625947,4.229195262
"481","Bolivia (Plurinational State of)","AMR","Americas","BOL",2004,68,"COUNTRY",3.350393754,2.23280743,4.443317294
"482","Bolivia (Plurinational State of)","AMR","Americas","BOL",2021,68,"COUNTRY",3.611479302,2.657285335,4.777909664
"483","Bolivia (Plurinational State of)","AMR","Americas","BOL",2012,68,"COUNTRY",4.212926332,3.141475331,5.331067943
"484","Bosnia and Herzegovina","EUR","Europe","BIH",2014,70,"COUNTRY",5.899751493,4.604380987,7.295908465
"485","Bosnia and Herzegovina","EUR","Europe","BIH",2022,70,"COUNTRY",6.328863822,4.911189928,7.822712678
"486","Bosnia and Herzegovina","EUR","Europe","BIH",2015,70,"COUNTRY",6.078096229,4.670919633,7.713104053
"487","Bosnia and Herzegovina","EUR","Europe","BIH",2001,70,"COUNTRY",4.696668053,3.427584436,6.058445357
"488","Bosnia and Herzegovina","EUR","Europe","BIH",2016,70,"COUNTRY",6.336726532,4.949484067,7.863071278
"489","Bosnia and Herzegovina","EUR","Europe","BIH",2008,70,"COUNTRY",5.923711075,4.491105975,7.282936068
"490","Bosnia and Herzegovina","EUR","Europe","BIH",2000,70,"COUNTRY",4.696668053,3.427584436,6.058445357
"491","Bosnia and Herzegovina","EUR","Europe","BIH",2018,70,"COUNTRY",6.491175331,5.184965424,7.823507582
"492","Bosnia and Herzegovina","EUR","Europe","BIH",2011,70,"COUNTRY",5.913090931,4.556889393,7.416155626
"493","Bosnia and Herzegovina","EUR","Europe","BIH",2005,70,"COUNTRY",5.408794799,4.169985707,6.855206035
"494","Bosnia and Herzegovina","EUR","Europe","BIH",2002,70,"COUNTRY",4.791099461,3.511585508,6.112108447
"495","Bosnia and Herzegovina","EUR","Europe","BIH",2020,70,"COUNTRY",6.197335819,4.761227667,7.52704463
"496","Bosnia and Herzegovina","EUR","Europe","BIH",2003,70,"COUNTRY",4.927168199,3.784917793,6.251553741
"497","Bosnia and Herzegovina","EUR","Europe","BIH",2006,70,"COUNTRY",5.691499972,4.477320267,7.131755011
"498","Bosnia and Herzegovina","EUR","Europe","BIH",2017,70,"COUNTRY",6.521263518,5.161368576,8.009636066
"499","Bosnia and Herzegovina","EUR","Europe","BIH",2013,70,"COUNTRY",5.914427472,4.602446353,7.470288687
"500","Bosnia and Herzegovina","EUR","Europe","BIH",2012,70,"COUNTRY",5.952285529,4.631342157,7.428911775
"501","Bosnia and Herzegovina","EUR","Europe","BIH",2010,70,"COUNTRY",5.816713826,4.466193273,7.405804548
"502","Bosnia and Herzegovina","EUR","Europe","BIH",2004,70,"COUNTRY",5.164266568,4.038153772,6.603627176
"503","Bosnia and Herzegovina","EUR","Europe","BIH",2009,70,"COUNTRY",5.854322183,4.515319819,7.265476628
"504","Bosnia and Herzegovina","EUR","Europe","BIH",2021,70,"COUNTRY",6.328863822,4.911189928,7.822712678
"505","Bosnia and Herzegovina","EUR","Europe","BIH",2007,70,"COUNTRY",5.893600549,4.628970899,7.290201101
"506","Bosnia and Herzegovina","EUR","Europe","BIH",2019,70,"COUNTRY",6.268011285,4.932934897,7.610498455
"507","Botswana","AFR","Africa","BWA",2008,72,"COUNTRY",5.213037963,3.968022434,6.594671925
"508","Botswana","AFR","Africa","BWA",2005,72,"COUNTRY",5.48523938,4.202310515,6.908071722
"509","Botswana","AFR","Africa","BWA",2021,72,"COUNTRY",6.043486605,4.766458178,7.42817205
"510","Botswana","AFR","Africa","BWA",2011,72,"COUNTRY",5.20242463,4.002417902,6.535269496
"511","Botswana","AFR","Africa","BWA",2013,72,"COUNTRY",4.951574372,3.696563608,6.249291713
"512","Botswana","AFR","Africa","BWA",2019,72,"COUNTRY",6.347632652,5.105288724,7.69240924
"513","Botswana","AFR","Africa","BWA",2020,72,"COUNTRY",6.062919751,4.781306801,7.452695125
"514","Botswana","AFR","Africa","BWA",2006,72,"COUNTRY",5.525392356,4.314920324,6.962930011
"515","Botswana","AFR","Africa","BWA",2012,72,"COUNTRY",5.026762555,3.858460765,6.327251601
"516","Botswana","AFR","Africa","BWA",2007,72,"COUNTRY",5.358361603,4.129153733,6.681315969
"517","Botswana","AFR","Africa","BWA",2017,72,"COUNTRY",6.260206885,4.978938171,7.585445953
"518","Botswana","AFR","Africa","BWA",2002,72,"COUNTRY",5.584606418,4.362245177,7.060102534
"519","Botswana","AFR","Africa","BWA",2004,72,"COUNTRY",5.447743108,4.211440301,6.720003165
"520","Botswana","AFR","Africa","BWA",2015,72,"COUNTRY",5.818730073,4.552917934,7.214410654
"521","Botswana","AFR","Africa","BWA",2001,72,"COUNTRY",5.535410614,4.304740691,6.879627606
"522","Botswana","AFR","Africa","BWA",2000,72,"COUNTRY",5.535410614,4.304740691,6.879627606
"523","Botswana","AFR","Africa","BWA",2010,72,"COUNTRY",5.387895919,4.133311857,6.657674098
"524","Botswana","AFR","Africa","BWA",2016,72,"COUNTRY",5.947711092,4.730532126,7.269827897
"525","Botswana","AFR","Africa","BWA",2018,72,"COUNTRY",6.531474201,5.304717731,7.89796961
"526","Botswana","AFR","Africa","BWA",2003,72,"COUNTRY",5.482157097,4.247183953,6.730713565
"527","Botswana","AFR","Africa","BWA",2022,72,"COUNTRY",6.043486605,4.766458178,7.42817205
"528","Botswana","AFR","Africa","BWA",2014,72,"COUNTRY",5.353269599,4.091290489,6.748630717
"529","Botswana","AFR","Africa","BWA",2009,72,"COUNTRY",5.102447499,3.856270744,6.319367756
"530","Brazil","AMR","Americas","BRA",2005,76,"COUNTRY",9.577809154,7.926791848,11.349419767
"531","Brazil","AMR","Americas","BRA",2014,76,"COUNTRY",9.21972132,7.555419017,10.886958521
"532","Brazil","AMR","Americas","BRA",2002,76,"COUNTRY",7.310048803,5.882194948,8.898883178
"533","Brazil","AMR","Americas","BRA",2018,76,"COUNTRY",9.806137744,8.226228471,11.447751497
"534","Brazil","AMR","Americas","BRA",2011,76,"COUNTRY",10.417393996,8.812014007,12.156709168
"535","Brazil","AMR","Americas","BRA",2020,76,"COUNTRY",9.51737795,7.940944924,11.161914096
"536","Brazil","AMR","Americas","BRA",2003,76,"COUNTRY",7.777822093,6.260546324,9.190963916
"537","Brazil","AMR","Americas","BRA",2006,76,"COUNTRY",9.96486062,8.45127767,11.775358535
"538","Brazil","AMR","Americas","BRA",2007,76,"COUNTRY",10.31482326,8.678849248,12.0177953
"539","Brazil","AMR","Americas","BRA",2013,76,"COUNTRY",9.54856198,7.895944006,11.188885616
"540","Brazil","AMR","Americas","BRA",2017,76,"COUNTRY",9.754019165,8.125318485,11.43605731
"541","Brazil","AMR","Americas","BRA",2019,76,"COUNTRY",9.842813809,8.220772742,11.498485253
"542","Brazil","AMR","Americas","BRA",2016,76,"COUNTRY",9.384223275,7.817475579,11.045744449
"543","Brazil","AMR","Americas","BRA",2010,76,"COUNTRY",10.404978353,8.738974467,12.089686965
"544","Brazil","AMR","Americas","BRA",2015,76,"COUNTRY",9.367401704,7.803545294,11.080987504
"545","Brazil","AMR","Americas","BRA",2004,76,"COUNTRY",8.145561175,6.524806246,9.691467061
"546","Brazil","AMR","Americas","BRA",2021,76,"COUNTRY",9.382006573,7.784128904,11.087800281
"547","Brazil","AMR","Americas","BRA",2000,76,"COUNTRY",7.018669844,5.53035927,8.672541477
"548","Brazil","AMR","Americas","BRA",2008,76,"COUNTRY",9.831522696,8.199774653,11.54117364
"549","Brazil","AMR","Americas","BRA",2012,76,"COUNTRY",10.133754107,8.505042675,11.878113014
"550","Brazil","AMR","Americas","BRA",2022,76,"COUNTRY",9.382006573,7.784128904,11.087800281
"551","Brazil","AMR","Americas","BRA",2009,76,"COUNTRY",10.033856876,8.326255369,11.65231772
"552","Brazil","AMR","Americas","BRA",2001,76,"COUNTRY",7.018669844,5.53035927,8.672541477
"553","Brunei Darussalam","WPR","Western Pacific","BRN",2004,96,"COUNTRY",0.110416422,0.042548481,0.323059098
"554","Brunei Darussalam","WPR","Western Pacific","BRN",2006,96,"COUNTRY",0.515176097,0.199320868,0.940151156
"555","Brunei Darussalam","WPR","Western Pacific","BRN",2005,96,"COUNTRY",0.277836766,0.092408961,0.622878849
"556","Brunei Darussalam","WPR","Western Pacific","BRN",2019,96,"COUNTRY",0.706046906,0.348700201,1.184754264
"557","Brunei Darussalam","WPR","Western Pacific","BRN",2011,96,"COUNTRY",0.677197095,0.299822148,1.190968752
"558","Brunei Darussalam","WPR","Western Pacific","BRN",2016,96,"COUNTRY",0.706046906,0.331378247,1.189509847
"559","Brunei Darussalam","WPR","Western Pacific","BRN",2003,96,"COUNTRY",0.106240331,0.037360023,0.324842123
"560","Brunei Darussalam","WPR","Western Pacific","BRN",2008,96,"COUNTRY",0.553040071,0.222055366,1.052370905
"561","Brunei Darussalam","WPR","Western Pacific","BRN",2017,96,"COUNTRY",0.706046906,0.360577278,1.199144612
"562","Brunei Darussalam","WPR","Western Pacific","BRN",2020,96,"COUNTRY",0.706046906,0.350199551,1.200628362
"563","Brunei Darussalam","WPR","Western Pacific","BRN",2001,96,"COUNTRY",0.296585169,0.121667962,0.623207303
"564","Brunei Darussalam","WPR","Western Pacific","BRN",2018,96,"COUNTRY",0.706046906,0.338011329,1.215415926
"565","Brunei Darussalam","WPR","Western Pacific","BRN",2002,96,"COUNTRY",0.218068446,0.083733051,0.509849739
"566","Brunei Darussalam","WPR","Western Pacific","BRN",2009,96,"COUNTRY",0.364950376,0.139758009,0.753967197
"567","Brunei Darussalam","WPR","Western Pacific","BRN",2010,96,"COUNTRY",0.448659841,0.184888784,0.863176869
"568","Brunei Darussalam","WPR","Western Pacific","BRN",2015,96,"COUNTRY",0.706046906,0.354616817,1.18550388
"569","Brunei Darussalam","WPR","Western Pacific","BRN",2014,96,"COUNTRY",0.709916481,0.360243819,1.205416149
"570","Brunei Darussalam","WPR","Western Pacific","BRN",2007,96,"COUNTRY",0.678219988,0.321628579,1.158535087
"571","Brunei Darussalam","WPR","Western Pacific","BRN",2013,96,"COUNTRY",0.779872954,0.374798922,1.33419753
"572","Brunei Darussalam","WPR","Western Pacific","BRN",2021,96,"COUNTRY",0.706046906,0.361197624,1.231435532
"573","Brunei Darussalam","WPR","Western Pacific","BRN",2022,96,"COUNTRY",0.706046906,0.361197624,1.231435532
"574","Brunei Darussalam","WPR","Western Pacific","BRN",2012,96,"COUNTRY",0.836968389,0.39275562,1.42058566
"575","Brunei Darussalam","WPR","Western Pacific","BRN",2000,96,"COUNTRY",0.296585169,0.121667962,0.623207303
"576","Bulgaria","EUR","Europe","BGR",2010,100,"COUNTRY",11.156319944,9.410539969,12.850494286
"577","Bulgaria","EUR","Europe","BGR",2022,100,"COUNTRY",11.541502876,9.68602582,13.307598778
"578","Bulgaria","EUR","Europe","BGR",2018,100,"COUNTRY",11.60283386,9.842806286,13.397004453
"579","Bulgaria","EUR","Europe","BGR",2006,100,"COUNTRY",10.944982841,9.263681283,12.788934442
"580","Bulgaria","EUR","Europe","BGR",2002,100,"COUNTRY",10.423631598,8.659672016,12.08705492
"581","Bulgaria","EUR","Europe","BGR",2013,100,"COUNTRY",11.194401749,9.525764805,13.232284238
"582","Bulgaria","EUR","Europe","BGR",2012,100,"COUNTRY",11.391130679,9.519511913,13.321862403
"583","Bulgaria","EUR","Europe","BGR",2003,100,"COUNTRY",10.553538732,8.831777445,12.247520082
"584","Bulgaria","EUR","Europe","BGR",2017,100,"COUNTRY",11.620003602,9.908504306,13.522570767
"585","Bulgaria","EUR","Europe","BGR",2009,100,"COUNTRY",11.166379464,9.347692693,12.819870062
"586","Bulgaria","EUR","Europe","BGR",2005,100,"COUNTRY",10.78145728,8.942539602,12.524649709
"587","Bulgaria","EUR","Europe","BGR",2015,100,"COUNTRY",11.14337212,9.360252429,12.882049662
"588","Bulgaria","EUR","Europe","BGR",2008,100,"COUNTRY",11.230084481,9.486905807,12.985473237
"589","Bulgaria","EUR","Europe","BGR",2007,100,"COUNTRY",11.217573307,9.445746049,13.1097771
"590","Bulgaria","EUR","Europe","BGR",2014,100,"COUNTRY",11.065719458,9.36435036,12.970926237
"591","Bulgaria","EUR","Europe","BGR",2021,100,"COUNTRY",11.541502876,9.68602582,13.307598778
"592","Bulgaria","EUR","Europe","BGR",2001,100,"COUNTRY",10.272349927,8.619546202,12.022531246
"593","Bulgaria","EUR","Europe","BGR",2020,100,"COUNTRY",11.444485257,9.564980949,13.373109064
"594","Bulgaria","EUR","Europe","BGR",2019,100,"COUNTRY",11.49782983,9.677912746,13.272093363
"595","Bulgaria","EUR","Europe","BGR",2011,100,"COUNTRY",11.299025224,9.465618142,13.117369336
"596","Bulgaria","EUR","Europe","BGR",2004,100,"COUNTRY",10.651282733,8.741608309,12.446578076
"597","Bulgaria","EUR","Europe","BGR",2000,100,"COUNTRY",10.272349927,8.619546202,12.022531246
"598","Bulgaria","EUR","Europe","BGR",2016,100,"COUNTRY",11.400013546,9.599193385,13.185572606
"599","Burkina Faso","AFR","Africa","BFA",2001,854,"COUNTRY",17.475384152,15.1394222,20.107032176
"600","Burkina Faso","AFR","Africa","BFA",2009,854,"COUNTRY",17.526149468,14.790027225,20.178111751
"601","Burkina Faso","AFR","Africa","BFA",2013,854,"COUNTRY",16.143705801,13.754429709,18.566816844
"602","Burkina Faso","AFR","Africa","BFA",2006,854,"COUNTRY",17.514609544,15.065931826,20.099144827
"603","Burkina Faso","AFR","Africa","BFA",2022,854,"COUNTRY",7.457267587,5.760805436,9.144835251
"604","Burkina Faso","AFR","Africa","BFA",2000,854,"COUNTRY",17.475384152,15.1394222,20.107032176
"605","Burkina Faso","AFR","Africa","BFA",2010,854,"COUNTRY",17.81614787,15.342223018,20.293139069
"606","Burkina Faso","AFR","Africa","BFA",2003,854,"COUNTRY",17.483781303,14.905073289,20.069395861
"607","Burkina Faso","AFR","Africa","BFA",2008,854,"COUNTRY",17.524380216,15.038547733,20.171823452
"608","Burkina Faso","AFR","Africa","BFA",2011,854,"COUNTRY",17.240211721,14.711156514,19.732608442
"609","Burkina Faso","AFR","Africa","BFA",2015,854,"COUNTRY",16.248399767,13.689417523,18.683168392
"610","Burkina Faso","AFR","Africa","BFA",2018,854,"COUNTRY",12.732663143,10.552196779,14.9801757
"611","Burkina Faso","AFR","Africa","BFA",2002,854,"COUNTRY",17.47595683,14.982081382,20.107932875
"612","Burkina Faso","AFR","Africa","BFA",2012,854,"COUNTRY",16.723185228,14.066353946,19.485216444
"613","Burkina Faso","AFR","Africa","BFA",2020,854,"COUNTRY",7.50832678,5.813189352,9.360610233
"614","Burkina Faso","AFR","Africa","BFA",2016,854,"COUNTRY",15.629798216,13.175096519,18.096372027
"615","Burkina Faso","AFR","Africa","BFA",2005,854,"COUNTRY",17.501149631,14.952176912,20.048739026
"616","Burkina Faso","AFR","Africa","BFA",2007,854,"COUNTRY",17.51953693,14.895612048,20.197157614
"617","Burkina Faso","AFR","Africa","BFA",2021,854,"COUNTRY",7.457267587,5.760805436,9.144835251
"618","Burkina Faso","AFR","Africa","BFA",2017,854,"COUNTRY",15.451650853,12.984400066,17.789562968
"619","Burkina Faso","AFR","Africa","BFA",2004,854,"COUNTRY",17.48909424,14.733544152,20.154348892
"620","Burkina Faso","AFR","Africa","BFA",2014,854,"COUNTRY",16.285789175,13.663562926,18.77610277
"621","Burkina Faso","AFR","Africa","BFA",2019,854,"COUNTRY",10.268955511,8.378398776,12.191989144
"622","Burundi","AFR","Africa","BDI",2019,108,"COUNTRY",4.459135997,3.220059969,5.772863274
"623","Burundi","AFR","Africa","BDI",2013,108,"COUNTRY",4.147745825,2.923889908,5.385426033
"624","Burundi","AFR","Africa","BDI",2005,108,"COUNTRY",6.193570293,4.751473685,7.610414896
"625","Burundi","AFR","Africa","BDI",2020,108,"COUNTRY",4.442348089,3.237018831,5.690574204
"626","Burundi","AFR","Africa","BDI",2000,108,"COUNTRY",6.070466813,4.636362599,7.537186475
"627","Burundi","AFR","Africa","BDI",2004,108,"COUNTRY",6.092863388,4.655013172,7.521416656
"628","Burundi","AFR","Africa","BDI",2003,108,"COUNTRY",6.025219624,4.615356894,7.477748956
"629","Burundi","AFR","Africa","BDI",2011,108,"COUNTRY",5.318552727,3.988750115,6.643419477
"630","Burundi","AFR","Africa","BDI",2012,108,"COUNTRY",4.739940512,3.512409971,6.005864762
"631","Burundi","AFR","Africa","BDI",2006,108,"COUNTRY",6.284576333,4.810021213,7.688973797
"632","Burundi","AFR","Africa","BDI",2008,108,"COUNTRY",6.344087551,4.86036317,7.82309914
"633","Burundi","AFR","Africa","BDI",2002,108,"COUNTRY",5.948941078,4.544353159,7.444104598
"634","Burundi","AFR","Africa","BDI",2015,108,"COUNTRY",4.350450521,3.147935357,5.670315503
"635","Burundi","AFR","Africa","BDI",2021,108,"COUNTRY",4.536042423,3.358765019,5.813250937
"636","Burundi","AFR","Africa","BDI",2018,108,"COUNTRY",4.383549875,3.238316712,5.578956229
"637","Burundi","AFR","Africa","BDI",2022,108,"COUNTRY",4.536042423,3.358765019,5.813250937
"638","Burundi","AFR","Africa","BDI",2017,108,"COUNTRY",4.437676649,3.338321404,5.720001868
"639","Burundi","AFR","Africa","BDI",2007,108,"COUNTRY",6.366397544,4.855041648,7.815349665
"640","Burundi","AFR","Africa","BDI",2001,108,"COUNTRY",6.070466813,4.636362599,7.537186475
"641","Burundi","AFR","Africa","BDI",2014,108,"COUNTRY",4.450501593,3.297441712,5.644969556
"642","Burundi","AFR","Africa","BDI",2009,108,"COUNTRY",6.35409181,4.763918146,7.838906404
"643","Burundi","AFR","Africa","BDI",2010,108,"COUNTRY",6.250764982,4.816262672,7.773892075
"644","Burundi","AFR","Africa","BDI",2016,108,"COUNTRY",4.389621427,3.20524936,5.621545288
"645","Cabo Verde","AFR","Africa","CPV",2014,132,"COUNTRY",3.574300454,2.462149656,4.68063535
"646","Cabo Verde","AFR","Africa","CPV",2013,132,"COUNTRY",3.31841002,2.277889385,4.472779693
"647","Cabo Verde","AFR","Africa","CPV",2019,132,"COUNTRY",4.29776941,3.124965556,5.664475516
"648","Cabo Verde","AFR","Africa","CPV",2017,132,"COUNTRY",4.455382859,3.217725515,5.78898253
"649","Cabo Verde","AFR","Africa","CPV",2007,132,"COUNTRY",4.171734815,2.997904122,5.414235489
"650","Cabo Verde","AFR","Africa","CPV",2002,132,"COUNTRY",3.825514463,2.744972175,4.908859264
"651","Cabo Verde","AFR","Africa","CPV",2010,132,"COUNTRY",3.847553778,2.800851792,5.053254375
"652","Cabo Verde","AFR","Africa","CPV",2001,132,"COUNTRY",3.413457523,2.478045079,4.514578112
"653","Cabo Verde","AFR","Africa","CPV",2003,132,"COUNTRY",4.104721622,2.970008349,5.28293365
"654","Cabo Verde","AFR","Africa","CPV",2009,132,"COUNTRY",3.925663756,2.836470471,5.123556459
"655","Cabo Verde","AFR","Africa","CPV",2020,132,"COUNTRY",4.139960652,3.074063816,5.353191265
"656","Cabo Verde","AFR","Africa","CPV",2005,132,"COUNTRY",4.221367025,3.075123014,5.453114887
"657","Cabo Verde","AFR","Africa","CPV",2012,132,"COUNTRY",3.432409993,2.379883724,4.642384359
"658","Cabo Verde","AFR","Africa","CPV",2004,132,"COUNTRY",4.392576424,3.255545236,5.631702655
"659","Cabo Verde","AFR","Africa","CPV",2008,132,"COUNTRY",4.052838313,2.876603727,5.28609348
"660","Cabo Verde","AFR","Africa","CPV",2011,132,"COUNTRY",3.637063878,2.676198028,4.780812832
"661","Cabo Verde","AFR","Africa","CPV",2021,132,"COUNTRY",3.829821333,2.69191996,4.946964064
"662","Cabo Verde","AFR","Africa","CPV",2006,132,"COUNTRY",4.185420871,3.063734871,5.37655431
"663","Cabo Verde","AFR","Africa","CPV",2015,132,"COUNTRY",4.072363775,2.901831081,5.308096007
"664","Cabo Verde","AFR","Africa","CPV",2016,132,"COUNTRY",4.363410886,3.147564339,5.687174061
"665","Cabo Verde","AFR","Africa","CPV",2000,132,"COUNTRY",3.413457523,2.478045079,4.514578112
"666","Cabo Verde","AFR","Africa","CPV",2018,132,"COUNTRY",4.338423864,3.185171611,5.652415777
"667","Cabo Verde","AFR","Africa","CPV",2022,132,"COUNTRY",3.829821333,2.69191996,4.946964064
"668","Cambodia","WPR","Western Pacific","KHM",2012,116,"COUNTRY",3.085480892,2.161050055,4.192537232
"669","Cambodia","WPR","Western Pacific","KHM",2004,116,"COUNTRY",1.226321725,0.681129241,1.861228804
"670","Cambodia","WPR","Western Pacific","KHM",2021,116,"COUNTRY",5.398220413,4.232651728,6.68654477
"671","Cambodia","WPR","Western Pacific","KHM",2022,116,"COUNTRY",5.398220413,4.232651728,6.68654477
"672","Cambodia","WPR","Western Pacific","KHM",2014,116,"COUNTRY",3.704428987,2.759372759,4.762791542
"673","Cambodia","WPR","Western Pacific","KHM",2009,116,"COUNTRY",2.040134468,1.32971411,2.893650833
"674","Cambodia","WPR","Western Pacific","KHM",2005,116,"COUNTRY",1.359316271,0.790967593,2.042523174
"675","Cambodia","WPR","Western Pacific","KHM",2001,116,"COUNTRY",0.871514213,0.464481465,1.419870719
"676","Cambodia","WPR","Western Pacific","KHM",2003,116,"COUNTRY",1.085292029,0.578569284,1.712965435
"677","Cambodia","WPR","Western Pacific","KHM",2011,116,"COUNTRY",2.849870226,1.958774881,3.782356363
"678","Cambodia","WPR","Western Pacific","KHM",2002,116,"COUNTRY",0.970264179,0.470582177,1.57113488
"679","Cambodia","WPR","Western Pacific","KHM",2020,116,"COUNTRY",5.713192817,4.549087097,7.02074653
"680","Cambodia","WPR","Western Pacific","KHM",2019,116,"COUNTRY",5.951841779,4.705972686,7.288174136
"681","Cambodia","WPR","Western Pacific","KHM",2018,116,"COUNTRY",6.132323063,4.88397256,7.40635069
"682","Cambodia","WPR","Western Pacific","KHM",2015,116,"COUNTRY",4.168857816,3.101414904,5.258865947
"683","Cambodia","WPR","Western Pacific","KHM",2006,116,"COUNTRY",1.509513129,0.925606831,2.245729805
"684","Cambodia","WPR","Western Pacific","KHM",2000,116,"COUNTRY",0.871514213,0.464481465,1.419870719
"685","Cambodia","WPR","Western Pacific","KHM",2007,116,"COUNTRY",1.601446481,1.013376652,2.373326295
"686","Cambodia","WPR","Western Pacific","KHM",2013,116,"COUNTRY",3.359228575,2.41432074,4.454116935
"687","Cambodia","WPR","Western Pacific","KHM",2016,116,"COUNTRY",4.691492727,3.565822869,5.91029652
"688","Cambodia","WPR","Western Pacific","KHM",2008,116,"COUNTRY",1.703660305,1.053031108,2.539302702
"689","Cambodia","WPR","Western Pacific","KHM",2017,116,"COUNTRY",5.270585591,4.042382091,6.558110344
"690","Cambodia","WPR","Western Pacific","KHM",2010,116,"COUNTRY",2.446543866,1.686195783,3.395816418
"691","Cameroon","AFR","Africa","CMR",2007,120,"COUNTRY",6.18950833,4.435468888,7.984698132
"692","Cameroon","AFR","Africa","CMR",2021,120,"COUNTRY",7.966839404,6.038764567,9.829416492
"693","Cameroon","AFR","Africa","CMR",2005,120,"COUNTRY",6.232672084,4.496037069,8.137248099
"694","Cameroon","AFR","Africa","CMR",2001,120,"COUNTRY",6.276750353,4.515332187,7.98604516
"695","Cameroon","AFR","Africa","CMR",2011,120,"COUNTRY",6.751272359,4.931631775,8.681536246
"696","Cameroon","AFR","Africa","CMR",2022,120,"COUNTRY",7.966839404,6.038764567,9.829416492
"697","Cameroon","AFR","Africa","CMR",2000,120,"COUNTRY",6.276750353,4.515332187,7.98604516
"698","Cameroon","AFR","Africa","CMR",2020,120,"COUNTRY",7.963095733,6.032189032,9.836976368
"699","Cameroon","AFR","Africa","CMR",2010,120,"COUNTRY",6.630928011,4.839880629,8.436380187
"700","Cameroon","AFR","Africa","CMR",2003,120,"COUNTRY",6.425507742,4.666558976,8.279655894
"701","Cameroon","AFR","Africa","CMR",2015,120,"COUNTRY",6.851750716,5.050441714,8.536610087
"702","Cameroon","AFR","Africa","CMR",2008,120,"COUNTRY",6.40726146,4.629725992,8.214784706
"703","Cameroon","AFR","Africa","CMR",2016,120,"COUNTRY",6.638235926,4.791346502,8.535442194
"704","Cameroon","AFR","Africa","CMR",2019,120,"COUNTRY",7.483253694,5.759044326,9.241513458
"705","Cameroon","AFR","Africa","CMR",2014,120,"COUNTRY",7.117041304,5.279821141,8.952642582
"706","Cameroon","AFR","Africa","CMR",2018,120,"COUNTRY",7.19541157,5.380116289,9.065880178
"707","Cameroon","AFR","Africa","CMR",2004,120,"COUNTRY",6.334224394,4.604896745,8.200866764
"708","Cameroon","AFR","Africa","CMR",2006,120,"COUNTRY",6.124579889,4.493806208,7.924170346
"709","Cameroon","AFR","Africa","CMR",2013,120,"COUNTRY",7.240350051,5.498159052,9.184740787
"710","Cameroon","AFR","Africa","CMR",2017,120,"COUNTRY",6.621603722,4.78776099,8.365148753
"711","Cameroon","AFR","Africa","CMR",2002,120,"COUNTRY",6.377654994,4.621052257,8.179902446
"712","Cameroon","AFR","Africa","CMR",2012,120,"COUNTRY",6.990479934,5.20332753,8.85943571
"713","Cameroon","AFR","Africa","CMR",2009,120,"COUNTRY",6.551149361,4.729158994,8.339941657
"714","Canada","AMR","Americas","CAN",2018,124,"COUNTRY",9.977613897,8.272065233,11.755165106
"715","Canada","AMR","Americas","CAN",2004,124,"COUNTRY",9.804197319,7.842767472,11.649964005
"716","Canada","AMR","Americas","CAN",2008,124,"COUNTRY",10.309875568,8.474790415,12.077482566
"717","Canada","AMR","Americas","CAN",2017,124,"COUNTRY",9.998386201,8.199053158,11.823209915
"718","Canada","AMR","Americas","CAN",2016,124,"COUNTRY",10.054666703,8.188274998,11.918364605
"719","Canada","AMR","Americas","CAN",2002,124,"COUNTRY",9.479567745,7.718222697,11.197804967
"720","Canada","AMR","Americas","CAN",2019,124,"COUNTRY",10.04232579,8.355677947,11.959921814
"721","Canada","AMR","Americas","CAN",2001,124,"COUNTRY",9.393109585,7.555716114,11.089114431
"722","Canada","AMR","Americas","CAN",2011,124,"COUNTRY",10.177189859,8.285770658,11.888272632
"723","Canada","AMR","Americas","CAN",2009,124,"COUNTRY",10.257845285,8.411071182,12.148926281
"724","Canada","AMR","Americas","CAN",2014,124,"COUNTRY",9.979380455,8.248386997,11.817006159
"725","Canada","AMR","Americas","CAN",2007,124,"COUNTRY",10.27411664,8.372834303,12.068538362
"726","Canada","AMR","Americas","CAN",2015,124,"COUNTRY",10.015022037,8.100130631,11.727374157
"727","Canada","AMR","Americas","CAN",2012,124,"COUNTRY",10.109367683,8.33030127,11.843107341
"728","Canada","AMR","Americas","CAN",2006,124,"COUNTRY",10.179311401,8.174347214,12.222885771
"729","Canada","AMR","Americas","CAN",2003,124,"COUNTRY",9.601233795,7.846634655,11.433408409
"730","Canada","AMR","Americas","CAN",2013,124,"COUNTRY",10.012861243,8.32262846,11.747633207
"731","Canada","AMR","Americas","CAN",2020,124,"COUNTRY",10.092340067,8.312118548,12.058375012
"732","Canada","AMR","Americas","CAN",2000,124,"COUNTRY",9.393109585,7.555716114,11.089114431
"733","Canada","AMR","Americas","CAN",2005,124,"COUNTRY",10.014529235,8.077188831,11.913282778
"734","Canada","AMR","Americas","CAN",2021,124,"COUNTRY",10.027116292,8.240286284,11.989732936
"735","Canada","AMR","Americas","CAN",2022,124,"COUNTRY",10.027116292,8.240286284,11.989732936
"736","Canada","AMR","Americas","CAN",2010,124,"COUNTRY",10.225445268,8.336605009,12.151782719
"737","Central African Republic","AFR","Africa","CAF",2009,140,"COUNTRY",2.421379554,1.605603676,3.36757005
"738","Central African Republic","AFR","Africa","CAF",2014,140,"COUNTRY",2.140803664,1.329900224,3.015032464
"739","Central African Republic","AFR","Africa","CAF",2013,140,"COUNTRY",2.182958122,1.408920301,3.07828553
"740","Central African Republic","AFR","Africa","CAF",2002,140,"COUNTRY",2.445496495,1.590987836,3.435355713
"741","Central African Republic","AFR","Africa","CAF",2020,140,"COUNTRY",2.107821892,1.322032846,2.934791876
"742","Central African Republic","AFR","Africa","CAF",2006,140,"COUNTRY",2.358525358,1.532519158,3.32219163
"743","Central African Republic","AFR","Africa","CAF",2010,140,"COUNTRY",2.381665136,1.565959324,3.343351262
"744","Central African Republic","AFR","Africa","CAF",2007,140,"COUNTRY",2.400822462,1.588663863,3.420194595
"745","Central African Republic","AFR","Africa","CAF",2012,140,"COUNTRY",2.264993963,1.416915667,3.146101878
"746","Central African Republic","AFR","Africa","CAF",2022,140,"COUNTRY",2.107944107,1.374234648,2.969443236
"747","Central African Republic","AFR","Africa","CAF",2005,140,"COUNTRY",2.346826109,1.497810681,3.320338472
"748","Central African Republic","AFR","Africa","CAF",2004,140,"COUNTRY",2.352959699,1.563898846,3.242461017
"749","Central African Republic","AFR","Africa","CAF",2000,140,"COUNTRY",2.514079827,1.690492526,3.434574399
"750","Central African Republic","AFR","Africa","CAF",2003,140,"COUNTRY",2.390492113,1.543786849,3.276353028
"751","Central African Republic","AFR","Africa","CAF",2017,140,"COUNTRY",2.243171079,1.468933579,3.19130401
"752","Central African Republic","AFR","Africa","CAF",2019,140,"COUNTRY",2.136223597,1.317322291,2.967936848
"753","Central African Republic","AFR","Africa","CAF",2018,140,"COUNTRY",2.190471639,1.369064542,3.059479213
"754","Central African Republic","AFR","Africa","CAF",2015,140,"COUNTRY",2.198237813,1.368942708,3.145095973
"755","Central African Republic","AFR","Africa","CAF",2021,140,"COUNTRY",2.107944107,1.374234648,2.969443236
"756","Central African Republic","AFR","Africa","CAF",2008,140,"COUNTRY",2.417901283,1.619911497,3.376895511
"757","Central African Republic","AFR","Africa","CAF",2016,140,"COUNTRY",2.252513588,1.421799609,3.237478451
"758","Central African Republic","AFR","Africa","CAF",2001,140,"COUNTRY",2.514079827,1.690492526,3.434574399
"759","Central African Republic","AFR","Africa","CAF",2011,140,"COUNTRY",2.361605019,1.534508077,3.318136003
"760","Chad","AFR","Africa","TCD",2005,148,"COUNTRY",3.206339459,1.834616521,4.540375137
"761","Chad","AFR","Africa","TCD",2014,148,"COUNTRY",4.571493124,3.017870273,6.140476858
"762","Chad","AFR","Africa","TCD",2020,148,"COUNTRY",3.122725522,1.743461981,4.475784872
"763","Chad","AFR","Africa","TCD",2004,148,"COUNTRY",3.250624957,1.924866326,4.593384131
"764","Chad","AFR","Africa","TCD",2013,148,"COUNTRY",4.419348358,2.856519704,5.972281102
"765","Chad","AFR","Africa","TCD",2002,148,"COUNTRY",3.122020873,1.848588254,4.458195916
"766","Chad","AFR","Africa","TCD",2017,148,"COUNTRY",4.090090889,2.677205951,5.519704734
"767","Chad","AFR","Africa","TCD",2019,148,"COUNTRY",3.396097931,1.942726931,4.820489029
"768","Chad","AFR","Africa","TCD",2006,148,"COUNTRY",3.281839687,1.887623653,4.585086889
"769","Chad","AFR","Africa","TCD",2010,148,"COUNTRY",3.856593096,2.466531032,5.309722936
"770","Chad","AFR","Africa","TCD",2007,148,"COUNTRY",3.404329502,1.999388712,4.809555955
"771","Chad","AFR","Africa","TCD",2012,148,"COUNTRY",4.237440861,2.740114393,5.804389067
"772","Chad","AFR","Africa","TCD",2021,148,"COUNTRY",3.017081885,1.7535183,4.345704263
"773","Chad","AFR","Africa","TCD",2018,148,"COUNTRY",3.749903173,2.306644533,5.273015846
"774","Chad","AFR","Africa","TCD",2003,148,"COUNTRY",3.22167431,1.783873627,4.671968569
"775","Chad","AFR","Africa","TCD",2015,148,"COUNTRY",4.611580604,3.013637718,6.202719459
"776","Chad","AFR","Africa","TCD",2011,148,"COUNTRY",4.035663437,2.518207824,5.508987625
"777","Chad","AFR","Africa","TCD",2022,148,"COUNTRY",3.017081885,1.7535183,4.345704263
"778","Chad","AFR","Africa","TCD",2009,148,"COUNTRY",3.686113956,2.263993518,5.189794166
"779","Chad","AFR","Africa","TCD",2001,148,"COUNTRY",2.955941422,1.815135322,4.285289418
"780","Chad","AFR","Africa","TCD",2000,148,"COUNTRY",2.955941422,1.815135322,4.285289418
"781","Chad","AFR","Africa","TCD",2008,148,"COUNTRY",3.563522572,2.167429275,5.01126548
"782","Chad","AFR","Africa","TCD",2016,148,"COUNTRY",4.392346434,2.870155721,5.931886323
"783","Chile","AMR","Americas","CHL",2019,152,"COUNTRY",7.366765077,6.041574259,8.90159162
"784","Chile","AMR","Americas","CHL",2021,152,"COUNTRY",7.929030561,6.466641546,9.436972429
"785","Chile","AMR","Americas","CHL",2005,152,"COUNTRY",7.588063199,6.183986175,9.023551433
"786","Chile","AMR","Americas","CHL",2007,152,"COUNTRY",7.847922873,6.475828658,9.267204266
"787","Chile","AMR","Americas","CHL",2008,152,"COUNTRY",7.958861607,6.457597962,9.536982032
"788","Chile","AMR","Americas","CHL",2013,152,"COUNTRY",8.307424059,6.85943258,9.854075748
"789","Chile","AMR","Americas","CHL",2012,152,"COUNTRY",8.011872549,6.640024475,9.588247771
"790","Chile","AMR","Americas","CHL",2003,152,"COUNTRY",6.773734828,5.450019034,8.158507425
"791","Chile","AMR","Americas","CHL",2009,152,"COUNTRY",8.010829393,6.523169968,9.473965875
"792","Chile","AMR","Americas","CHL",2020,152,"COUNTRY",7.91044537,6.552837221,9.446439711
"793","Chile","AMR","Americas","CHL",2017,152,"COUNTRY",6.581213291,5.190222929,7.961711464
"794","Chile","AMR","Americas","CHL",2004,152,"COUNTRY",7.276823331,5.879918791,8.738890997
"795","Chile","AMR","Americas","CHL",2011,152,"COUNTRY",8.125548766,6.702355843,9.731204621
"796","Chile","AMR","Americas","CHL",2006,152,"COUNTRY",7.940425539,6.532241554,9.478823505
"797","Chile","AMR","Americas","CHL",2002,152,"COUNTRY",6.70253215,5.364395807,8.092975987
"798","Chile","AMR","Americas","CHL",2001,152,"COUNTRY",6.658857603,5.385002052,8.011440731
"799","Chile","AMR","Americas","CHL",2010,152,"COUNTRY",7.909383888,6.457441652,9.41602427
"800","Chile","AMR","Americas","CHL",2015,152,"COUNTRY",7.860607653,6.487958325,9.430019319
"801","Chile","AMR","Americas","CHL",2000,152,"COUNTRY",6.658857603,5.385002052,8.011440731
"802","Chile","AMR","Americas","CHL",2016,152,"COUNTRY",7.110227503,5.776677898,8.540088575
"803","Chile","AMR","Americas","CHL",2022,152,"COUNTRY",7.929030561,6.466641546,9.436972429
"804","Chile","AMR","Americas","CHL",2014,152,"COUNTRY",8.152529248,6.773106029,9.564101695
"805","Chile","AMR","Americas","CHL",2018,152,"COUNTRY",6.839851846,5.538333767,8.265289939
"806","China","WPR","Western Pacific","CHN",2018,156,"COUNTRY",5.843557437,4.562068229,7.200321205
"807","China","WPR","Western Pacific","CHN",2013,156,"COUNTRY",7.33418728,5.8475953,8.730116422
"808","China","WPR","Western Pacific","CHN",2007,156,"COUNTRY",4.302825004,3.214468491,5.623114863
"809","China","WPR","Western Pacific","CHN",2005,156,"COUNTRY",3.510144631,2.440002256,4.619657327
"810","China","WPR","Western Pacific","CHN",2004,156,"COUNTRY",3.309321251,2.313781764,4.439912498
"811","China","WPR","Western Pacific","CHN",2016,156,"COUNTRY",7.348750036,5.971686612,8.850877598
"812","China","WPR","Western Pacific","CHN",2017,156,"COUNTRY",6.682065562,5.382517231,8.048345108
"813","China","WPR","Western Pacific","CHN",2010,156,"COUNTRY",6.025242432,4.647851724,7.487080277
"814","China","WPR","Western Pacific","CHN",2002,156,"COUNTRY",3.427888383,2.447106286,4.514912227
"815","China","WPR","Western Pacific","CHN",2009,156,"COUNTRY",5.367587383,4.10673321,6.700896003
"816","China","WPR","Western Pacific","CHN",2019,156,"COUNTRY",5.09513218,3.884998264,6.289078969
"817","China","WPR","Western Pacific","CHN",2006,156,"COUNTRY",3.884381923,2.783261384,5.079587295
"818","China","WPR","Western Pacific","CHN",2021,156,"COUNTRY",4.519235093,3.320104219,5.75858088
"819","China","WPR","Western Pacific","CHN",2000,156,"COUNTRY",3.683034769,2.669847989,4.888489729
"820","China","WPR","Western Pacific","CHN",2012,156,"COUNTRY",7.081653119,5.63414392,8.580717364
"821","China","WPR","Western Pacific","CHN",2001,156,"COUNTRY",3.683034769,2.669847989,4.888489729
"822","China","WPR","Western Pacific","CHN",2020,156,"COUNTRY",4.773747047,3.583501031,6.021142428
"823","China","WPR","Western Pacific","CHN",2014,156,"COUNTRY",7.463385977,6.033196928,8.968176443
"824","China","WPR","Western Pacific","CHN",2003,156,"COUNTRY",3.297574309,2.273778465,4.384695463
"825","China","WPR","Western Pacific","CHN",2015,156,"COUNTRY",7.527342797,6.006519402,8.974603585
"826","China","WPR","Western Pacific","CHN",2008,156,"COUNTRY",4.794251436,3.540297845,6.085806116
"827","China","WPR","Western Pacific","CHN",2022,156,"COUNTRY",4.519235093,3.320104219,5.75858088
"828","China","WPR","Western Pacific","CHN",2011,156,"COUNTRY",6.643958118,5.229774746,8.08378672
"829","Colombia","AMR","Americas","COL",2007,170,"COUNTRY",4.316854301,3.242507415,5.362270112
"830","Colombia","AMR","Americas","COL",2013,170,"COUNTRY",4.139618422,3.143806287,5.213535621
"831","Colombia","AMR","Americas","COL",2006,170,"COUNTRY",4.321679524,3.188447545,5.442009723
"832","Colombia","AMR","Americas","COL",2008,170,"COUNTRY",4.239041968,3.185445908,5.370576495
"833","Colombia","AMR","Americas","COL",2000,170,"COUNTRY",4.976068328,3.840427944,6.237395701
"834","Colombia","AMR","Americas","COL",2020,170,"COUNTRY",4.080118077,3.007940632,5.240846071
"835","Colombia","AMR","Americas","COL",2009,170,"COUNTRY",4.109218903,3.067511215,5.207489476
"836","Colombia","AMR","Americas","COL",2004,170,"COUNTRY",4.302440217,3.234653712,5.500713969
"837","Colombia","AMR","Americas","COL",2005,170,"COUNTRY",4.270544735,3.2219841,5.399748262
"838","Colombia","AMR","Americas","COL",2001,170,"COUNTRY",4.976068328,3.840427944,6.237395701
"839","Colombia","AMR","Americas","COL",2018,170,"COUNTRY",4.11703747,3.073837797,5.270372693
"840","Colombia","AMR","Americas","COL",2017,170,"COUNTRY",4.150075586,3.109753272,5.329901718
"841","Colombia","AMR","Americas","COL",2016,170,"COUNTRY",4.131007782,3.014605497,5.33547918
"842","Colombia","AMR","Americas","COL",2012,170,"COUNTRY",4.191501569,3.122811337,5.248565363
"843","Colombia","AMR","Americas","COL",2014,170,"COUNTRY",4.093367976,3.093254193,5.118467862
"844","Colombia","AMR","Americas","COL",2019,170,"COUNTRY",3.936196941,2.877427526,5.044448684
"845","Colombia","AMR","Americas","COL",2021,170,"COUNTRY",4.321593605,3.206429748,5.501180727
"846","Colombia","AMR","Americas","COL",2002,170,"COUNTRY",4.762835345,3.619946259,5.978618415
"847","Colombia","AMR","Americas","COL",2010,170,"COUNTRY",4.109210994,2.948686103,5.23735625
"848","Colombia","AMR","Americas","COL",2003,170,"COUNTRY",4.564455764,3.437630476,5.680237426
"849","Colombia","AMR","Americas","COL",2022,170,"COUNTRY",4.321593605,3.206429748,5.501180727
"850","Colombia","AMR","Americas","COL",2015,170,"COUNTRY",4.117234169,3.077206871,5.18756627
"851","Colombia","AMR","Americas","COL",2011,170,"COUNTRY",4.150984535,3.032656246,5.300778597
"852","Comoros","AFR","Africa","COM",2017,174,"COUNTRY",0.253982709,0.102655091,0.585636481
"853","Comoros","AFR","Africa","COM",2007,174,"COUNTRY",0.220591408,0.080027344,0.515415911
"854","Comoros","AFR","Africa","COM",2013,174,"COUNTRY",0.220968284,0.089591805,0.523867279
"855","Comoros","AFR","Africa","COM",2010,174,"COUNTRY",0.216185616,0.069683244,0.526780246
"856","Comoros","AFR","Africa","COM",2019,174,"COUNTRY",0.30775018,0.127287421,0.654817281
"857","Comoros","AFR","Africa","COM",2018,174,"COUNTRY",0.286746933,0.117452556,0.625905201
"858","Comoros","AFR","Africa","COM",2000,174,"COUNTRY",0.216633034,0.083696789,0.512848994
"859","Comoros","AFR","Africa","COM",2006,174,"COUNTRY",0.219767736,0.070727725,0.530761721
"860","Comoros","AFR","Africa","COM",2005,174,"COUNTRY",0.218447901,0.08332391,0.535991274
"861","Comoros","AFR","Africa","COM",2014,174,"COUNTRY",0.215490305,0.079551449,0.524969248
"862","Comoros","AFR","Africa","COM",2004,174,"COUNTRY",0.217414211,0.077258499,0.506826893
"863","Comoros","AFR","Africa","COM",2022,174,"COUNTRY",0.413972511,0.189792868,0.810277285
"864","Comoros","AFR","Africa","COM",2012,174,"COUNTRY",0.221736557,0.083556918,0.535037911
"865","Comoros","AFR","Africa","COM",2009,174,"COUNTRY",0.223021657,0.079527225,0.535284997
"866","Comoros","AFR","Africa","COM",2011,174,"COUNTRY",0.209178117,0.079454594,0.517192728
"867","Comoros","AFR","Africa","COM",2001,174,"COUNTRY",0.216633034,0.083696789,0.512848994
"868","Comoros","AFR","Africa","COM",2008,174,"COUNTRY",0.221956941,0.079418148,0.505788359
"869","Comoros","AFR","Africa","COM",2020,174,"COUNTRY",0.374180785,0.142361403,0.747889981
"870","Comoros","AFR","Africa","COM",2016,174,"COUNTRY",0.230913843,0.08776946,0.547527669
"871","Comoros","AFR","Africa","COM",2021,174,"COUNTRY",0.413972511,0.189792868,0.810277285
"872","Comoros","AFR","Africa","COM",2002,174,"COUNTRY",0.216522185,0.081447696,0.49885532
"873","Comoros","AFR","Africa","COM",2003,174,"COUNTRY",0.216713125,0.075667203,0.513712494
"874","Comoros","AFR","Africa","COM",2015,174,"COUNTRY",0.206746706,0.06842789,0.506190741
"875","Congo","AFR","Africa","COG",2005,178,"COUNTRY",3.030665329,2.03759429,4.024432877
"876","Congo","AFR","Africa","COG",2001,178,"COUNTRY",2.718459129,1.863976058,3.711065156
"877","Congo","AFR","Africa","COG",2014,178,"COUNTRY",5.12768663,3.944058502,6.410498662
"878","Congo","AFR","Africa","COG",2013,178,"COUNTRY",5.064273648,3.82073575,6.282441622
"879","Congo","AFR","Africa","COG",2004,178,"COUNTRY",2.862609843,1.909301618,3.833490111
"880","Congo","AFR","Africa","COG",2010,178,"COUNTRY",4.664860182,3.555633706,5.899751952
"881","Congo","AFR","Africa","COG",2019,178,"COUNTRY",6.244832213,4.986467153,7.738364913
"882","Congo","AFR","Africa","COG",2011,178,"COUNTRY",4.885237669,3.67224245,6.214285307
"883","Congo","AFR","Africa","COG",2012,178,"COUNTRY",4.990647415,3.695643179,6.28438789
"884","Congo","AFR","Africa","COG",2015,178,"COUNTRY",5.583806569,4.31339125,7.030625696
"885","Congo","AFR","Africa","COG",2000,178,"COUNTRY",2.718459129,1.863976058,3.711065156
"886","Congo","AFR","Africa","COG",2006,178,"COUNTRY",3.352351522,2.41359112,4.502995206
"887","Congo","AFR","Africa","COG",2022,178,"COUNTRY",6.35144875,4.994455978,7.738370324
"888","Congo","AFR","Africa","COG",2009,178,"COUNTRY",4.361633111,3.192380462,5.586919204
"889","Congo","AFR","Africa","COG",2007,178,"COUNTRY",3.731276007,2.668185671,4.776125903
"890","Congo","AFR","Africa","COG",2008,178,"COUNTRY",4.036652511,2.903829937,5.083408049
"891","Congo","AFR","Africa","COG",2016,178,"COUNTRY",6.04442999,4.633672105,7.501658666
"892","Congo","AFR","Africa","COG",2003,178,"COUNTRY",2.863023385,1.927489129,3.848898749
"893","Congo","AFR","Africa","COG",2002,178,"COUNTRY",2.789738775,1.920144463,3.741208071
"894","Congo","AFR","Africa","COG",2020,178,"COUNTRY",6.265177802,5.090465154,7.726472225
"895","Congo","AFR","Africa","COG",2017,178,"COUNTRY",6.457669126,5.144342927,7.860703668
"896","Congo","AFR","Africa","COG",2021,178,"COUNTRY",6.35144875,4.994455978,7.738370324
"897","Congo","AFR","Africa","COG",2018,178,"COUNTRY",6.424292843,5.123050845,7.876862325
"898","Costa Rica","AMR","Americas","CRI",2001,188,"COUNTRY",3.991675569,2.989644176,5.121671585
"899","Costa Rica","AMR","Americas","CRI",2002,188,"COUNTRY",3.932929551,2.910884008,5.001359148
"900","Costa Rica","AMR","Americas","CRI",2013,188,"COUNTRY",3.443398887,2.448231704,4.49047249
"901","Costa Rica","AMR","Americas","CRI",2006,188,"COUNTRY",4.047670706,2.964284884,5.212355894
"902","Costa Rica","AMR","Americas","CRI",2019,188,"COUNTRY",3.47941537,2.524172777,4.545836481
"903","Costa Rica","AMR","Americas","CRI",2003,188,"COUNTRY",3.909636228,2.891090272,4.999840973
"904","Costa Rica","AMR","Americas","CRI",2014,188,"COUNTRY",3.438930209,2.44185612,4.497515487
"905","Costa Rica","AMR","Americas","CRI",2010,188,"COUNTRY",3.768735137,2.744780641,4.850476729
"906","Costa Rica","AMR","Americas","CRI",2005,188,"COUNTRY",3.980876275,2.980776765,5.122385826
"907","Costa Rica","AMR","Americas","CRI",2009,188,"COUNTRY",3.966597803,2.938317448,5.102893506
"908","Costa Rica","AMR","Americas","CRI",2020,188,"COUNTRY",3.563990663,2.626126183,4.643816404
"909","Costa Rica","AMR","Americas","CRI",2015,188,"COUNTRY",3.547974444,2.567955164,4.595170391
"910","Costa Rica","AMR","Americas","CRI",2000,188,"COUNTRY",3.991675569,2.989644176,5.121671585
"911","Costa Rica","AMR","Americas","CRI",2018,188,"COUNTRY",3.489894387,2.491047767,4.588237994
"912","Costa Rica","AMR","Americas","CRI",2004,188,"COUNTRY",3.923422609,2.908988636,5.008604413
"913","Costa Rica","AMR","Americas","CRI",2021,188,"COUNTRY",3.798156508,2.803015584,4.831847081
"914","Costa Rica","AMR","Americas","CRI",2022,188,"COUNTRY",3.798156508,2.803015584,4.831847081
"915","Costa Rica","AMR","Americas","CRI",2011,188,"COUNTRY",3.585426625,2.579396503,4.684093217
"916","Costa Rica","AMR","Americas","CRI",2012,188,"COUNTRY",3.483029747,2.486000647,4.550033113
"917","Costa Rica","AMR","Americas","CRI",2016,188,"COUNTRY",3.569731459,2.602324087,4.655004581
"918","Costa Rica","AMR","Americas","CRI",2017,188,"COUNTRY",3.599591825,2.653193387,4.610863839
"919","Costa Rica","AMR","Americas","CRI",2007,188,"COUNTRY",4.109655048,2.938312219,5.300491259
"920","Costa Rica","AMR","Americas","CRI",2008,188,"COUNTRY",4.122367544,2.982337191,5.240509173
"921","Croatia","EUR","Europe","HRV",2008,191,"COUNTRY",11.916631431,10.057913073,14.017240431
"922","Croatia","EUR","Europe","HRV",2022,191,"COUNTRY",10.8467002,9.135991989,12.783823603
"923","Croatia","EUR","Europe","HRV",2018,191,"COUNTRY",10.710265961,8.899278793,12.507732636
"924","Croatia","EUR","Europe","HRV",2010,191,"COUNTRY",11.443396323,9.52180098,13.282745488
"925","Croatia","EUR","Europe","HRV",2004,191,"COUNTRY",11.808106843,10.124448861,13.693374206
"926","Croatia","EUR","Europe","HRV",2015,191,"COUNTRY",10.689520037,8.748114501,12.55481616
"927","Croatia","EUR","Europe","HRV",2014,191,"COUNTRY",10.889030186,9.146190539,12.693269873
"928","Croatia","EUR","Europe","HRV",2013,191,"COUNTRY",11.063584171,9.366647584,12.900020818
"929","Croatia","EUR","Europe","HRV",2012,191,"COUNTRY",11.379766884,9.554601124,13.207236563
"930","Croatia","EUR","Europe","HRV",2006,191,"COUNTRY",11.964839662,10.137312278,13.789631749
"931","Croatia","EUR","Europe","HRV",2019,191,"COUNTRY",10.753116535,8.912421777,12.60151397
"932","Croatia","EUR","Europe","HRV",2001,191,"COUNTRY",11.862913805,9.902466732,13.807884582
"933","Croatia","EUR","Europe","HRV",2003,191,"COUNTRY",11.829218849,9.994626542,13.781423129
"934","Croatia","EUR","Europe","HRV",2016,191,"COUNTRY",10.619100726,8.779589541,12.596889173
"935","Croatia","EUR","Europe","HRV",2011,191,"COUNTRY",11.342749326,9.47463459,13.14698415
"936","Croatia","EUR","Europe","HRV",2000,191,"COUNTRY",11.862913805,9.902466732,13.807884582
"937","Croatia","EUR","Europe","HRV",2017,191,"COUNTRY",10.594416941,8.828027166,12.414161247
"938","Croatia","EUR","Europe","HRV",2020,191,"COUNTRY",10.809773884,9.06668893,12.737160585
"939","Croatia","EUR","Europe","HRV",2009,191,"COUNTRY",11.583437112,9.798188706,13.542075986
"940","Croatia","EUR","Europe","HRV",2002,191,"COUNTRY",11.889268922,10.068956969,13.874586085
"941","Croatia","EUR","Europe","HRV",2005,191,"COUNTRY",11.817607114,10.119206756,13.688054284
"942","Croatia","EUR","Europe","HRV",2007,191,"COUNTRY",12.043959696,10.192658263,13.927988358
"943","Croatia","EUR","Europe","HRV",2021,191,"COUNTRY",10.8467002,9.135991989,12.783823603
"944","Cuba","AMR","Americas","CUB",2000,192,"COUNTRY",5.575401658,4.151466996,6.935312878
"945","Cuba","AMR","Americas","CUB",2011,192,"COUNTRY",5.745109186,4.353026338,7.134175035
"946","Cuba","AMR","Americas","CUB",2014,192,"COUNTRY",6.009798773,4.617464121,7.373852576
"947","Cuba","AMR","Americas","CUB",2020,192,"COUNTRY",5.84470709,4.377567263,7.301508082
"948","Cuba","AMR","Americas","CUB",2019,192,"COUNTRY",6.058446782,4.652850436,7.444251646
"949","Cuba","AMR","Americas","CUB",2016,192,"COUNTRY",6.131640849,4.703874893,7.602777748
"950","Cuba","AMR","Americas","CUB",2003,192,"COUNTRY",5.88522082,4.50307105,7.410577948
"951","Cuba","AMR","Americas","CUB",2022,192,"COUNTRY",5.632535193,4.192460357,7.097277047
"952","Cuba","AMR","Americas","CUB",2002,192,"COUNTRY",5.750225834,4.39230917,7.218727053
"953","Cuba","AMR","Americas","CUB",2017,192,"COUNTRY",6.163853747,4.7236568,7.570493847
"954","Cuba","AMR","Americas","CUB",2008,192,"COUNTRY",5.762493269,4.381431391,7.139305971
"955","Cuba","AMR","Americas","CUB",2004,192,"COUNTRY",6.030076795,4.696743882,7.466615781
"956","Cuba","AMR","Americas","CUB",2001,192,"COUNTRY",5.575401658,4.151466996,6.935312878
"957","Cuba","AMR","Americas","CUB",2013,192,"COUNTRY",5.876488505,4.59354252,7.272748379
"958","Cuba","AMR","Americas","CUB",2005,192,"COUNTRY",5.966534002,4.642860609,7.393550495
"959","Cuba","AMR","Americas","CUB",2006,192,"COUNTRY",5.895414813,4.596737876,7.332458831
"960","Cuba","AMR","Americas","CUB",2012,192,"COUNTRY",5.786632546,4.409267619,7.171464359
"961","Cuba","AMR","Americas","CUB",2010,192,"COUNTRY",5.688898833,4.295619938,6.981310849
"962","Cuba","AMR","Americas","CUB",2021,192,"COUNTRY",5.632535193,4.192460357,7.097277047
"963","Cuba","AMR","Americas","CUB",2007,192,"COUNTRY",5.832939059,4.536682548,7.30412383
"964","Cuba","AMR","Americas","CUB",2018,192,"COUNTRY",6.234829608,4.82524054,7.7150631
"965","Cuba","AMR","Americas","CUB",2015,192,"COUNTRY",6.084090585,4.715842615,7.528350681
"966","Cuba","AMR","Americas","CUB",2009,192,"COUNTRY",5.740262478,4.405376142,7.123416139
"967","Cyprus","EUR","Europe","CYP",2002,196,"COUNTRY",7.109311352,5.408891615,8.705249386
"968","Cyprus","EUR","Europe","CYP",2014,196,"COUNTRY",5.828404257,4.439992403,7.293061726
"969","Cyprus","EUR","Europe","CYP",2021,196,"COUNTRY",5.208172964,3.97667016,6.530528323
"970","Cyprus","EUR","Europe","CYP",2004,196,"COUNTRY",7.032575006,5.408938956,8.632697939
"971","Cyprus","EUR","Europe","CYP",2018,196,"COUNTRY",6.134981382,4.645274628,7.66971471
"972","Cyprus","EUR","Europe","CYP",2016,196,"COUNTRY",5.979347008,4.548527996,7.443042046
"973","Cyprus","EUR","Europe","CYP",2008,196,"COUNTRY",6.671852026,5.114362314,8.221670466
"974","Cyprus","EUR","Europe","CYP",2010,196,"COUNTRY",6.495327878,5.042962529,8.050551549
"975","Cyprus","EUR","Europe","CYP",2022,196,"COUNTRY",5.208172964,3.97667016,6.530528323
"976","Cyprus","EUR","Europe","CYP",2003,196,"COUNTRY",7.142592271,5.56380898,8.754144314
"977","Cyprus","EUR","Europe","CYP",2012,196,"COUNTRY",6.172602096,4.7003796,7.703075116
"978","Cyprus","EUR","Europe","CYP",2000,196,"COUNTRY",7.002129775,5.277571764,8.637420773
"979","Cyprus","EUR","Europe","CYP",2005,196,"COUNTRY",6.787934223,5.275765757,8.332044421
"980","Cyprus","EUR","Europe","CYP",2009,196,"COUNTRY",6.649043151,5.130763974,8.243249725
"981","Cyprus","EUR","Europe","CYP",2001,196,"COUNTRY",7.002129775,5.277571764,8.637420773
"982","Cyprus","EUR","Europe","CYP",2017,196,"COUNTRY",6.117151999,4.627243652,7.798063042
"983","Cyprus","EUR","Europe","CYP",2020,196,"COUNTRY",5.393510127,4.074905595,6.758596172
"984","Cyprus","EUR","Europe","CYP",2007,196,"COUNTRY",6.644542246,5.119627871,8.160652317
"985","Cyprus","EUR","Europe","CYP",2006,196,"COUNTRY",6.572217595,5.090107073,8.114706557
"986","Cyprus","EUR","Europe","CYP",2011,196,"COUNTRY",6.421474742,4.948116442,8.094701686
"987","Cyprus","EUR","Europe","CYP",2015,196,"COUNTRY",5.88225086,4.54185053,7.383131377
"988","Cyprus","EUR","Europe","CYP",2019,196,"COUNTRY",5.789407117,4.408304346,7.30642209
"989","Cyprus","EUR","Europe","CYP",2013,196,"COUNTRY",5.973881627,4.514126759,7.399901814
"990","Czechia","EUR","Europe","CZE",2017,203,"COUNTRY",13.728839092,11.957714054,15.737524227
"991","Czechia","EUR","Europe","CZE",2016,203,"COUNTRY",13.664491871,11.855073596,15.700880002
"992","Czechia","EUR","Europe","CZE",2005,203,"COUNTRY",14.384947375,12.347919687,16.27778315
"993","Czechia","EUR","Europe","CZE",2008,203,"COUNTRY",14.443873864,12.441050293,16.397899445
"994","Czechia","EUR","Europe","CZE",2019,203,"COUNTRY",13.749325892,11.923683148,15.814296468
"995","Czechia","EUR","Europe","CZE",2011,203,"COUNTRY",13.576211972,11.780115015,15.574952403
"996","Czechia","EUR","Europe","CZE",2021,203,"COUNTRY",13.683374607,11.810064275,15.577180136
"997","Czechia","EUR","Europe","CZE",2000,203,"COUNTRY",14.659948436,12.775878767,16.665822037
"998","Czechia","EUR","Europe","CZE",2020,203,"COUNTRY",13.644992887,11.919926501,15.518817789
"999","Czechia","EUR","Europe","CZE",2018,203,"COUNTRY",13.770419551,11.950090623,15.668987155
"1000","Czechia","EUR","Europe","CZE",2003,203,"COUNTRY",14.557763065,12.680294537,16.571871221
"1001","Czechia","EUR","Europe","CZE",2022,203,"COUNTRY",13.683374607,11.810064275,15.577180136
"1002","Czechia","EUR","Europe","CZE",2006,203,"COUNTRY",14.499791491,12.566772712,16.404924321
"1003","Czechia","EUR","Europe","CZE",2002,203,"COUNTRY",14.6438306,12.714342324,16.717362891
"1004","Czechia","EUR","Europe","CZE",2009,203,"COUNTRY",14.093715574,12.127922829,15.985287385
"1005","Czechia","EUR","Europe","CZE",2007,203,"COUNTRY",14.486144975,12.344584072,16.513733316
"1006","Czechia","EUR","Europe","CZE",2014,203,"COUNTRY",13.558740293,11.755558589,15.518185317
"1007","Czechia","EUR","Europe","CZE",2015,203,"COUNTRY",13.67545507,11.723947113,15.642073564
"1008","Czechia","EUR","Europe","CZE",2013,203,"COUNTRY",13.585799056,11.872040263,15.607823976
"1009","Czechia","EUR","Europe","CZE",2004,203,"COUNTRY",14.498770269,12.274624116,16.519629274
"1010","Czechia","EUR","Europe","CZE",2001,203,"COUNTRY",14.659948436,12.775878767,16.665822037
"1011","Czechia","EUR","Europe","CZE",2012,203,"COUNTRY",13.529079157,11.57092446,15.594864817
"1012","Czechia","EUR","Europe","CZE",2010,203,"COUNTRY",13.763199692,11.926410052,15.882588581
"1013","Democratic People's Republic of Korea","SEAR","South-East Asia","PRK",2019,408,"COUNTRY",3.612718722,2.706706357,4.660794407
"1014","Democratic People's Republic of Korea","SEAR","South-East Asia","PRK",2022,408,"COUNTRY",4.754855806,3.687850113,6.049023084
"1015","Democratic People's Republic of Korea","SEAR","South-East Asia","PRK",2020,408,"COUNTRY",4.257622897,3.192705655,5.451415347
"1016","Democratic People's Republic of Korea","SEAR","South-East Asia","PRK",2010,408,"COUNTRY",3.502256328,2.516316829,4.502107372
"1017","Democratic People's Republic of Korea","SEAR","South-East Asia","PRK",2008,408,"COUNTRY",3.504092803,2.5373025,4.530229044
"1018","Democratic People's Republic of Korea","SEAR","South-East Asia","PRK",2003,408,"COUNTRY",3.504092803,2.597949359,4.554912638
"1019","Democratic People's Republic of Korea","SEAR","South-East Asia","PRK",2004,408,"COUNTRY",3.504092803,2.550261749,4.518617676
"1020","Democratic People's Republic of Korea","SEAR","South-East Asia","PRK",2015,408,"COUNTRY",3.451845615,2.495124414,4.476282974
"1021","Democratic People's Republic of Korea","SEAR","South-East Asia","PRK",2013,408,"COUNTRY",3.501011442,2.510945123,4.479323144
"1022","Democratic People's Republic of Korea","SEAR","South-East Asia","PRK",2005,408,"COUNTRY",3.504092803,2.551299053,4.545652282
"1023","Democratic People's Republic of Korea","SEAR","South-East Asia","PRK",2002,408,"COUNTRY",3.504092803,2.580415072,4.580467774
"1024","Democratic People's Republic of Korea","SEAR","South-East Asia","PRK",2006,408,"COUNTRY",3.504092803,2.579528895,4.581613481
"1025","Democratic People's Republic of Korea","SEAR","South-East Asia","PRK",2011,408,"COUNTRY",3.506054919,2.502481186,4.496700287
"1026","Democratic People's Republic of Korea","SEAR","South-East Asia","PRK",2007,408,"COUNTRY",3.504092803,2.568477148,4.582072501
"1027","Democratic People's Republic of Korea","SEAR","South-East Asia","PRK",2018,408,"COUNTRY",3.440198732,2.509380756,4.492261038
"1028","Democratic People's Republic of Korea","SEAR","South-East Asia","PRK",2012,408,"COUNTRY",3.512662443,2.525298634,4.543500506
"1029","Democratic People's Republic of Korea","SEAR","South-East Asia","PRK",2016,408,"COUNTRY",3.409069623,2.493832755,4.496518536
"1030","Democratic People's Republic of Korea","SEAR","South-East Asia","PRK",2017,408,"COUNTRY",3.371580676,2.397047695,4.369470316
"1031","Democratic People's Republic of Korea","SEAR","South-East Asia","PRK",2000,408,"COUNTRY",3.504092803,2.581096931,4.596854331
"1032","Democratic People's Republic of Korea","SEAR","South-East Asia","PRK",2014,408,"COUNTRY",3.457050865,2.49608068,4.498994957
"1033","Democratic People's Republic of Korea","SEAR","South-East Asia","PRK",2009,408,"COUNTRY",3.504092803,2.589572445,4.539662108
"1034","Democratic People's Republic of Korea","SEAR","South-East Asia","PRK",2021,408,"COUNTRY",4.754855806,3.687850113,6.049023084
"1035","Democratic People's Republic of Korea","SEAR","South-East Asia","PRK",2001,408,"COUNTRY",3.504092803,2.581096931,4.596854331
"1036","Democratic Republic of the Congo","AFR","Africa","COD",2005,180,"COUNTRY",1.655715123,0.901424986,2.487471438
"1037","Democratic Republic of the Congo","AFR","Africa","COD",2012,180,"COUNTRY",2.420037706,1.487935032,3.52455528
"1038","Democratic Republic of the Congo","AFR","Africa","COD",2001,180,"COUNTRY",1.536197402,0.821037956,2.366034199
"1039","Democratic Republic of the Congo","AFR","Africa","COD",2016,180,"COUNTRY",2.242395756,1.344606956,3.206696551
"1040","Democratic Republic of the Congo","AFR","Africa","COD",2014,180,"COUNTRY",2.493331199,1.494954152,3.619311455
"1041","Democratic Republic of the Congo","AFR","Africa","COD",2007,180,"COUNTRY",1.867163562,1.055377841,2.744274265
"1042","Democratic Republic of the Congo","AFR","Africa","COD",2019,180,"COUNTRY",2.035322075,1.140789937,2.990989555
"1043","Democratic Republic of the Congo","AFR","Africa","COD",2000,180,"COUNTRY",1.536197402,0.821037956,2.366034199
"1044","Democratic Republic of the Congo","AFR","Africa","COD",2009,180,"COUNTRY",2.050202935,1.240575081,3.016906581
"1045","Democratic Republic of the Congo","AFR","Africa","COD",2013,180,"COUNTRY",2.522526404,1.523198488,3.695404822
"1046","Democratic Republic of the Congo","AFR","Africa","COD",2004,180,"COUNTRY",1.581386522,0.83576927,2.404761833
"1047","Democratic Republic of the Congo","AFR","Africa","COD",2017,180,"COUNTRY",2.167185629,1.305874693,3.182325184
"1048","Democratic Republic of the Congo","AFR","Africa","COD",2010,180,"COUNTRY",2.159877239,1.251040674,3.134156589
"1049","Democratic Republic of the Congo","AFR","Africa","COD",2011,180,"COUNTRY",2.291565331,1.360801703,3.26436752
"1050","Democratic Republic of the Congo","AFR","Africa","COD",2015,180,"COUNTRY",2.390606248,1.520774808,3.488082904
"1051","Democratic Republic of the Congo","AFR","Africa","COD",2008,180,"COUNTRY",1.949232315,1.192710094,2.872643451
"1052","Democratic Republic of the Congo","AFR","Africa","COD",2002,180,"COUNTRY",1.519259239,0.835961503,2.389395413
"1053","Democratic Republic of the Congo","AFR","Africa","COD",2021,180,"COUNTRY",1.972766905,1.112085955,2.845292853
"1054","Democratic Republic of the Congo","AFR","Africa","COD",2018,180,"COUNTRY",2.115495544,1.185930148,3.10268066
"1055","Democratic Republic of the Congo","AFR","Africa","COD",2020,180,"COUNTRY",2.015857178,1.153871623,2.942675841
"1056","Democratic Republic of the Congo","AFR","Africa","COD",2006,180,"COUNTRY",1.747670391,0.985346847,2.693054554
"1057","Democratic Republic of the Congo","AFR","Africa","COD",2022,180,"COUNTRY",1.972766905,1.112085955,2.845292853
"1058","Democratic Republic of the Congo","AFR","Africa","COD",2003,180,"COUNTRY",1.544619363,0.796198781,2.405228768
"1059","Denmark","EUR","Europe","DNK",2014,208,"COUNTRY",9.972131751,8.31782632,11.545790698
"1060","Denmark","EUR","Europe","DNK",2008,208,"COUNTRY",11.043361443,9.250854777,12.87629399
"1061","Denmark","EUR","Europe","DNK",2013,208,"COUNTRY",9.925015162,8.325677424,11.673165253
"1062","Denmark","EUR","Europe","DNK",2005,208,"COUNTRY",11.686315747,9.861558625,13.606297206
"1063","Denmark","EUR","Europe","DNK",2000,208,"COUNTRY",12.262390913,10.456559849,14.183677018
"1064","Denmark","EUR","Europe","DNK",2010,208,"COUNTRY",10.750081669,9.024341675,12.656769549
"1065","Denmark","EUR","Europe","DNK",2021,208,"COUNTRY",9.97494856,8.364264624,11.768411336
"1066","Denmark","EUR","Europe","DNK",2012,208,"COUNTRY",10.220451345,8.618665599,11.899648834
"1067","Denmark","EUR","Europe","DNK",2006,208,"COUNTRY",11.507429209,9.786108039,13.225388458
"1068","Denmark","EUR","Europe","DNK",2002,208,"COUNTRY",12.204792044,10.412534953,14.17032918
"1069","Denmark","EUR","Europe","DNK",2017,208,"COUNTRY",9.815979811,8.085577273,11.681594157
"1070","Denmark","EUR","Europe","DNK",2007,208,"COUNTRY",11.320491082,9.404887306,13.369767622
"1071","Denmark","EUR","Europe","DNK",2016,208,"COUNTRY",9.863111511,8.250564983,11.785107241
"1072","Denmark","EUR","Europe","DNK",2019,208,"COUNTRY",9.706695549,8.107236146,11.429451342
"1073","Denmark","EUR","Europe","DNK",2011,208,"COUNTRY",10.478365544,8.737355725,12.388230921
"1074","Denmark","EUR","Europe","DNK",2018,208,"COUNTRY",9.667546634,7.990653187,11.439002002
"1075","Denmark","EUR","Europe","DNK",2003,208,"COUNTRY",12.090151187,10.413568978,13.977234952
"1076","Denmark","EUR","Europe","DNK",2020,208,"COUNTRY",9.929563475,8.282068045,11.636271281
"1077","Denmark","EUR","Europe","DNK",2009,208,"COUNTRY",10.827450248,9.099426483,12.655998288
"1078","Denmark","EUR","Europe","DNK",2015,208,"COUNTRY",9.972077092,8.299389196,11.654095098
"1079","Denmark","EUR","Europe","DNK",2001,208,"COUNTRY",12.262390913,10.456559849,14.183677018
"1080","Denmark","EUR","Europe","DNK",2022,208,"COUNTRY",9.97494856,8.364264624,11.768411336
"1081","Denmark","EUR","Europe","DNK",2004,208,"COUNTRY",11.972191918,10.088673869,13.807024742
"1082","Djibouti","EMR","Eastern Mediterranean","DJI",2022,262,"COUNTRY",0.353695825,0.1606935,0.716027101
"1083","Djibouti","EMR","Eastern Mediterranean","DJI",2017,262,"COUNTRY",0.361645173,0.149658728,0.776387312
"1084","Djibouti","EMR","Eastern Mediterranean","DJI",2001,262,"COUNTRY",0.57356618,0.280796966,1.016640243
"1085","Djibouti","EMR","Eastern Mediterranean","DJI",2003,262,"COUNTRY",0.573171655,0.241819317,1.051863437
"1086","Djibouti","EMR","Eastern Mediterranean","DJI",2013,262,"COUNTRY",0.538509285,0.236501121,0.980400455
"1087","Djibouti","EMR","Eastern Mediterranean","DJI",2002,262,"COUNTRY",0.57293203,0.243193324,1.053308633
"1088","Djibouti","EMR","Eastern Mediterranean","DJI",2016,262,"COUNTRY",0.387788273,0.154643647,0.787463147
"1089","Djibouti","EMR","Eastern Mediterranean","DJI",2005,262,"COUNTRY",0.571039379,0.246486221,1.04638442
"1090","Djibouti","EMR","Eastern Mediterranean","DJI",2021,262,"COUNTRY",0.353695825,0.1606935,0.716027101
"1091","Djibouti","EMR","Eastern Mediterranean","DJI",2004,262,"COUNTRY",0.574638033,0.290773403,1.055271554
"1092","Djibouti","EMR","Eastern Mediterranean","DJI",2020,262,"COUNTRY",0.329719171,0.123687535,0.679551276
"1093","Djibouti","EMR","Eastern Mediterranean","DJI",2011,262,"COUNTRY",0.557378384,0.253385681,1.027244336
"1094","Djibouti","EMR","Eastern Mediterranean","DJI",2007,262,"COUNTRY",0.548981049,0.275240659,1.057020141
"1095","Djibouti","EMR","Eastern Mediterranean","DJI",2018,262,"COUNTRY",0.329701988,0.137797643,0.6937013
"1096","Djibouti","EMR","Eastern Mediterranean","DJI",2006,262,"COUNTRY",0.561903958,0.263840112,1.056169895
"1097","Djibouti","EMR","Eastern Mediterranean","DJI",2019,262,"COUNTRY",0.316266753,0.133728985,0.675045445
"1098","Djibouti","EMR","Eastern Mediterranean","DJI",2012,262,"COUNTRY",0.557783532,0.261586145,1.012798074
"1099","Djibouti","EMR","Eastern Mediterranean","DJI",2010,262,"COUNTRY",0.552683462,0.24276687,1.011285854
"1100","Djibouti","EMR","Eastern Mediterranean","DJI",2000,262,"COUNTRY",0.57356618,0.280796966,1.016640243
"1101","Djibouti","EMR","Eastern Mediterranean","DJI",2008,262,"COUNTRY",0.53990912,0.237833416,1.030924073
"1102","Djibouti","EMR","Eastern Mediterranean","DJI",2014,262,"COUNTRY",0.486321423,0.21530843,0.909280423
"1103","Djibouti","EMR","Eastern Mediterranean","DJI",2009,262,"COUNTRY",0.545701686,0.243772862,0.980284148
"1104","Djibouti","EMR","Eastern Mediterranean","DJI",2015,262,"COUNTRY",0.433620656,0.178392526,0.835142158
"1105","Dominica","AMR","Americas","DMA",2022,212,"COUNTRY",6.978669508,5.640981757,8.477323469
"1106","Dominica","AMR","Americas","DMA",2003,212,"COUNTRY",7.141221999,5.808902524,8.700642478
"1107","Dominica","AMR","Americas","DMA",2008,212,"COUNTRY",7.39530376,5.938652504,8.885115892
"1108","Dominica","AMR","Americas","DMA",2007,212,"COUNTRY",7.330343793,5.739384552,8.832683103
"1109","Dominica","AMR","Americas","DMA",2002,212,"COUNTRY",7.124517958,5.788118496,8.603021929
"1110","Dominica","AMR","Americas","DMA",2021,212,"COUNTRY",6.978669508,5.640981757,8.477323469
"1111","Dominica","AMR","Americas","DMA",2018,212,"COUNTRY",7.425239043,6.05599805,8.82416801
"1112","Dominica","AMR","Americas","DMA",2015,212,"COUNTRY",7.508576605,6.166598495,8.969401821
"1113","Dominica","AMR","Americas","DMA",2006,212,"COUNTRY",7.301136066,5.761385801,8.799735318
"1114","Dominica","AMR","Americas","DMA",2012,212,"COUNTRY",7.54190311,6.122434592,9.205782965
"1115","Dominica","AMR","Americas","DMA",2009,212,"COUNTRY",7.462095626,5.952145146,9.031637718
"1116","Dominica","AMR","Americas","DMA",2010,212,"COUNTRY",7.482340167,6.176923549,8.974983083
"1117","Dominica","AMR","Americas","DMA",2014,212,"COUNTRY",7.685551218,6.215985072,9.2438135
"1118","Dominica","AMR","Americas","DMA",2000,212,"COUNTRY",7.107722294,5.795877137,8.583830166
"1119","Dominica","AMR","Americas","DMA",2005,212,"COUNTRY",7.204868633,5.801051706,8.854618507
"1120","Dominica","AMR","Americas","DMA",2020,212,"COUNTRY",7.140734064,5.688565108,8.723168211
"1121","Dominica","AMR","Americas","DMA",2004,212,"COUNTRY",7.179579887,5.76544808,8.731212274
"1122","Dominica","AMR","Americas","DMA",2017,212,"COUNTRY",7.338839349,5.997129601,8.723130928
"1123","Dominica","AMR","Americas","DMA",2016,212,"COUNTRY",7.4828404,6.149104877,8.951480764
"1124","Dominica","AMR","Americas","DMA",2013,212,"COUNTRY",7.618488224,6.031840484,9.204891623
"1125","Dominica","AMR","Americas","DMA",2001,212,"COUNTRY",7.107722294,5.795877137,8.583830166
"1126","Dominica","AMR","Americas","DMA",2011,212,"COUNTRY",7.490243136,6.101619417,9.001918394
"1127","Dominica","AMR","Americas","DMA",2019,212,"COUNTRY",7.213896252,5.88018958,8.708242851
"1128","Dominican Republic","AMR","Americas","DOM",2015,214,"COUNTRY",4.787940191,3.553938584,6.133599877
"1129","Dominican Republic","AMR","Americas","DOM",2003,214,"COUNTRY",5.997953475,4.676823217,7.52607102
"1130","Dominican Republic","AMR","Americas","DOM",2020,214,"COUNTRY",5.073612625,3.877661242,6.385636652
"1131","Dominican Republic","AMR","Americas","DOM",2019,214,"COUNTRY",4.83483376,3.606513871,6.156174345
"1132","Dominican Republic","AMR","Americas","DOM",2018,214,"COUNTRY",4.708714497,3.454317291,5.937881178
"1133","Dominican Republic","AMR","Americas","DOM",2009,214,"COUNTRY",5.611858684,4.291325591,7.179772494
"1134","Dominican Republic","AMR","Americas","DOM",2002,214,"COUNTRY",6.285586837,4.945237533,7.836060023
"1135","Dominican Republic","AMR","Americas","DOM",2006,214,"COUNTRY",5.775855358,4.386470233,7.094280903
"1136","Dominican Republic","AMR","Americas","DOM",2001,214,"COUNTRY",6.347231683,4.910204716,7.929992659
"1137","Dominican Republic","AMR","Americas","DOM",2022,214,"COUNTRY",5.169567465,3.865255677,6.470185662
"1138","Dominican Republic","AMR","Americas","DOM",2008,214,"COUNTRY",5.673189516,4.374688116,7.078343566
"1139","Dominican Republic","AMR","Americas","DOM",2010,214,"COUNTRY",5.515644182,4.148901161,6.952723978
"1140","Dominican Republic","AMR","Americas","DOM",2000,214,"COUNTRY",6.347231683,4.910204716,7.929992659
"1141","Dominican Republic","AMR","Americas","DOM",2012,214,"COUNTRY",5.263234113,3.916678974,6.558561288
"1142","Dominican Republic","AMR","Americas","DOM",2021,214,"COUNTRY",5.169567465,3.865255677,6.470185662
"1143","Dominican Republic","AMR","Americas","DOM",2013,214,"COUNTRY",5.064723566,3.867705334,6.413720661
"1144","Dominican Republic","AMR","Americas","DOM",2004,214,"COUNTRY",5.751503533,4.406001866,7.228273802
"1145","Dominican Republic","AMR","Americas","DOM",2011,214,"COUNTRY",5.50373729,4.140052299,6.905657708
"1146","Dominican Republic","AMR","Americas","DOM",2016,214,"COUNTRY",4.659406433,3.462720832,5.870846629
"1147","Dominican Republic","AMR","Americas","DOM",2014,214,"COUNTRY",4.89374629,3.691129934,6.310458623
"1148","Dominican Republic","AMR","Americas","DOM",2017,214,"COUNTRY",4.628169051,3.386542126,5.790714328
"1149","Dominican Republic","AMR","Americas","DOM",2005,214,"COUNTRY",5.589427475,4.290805301,6.928651389
"1150","Dominican Republic","AMR","Americas","DOM",2007,214,"COUNTRY",5.814882126,4.481540795,7.192771455
"1151","Ecuador","AMR","Americas","ECU",2005,218,"COUNTRY",3.847382916,2.833238869,4.863322516
"1152","Ecuador","AMR","Americas","ECU",2018,218,"COUNTRY",3.278178141,2.450551443,4.272225901
"1153","Ecuador","AMR","Americas","ECU",2002,218,"COUNTRY",4.134066344,3.070322785,5.129085394
"1154","Ecuador","AMR","Americas","ECU",2008,218,"COUNTRY",3.96857018,2.95580936,5.009473051
"1155","Ecuador","AMR","Americas","ECU",2020,218,"COUNTRY",2.829121844,2.018524485,3.818882452
"1156","Ecuador","AMR","Americas","ECU",2010,218,"COUNTRY",4.187473023,3.227074733,5.358960868
"1157","Ecuador","AMR","Americas","ECU",2015,218,"COUNTRY",3.892359606,2.831956919,5.044911066
"1158","Ecuador","AMR","Americas","ECU",2006,218,"COUNTRY",3.813838415,2.842396547,4.869427198
"1159","Ecuador","AMR","Americas","ECU",2001,218,"COUNTRY",4.23346517,3.136466963,5.332986853
"1160","Ecuador","AMR","Americas","ECU",2007,218,"COUNTRY",3.869441585,2.918070106,4.932233903
"1161","Ecuador","AMR","Americas","ECU",2003,218,"COUNTRY",3.999313691,2.969134456,4.986027953
"1162","Ecuador","AMR","Americas","ECU",2000,218,"COUNTRY",4.23346517,3.136466963,5.332986853
"1163","Ecuador","AMR","Americas","ECU",2011,218,"COUNTRY",4.249124129,3.309572796,5.386414327
"1164","Ecuador","AMR","Americas","ECU",2022,218,"COUNTRY",2.69132059,1.935818651,3.645983765
"1165","Ecuador","AMR","Americas","ECU",2013,218,"COUNTRY",4.174064338,3.148752249,5.277588674
"1166","Ecuador","AMR","Americas","ECU",2017,218,"COUNTRY",3.334435704,2.390592021,4.339929206
"1167","Ecuador","AMR","Americas","ECU",2014,218,"COUNTRY",4.101945347,3.048149857,5.196563719
"1168","Ecuador","AMR","Americas","ECU",2009,218,"COUNTRY",4.064586648,3.0048074,5.182928621
"1169","Ecuador","AMR","Americas","ECU",2019,218,"COUNTRY",3.048363784,2.21679451,4.029158129
"1170","Ecuador","AMR","Americas","ECU",2012,218,"COUNTRY",4.237899017,3.24223958,5.41240149
"1171","Ecuador","AMR","Americas","ECU",2021,218,"COUNTRY",2.69132059,1.935818651,3.645983765
"1172","Ecuador","AMR","Americas","ECU",2004,218,"COUNTRY",3.903454127,2.939209207,4.927671453
"1173","Ecuador","AMR","Americas","ECU",2016,218,"COUNTRY",3.574893599,2.617579261,4.635086854
"1174","Egypt","EMR","Eastern Mediterranean","EGY",2013,818,"COUNTRY",0.147382089,0.040598696,0.357592341
"1175","Egypt","EMR","Eastern Mediterranean","EGY",2012,818,"COUNTRY",0.145927944,0.039155202,0.356266702
"1176","Egypt","EMR","Eastern Mediterranean","EGY",2022,818,"COUNTRY",0.093238259,0.019056872,0.260124933
"1177","Egypt","EMR","Eastern Mediterranean","EGY",2001,818,"COUNTRY",0.106549094,0.023804815,0.290945212
"1178","Egypt","EMR","Eastern Mediterranean","EGY",2000,818,"COUNTRY",0.106549094,0.023804815,0.290945212
"1179","Egypt","EMR","Eastern Mediterranean","EGY",2020,818,"COUNTRY",0.096836782,0.027815019,0.271062837
"1180","Egypt","EMR","Eastern Mediterranean","EGY",2006,818,"COUNTRY",0.126546763,0.027272389,0.329953602
"1181","Egypt","EMR","Eastern Mediterranean","EGY",2005,818,"COUNTRY",0.119712416,0.030810162,0.310278471
"1182","Egypt","EMR","Eastern Mediterranean","EGY",2021,818,"COUNTRY",0.093238259,0.019056872,0.260124933
"1183","Egypt","EMR","Eastern Mediterranean","EGY",2011,818,"COUNTRY",0.148944391,0.044486445,0.368072684
"1184","Egypt","EMR","Eastern Mediterranean","EGY",2007,818,"COUNTRY",0.134716573,0.03733251,0.329576168
"1185","Egypt","EMR","Eastern Mediterranean","EGY",2004,818,"COUNTRY",0.11452491,0.037794885,0.311232989
"1186","Egypt","EMR","Eastern Mediterranean","EGY",2008,818,"COUNTRY",0.137598658,0.036262444,0.344406771
"1187","Egypt","EMR","Eastern Mediterranean","EGY",2010,818,"COUNTRY",0.143424232,0.047300058,0.349856884
"1188","Egypt","EMR","Eastern Mediterranean","EGY",2009,818,"COUNTRY",0.143990461,0.043769904,0.346404103
"1189","Egypt","EMR","Eastern Mediterranean","EGY",2003,818,"COUNTRY",0.110433828,0.03016607,0.301940193
"1190","Egypt","EMR","Eastern Mediterranean","EGY",2002,818,"COUNTRY",0.105736152,0.026441129,0.292419753
"1191","Egypt","EMR","Eastern Mediterranean","EGY",2016,818,"COUNTRY",0.121779745,0.034961643,0.331041725
"1192","Egypt","EMR","Eastern Mediterranean","EGY",2015,818,"COUNTRY",0.134595431,0.034933635,0.33799786
"1193","Egypt","EMR","Eastern Mediterranean","EGY",2018,818,"COUNTRY",0.111120834,0.025370278,0.294475996
"1194","Egypt","EMR","Eastern Mediterranean","EGY",2019,818,"COUNTRY",0.103704634,0.029342598,0.287240939
"1195","Egypt","EMR","Eastern Mediterranean","EGY",2017,818,"COUNTRY",0.11280057,0.029901259,0.299301329
"1196","Egypt","EMR","Eastern Mediterranean","EGY",2014,818,"COUNTRY",0.144620871,0.039021361,0.358899599
"1197","El Salvador","AMR","Americas","SLV",2005,222,"COUNTRY",3.173912844,2.282620776,4.150391368
"1198","El Salvador","AMR","Americas","SLV",2021,222,"COUNTRY",3.404530142,2.501770136,4.450450684
"1199","El Salvador","AMR","Americas","SLV",2016,222,"COUNTRY",3.125090719,2.155186087,4.126492421
"1200","El Salvador","AMR","Americas","SLV",2009,222,"COUNTRY",2.902611335,2.007375764,3.790073405
"1201","El Salvador","AMR","Americas","SLV",2000,222,"COUNTRY",3.209559221,2.301168253,4.219343256
"1202","El Salvador","AMR","Americas","SLV",2010,222,"COUNTRY",2.797074684,1.969464123,3.725783978
"1203","El Salvador","AMR","Americas","SLV",2013,222,"COUNTRY",2.83950593,1.97518133,3.862673511
"1204","El Salvador","AMR","Americas","SLV",2022,222,"COUNTRY",3.404530142,2.501770136,4.450450684
"1205","El Salvador","AMR","Americas","SLV",2015,222,"COUNTRY",2.993831219,2.207815957,3.98569459
"1206","El Salvador","AMR","Americas","SLV",2003,222,"COUNTRY",3.314273569,2.388759186,4.349773975
"1207","El Salvador","AMR","Americas","SLV",2020,222,"COUNTRY",3.426975525,2.524844331,4.53918482
"1208","El Salvador","AMR","Americas","SLV",2004,222,"COUNTRY",3.254938222,2.387097834,4.21463179
"1209","El Salvador","AMR","Americas","SLV",2019,222,"COUNTRY",3.406444127,2.456864575,4.418522862
"1210","El Salvador","AMR","Americas","SLV",2008,222,"COUNTRY",3.067196656,2.104908259,3.986414879
"1211","El Salvador","AMR","Americas","SLV",2017,222,"COUNTRY",3.270334818,2.34134451,4.279860905
"1212","El Salvador","AMR","Americas","SLV",2018,222,"COUNTRY",3.415927383,2.477842073,4.421535427
"1213","El Salvador","AMR","Americas","SLV",2012,222,"COUNTRY",2.787247545,1.906622601,3.754661595
"1214","El Salvador","AMR","Americas","SLV",2011,222,"COUNTRY",2.769038508,1.940141282,3.659633576
"1215","El Salvador","AMR","Americas","SLV",2007,222,"COUNTRY",3.135575736,2.231484186,4.131102131
"1216","El Salvador","AMR","Americas","SLV",2002,222,"COUNTRY",3.305009806,2.412731572,4.390405639
"1217","El Salvador","AMR","Americas","SLV",2006,222,"COUNTRY",3.162368424,2.273021051,4.206953688
"1218","El Salvador","AMR","Americas","SLV",2014,222,"COUNTRY",2.886101744,2.074400361,3.808304165
"1219","El Salvador","AMR","Americas","SLV",2001,222,"COUNTRY",3.209559221,2.301168253,4.219343256
"1220","Equatorial Guinea","AFR","Africa","GNQ",2017,226,"COUNTRY",6.630038193,5.261194101,8.066447222
"1221","Equatorial Guinea","AFR","Africa","GNQ",2011,226,"COUNTRY",8.960472835,7.47747736,10.665334125
"1222","Equatorial Guinea","AFR","Africa","GNQ",2016,226,"COUNTRY",7.227006996,5.7566412,8.743950586
"1223","Equatorial Guinea","AFR","Africa","GNQ",2018,226,"COUNTRY",6.418202769,4.954595426,7.842667131
"1224","Equatorial Guinea","AFR","Africa","GNQ",2009,226,"COUNTRY",7.762170548,6.33620706,9.293356518
"1225","Equatorial Guinea","AFR","Africa","GNQ",2007,226,"COUNTRY",8.005093944,6.547704927,9.530071016
"1226","Equatorial Guinea","AFR","Africa","GNQ",2005,226,"COUNTRY",8.2664652,6.725474433,9.870116535
"1227","Equatorial Guinea","AFR","Africa","GNQ",2010,226,"COUNTRY",8.222782803,6.713406758,9.819632248
"1228","Equatorial Guinea","AFR","Africa","GNQ",2000,226,"COUNTRY",7.076498275,5.634612105,8.577113495
"1229","Equatorial Guinea","AFR","Africa","GNQ",2008,226,"COUNTRY",7.595900452,6.102578324,9.072929286
"1230","Equatorial Guinea","AFR","Africa","GNQ",2021,226,"COUNTRY",6.066578584,4.830086693,7.355701008
"1231","Equatorial Guinea","AFR","Africa","GNQ",2004,226,"COUNTRY",8.135320012,6.50591249,9.63772016
"1232","Equatorial Guinea","AFR","Africa","GNQ",2020,226,"COUNTRY",6.348532967,5.042227854,7.679008592
"1233","Equatorial Guinea","AFR","Africa","GNQ",2015,226,"COUNTRY",7.957533126,6.425075602,9.513487831
"1234","Equatorial Guinea","AFR","Africa","GNQ",2019,226,"COUNTRY",6.437348311,5.174853923,7.78118348
"1235","Equatorial Guinea","AFR","Africa","GNQ",2022,226,"COUNTRY",6.066578584,4.830086693,7.355701008
"1236","Equatorial Guinea","AFR","Africa","GNQ",2014,226,"COUNTRY",8.368588098,6.751408071,9.964763554
"1237","Equatorial Guinea","AFR","Africa","GNQ",2001,226,"COUNTRY",7.076498275,5.634612105,8.577113495
"1238","Equatorial Guinea","AFR","Africa","GNQ",2003,226,"COUNTRY",7.750282764,6.243193914,9.292256892
"1239","Equatorial Guinea","AFR","Africa","GNQ",2002,226,"COUNTRY",7.394808773,5.980763457,8.822609561
"1240","Equatorial Guinea","AFR","Africa","GNQ",2006,226,"COUNTRY",8.29135775,6.716739686,9.875569539
"1241","Equatorial Guinea","AFR","Africa","GNQ",2012,226,"COUNTRY",8.961736447,7.439339129,10.586341269
"1242","Equatorial Guinea","AFR","Africa","GNQ",2013,226,"COUNTRY",8.782129353,7.202909295,10.402855909
"1243","Eritrea","AFR","Africa","ERI",2000,232,"COUNTRY",1.025093593,0.522689186,1.641479609
"1244","Eritrea","AFR","Africa","ERI",2003,232,"COUNTRY",0.906759278,0.438633798,1.545263951
"1245","Eritrea","AFR","Africa","ERI",2010,232,"COUNTRY",1.421068723,0.80892566,2.145369664
"1246","Eritrea","AFR","Africa","ERI",2008,232,"COUNTRY",1.854275348,1.103779424,2.631042007
"1247","Eritrea","AFR","Africa","ERI",2006,232,"COUNTRY",2.086669772,1.283680626,2.986307298
"1248","Eritrea","AFR","Africa","ERI",2011,232,"COUNTRY",1.462802375,0.816736062,2.193638652
"1249","Eritrea","AFR","Africa","ERI",2021,232,"COUNTRY",1.313326611,0.763253862,2.020713923
"1250","Eritrea","AFR","Africa","ERI",2002,232,"COUNTRY",0.928644726,0.434253912,1.551472107
"1251","Eritrea","AFR","Africa","ERI",2022,232,"COUNTRY",1.313326611,0.763253862,2.020713923
"1252","Eritrea","AFR","Africa","ERI",2016,232,"COUNTRY",1.410014342,0.796481245,2.147137499
"1253","Eritrea","AFR","Africa","ERI",2009,232,"COUNTRY",1.311738626,0.782366585,1.99773469
"1254","Eritrea","AFR","Africa","ERI",2018,232,"COUNTRY",1.363088288,0.761270213,2.064342223
"1255","Eritrea","AFR","Africa","ERI",2012,232,"COUNTRY",1.490692743,0.854219536,2.193169602
"1256","Eritrea","AFR","Africa","ERI",2020,232,"COUNTRY",1.333173735,0.770467595,2.00348318
"1257","Eritrea","AFR","Africa","ERI",2005,232,"COUNTRY",1.330079479,0.749156429,2.025931993
"1258","Eritrea","AFR","Africa","ERI",2017,232,"COUNTRY",1.374406475,0.766239916,2.044539469
"1259","Eritrea","AFR","Africa","ERI",2014,232,"COUNTRY",1.471695101,0.816139564,2.192763095
"1260","Eritrea","AFR","Africa","ERI",2019,232,"COUNTRY",1.349539688,0.77214537,2.042706612
"1261","Eritrea","AFR","Africa","ERI",2015,232,"COUNTRY",1.4422775,0.801540321,2.172481239
"1262","Eritrea","AFR","Africa","ERI",2007,232,"COUNTRY",2.04951785,1.257819179,2.92056196
"1263","Eritrea","AFR","Africa","ERI",2013,232,"COUNTRY",1.479482517,0.887196685,2.219918593
"1264","Eritrea","AFR","Africa","ERI",2001,232,"COUNTRY",1.025093593,0.522689186,1.641479609
"1265","Eritrea","AFR","Africa","ERI",2004,232,"COUNTRY",0.950639352,0.471961337,1.563885142
"1266","Estonia","EUR","Europe","EST",2018,233,"COUNTRY",8.173948944,5.670224592,10.765798928
"1267","Estonia","EUR","Europe","EST",2012,233,"COUNTRY",11.317521595,8.433989932,14.175880511
"1268","Estonia","EUR","Europe","EST",2010,233,"COUNTRY",10.4236039,7.686999551,13.279944837
"1269","Estonia","EUR","Europe","EST",2001,233,"COUNTRY",7.612215061,5.343882399,10.067351668
"1270","Estonia","EUR","Europe","EST",2019,233,"COUNTRY",8.501645081,6.186207347,10.831152588
"1271","Estonia","EUR","Europe","EST",2006,233,"COUNTRY",11.580058691,8.426077783,14.66783848
"1272","Estonia","EUR","Europe","EST",2009,233,"COUNTRY",10.589381659,7.771464584,13.215602655
"1273","Estonia","EUR","Europe","EST",2015,233,"COUNTRY",11.028379542,8.016471359,13.896591474
"1274","Estonia","EUR","Europe","EST",2003,233,"COUNTRY",9.114864101,6.560466976,11.930268561
"1275","Estonia","EUR","Europe","EST",2014,233,"COUNTRY",11.460948185,8.605950293,14.411444481
"1276","Estonia","EUR","Europe","EST",2022,233,"COUNTRY",10.487442399,8.165881251,12.88937902
"1277","Estonia","EUR","Europe","EST",2020,233,"COUNTRY",9.682088221,7.318561252,12.134585558
"1278","Estonia","EUR","Europe","EST",2005,233,"COUNTRY",11.189347823,7.882811197,14.250172625
"1279","Estonia","EUR","Europe","EST",2016,233,"COUNTRY",10.179833617,7.203463242,13.141458432
"1280","Estonia","EUR","Europe","EST",2008,233,"COUNTRY",11.099123875,8.379358201,14.153198455
"1281","Estonia","EUR","Europe","EST",2002,233,"COUNTRY",8.063901516,5.722102328,10.699142036
"1282","Estonia","EUR","Europe","EST",2017,233,"COUNTRY",8.982530357,6.287442224,11.725092719
"1283","Estonia","EUR","Europe","EST",2004,233,"COUNTRY",9.967162031,7.128831206,12.84575646
"1284","Estonia","EUR","Europe","EST",2000,233,"COUNTRY",7.612215061,5.343882399,10.067351668
"1285","Estonia","EUR","Europe","EST",2007,233,"COUNTRY",11.662817663,8.558586351,14.608359038
"1286","Estonia","EUR","Europe","EST",2011,233,"COUNTRY",10.781555885,7.979631034,13.470064745
"1287","Estonia","EUR","Europe","EST",2013,233,"COUNTRY",11.512121569,8.67787655,14.543390547
"1288","Estonia","EUR","Europe","EST",2021,233,"COUNTRY",10.487442399,8.165881251,12.88937902
"1289","Eswatini","AFR","Africa","SWZ",2001,748,"COUNTRY",5.686021044,4.431120593,7.081293932
"1290","Eswatini","AFR","Africa","SWZ",2005,748,"COUNTRY",5.672852467,4.369621654,7.027021523
"1291","Eswatini","AFR","Africa","SWZ",2012,748,"COUNTRY",6.625971587,5.300795382,8.044052518
"1292","Eswatini","AFR","Africa","SWZ",2007,748,"COUNTRY",5.585758603,4.3799809,6.940874119
"1293","Eswatini","AFR","Africa","SWZ",2011,748,"COUNTRY",5.917180717,4.743404361,7.265352536
"1294","Eswatini","AFR","Africa","SWZ",2020,748,"COUNTRY",7.077643942,5.669351169,8.595198431
"1295","Eswatini","AFR","Africa","SWZ",2008,748,"COUNTRY",5.574479141,4.33168317,6.941762832
"1296","Eswatini","AFR","Africa","SWZ",2000,748,"COUNTRY",5.686021044,4.431120593,7.081293932
"1297","Eswatini","AFR","Africa","SWZ",2004,748,"COUNTRY",5.682391703,4.435051643,6.9828896
"1298","Eswatini","AFR","Africa","SWZ",2014,748,"COUNTRY",6.98119311,5.602719686,8.471103862
"1299","Eswatini","AFR","Africa","SWZ",2015,748,"COUNTRY",6.625367064,5.241205831,8.057282022
"1300","Eswatini","AFR","Africa","SWZ",2006,748,"COUNTRY",5.652295751,4.402099565,7.00622609
"1301","Eswatini","AFR","Africa","SWZ",2019,748,"COUNTRY",7.070011281,5.677698388,8.508260514
"1302","Eswatini","AFR","Africa","SWZ",2002,748,"COUNTRY",5.629139322,4.327514688,6.908467099
"1303","Eswatini","AFR","Africa","SWZ",2003,748,"COUNTRY",5.651338528,4.487217258,6.928573511
"1304","Eswatini","AFR","Africa","SWZ",2016,748,"COUNTRY",6.643158298,5.322359746,8.013415761
"1305","Eswatini","AFR","Africa","SWZ",2013,748,"COUNTRY",6.906923831,5.600327601,8.340819081
"1306","Eswatini","AFR","Africa","SWZ",2010,748,"COUNTRY",5.816112936,4.614371886,7.169644613
"1307","Eswatini","AFR","Africa","SWZ",2009,748,"COUNTRY",5.633679258,4.374875943,6.965392633
"1308","Eswatini","AFR","Africa","SWZ",2018,748,"COUNTRY",7.088910398,5.641810687,8.496381632
"1309","Eswatini","AFR","Africa","SWZ",2017,748,"COUNTRY",7.028020557,5.61595912,8.410844499
"1310","Eswatini","AFR","Africa","SWZ",2022,748,"COUNTRY",7.222683218,5.725413004,8.671289022
"1311","Eswatini","AFR","Africa","SWZ",2021,748,"COUNTRY",7.222683218,5.725413004,8.671289022
"1312","Ethiopia","AFR","Africa","ETH",2000,231,"COUNTRY",1.445410098,0.741914098,2.217214315
"1313","Ethiopia","AFR","Africa","ETH",2013,231,"COUNTRY",2.084566946,1.236095456,2.985772021
"1314","Ethiopia","AFR","Africa","ETH",2009,231,"COUNTRY",1.625874781,0.887236602,2.467603876
"1315","Ethiopia","AFR","Africa","ETH",2008,231,"COUNTRY",1.63484195,0.911243751,2.496075296
"1316","Ethiopia","AFR","Africa","ETH",2022,231,"COUNTRY",3.140352019,2.076886783,4.324487504
"1317","Ethiopia","AFR","Africa","ETH",2003,231,"COUNTRY",1.413976344,0.733201866,2.267402483
"1318","Ethiopia","AFR","Africa","ETH",2010,231,"COUNTRY",1.669580074,0.907001426,2.48885184
"1319","Ethiopia","AFR","Africa","ETH",2020,231,"COUNTRY",3.29943342,2.207588074,4.488703686
"1320","Ethiopia","AFR","Africa","ETH",2011,231,"COUNTRY",1.781317978,0.960614623,2.665516004
"1321","Ethiopia","AFR","Africa","ETH",2007,231,"COUNTRY",1.63764673,0.870403433,2.493665365
"1322","Ethiopia","AFR","Africa","ETH",2018,231,"COUNTRY",3.23176319,2.153622833,4.304533694
"1323","Ethiopia","AFR","Africa","ETH",2006,231,"COUNTRY",1.589363311,0.843578159,2.391601381
"1324","Ethiopia","AFR","Africa","ETH",2016,231,"COUNTRY",2.725784319,1.633662613,3.77069858
"1325","Ethiopia","AFR","Africa","ETH",2004,231,"COUNTRY",1.442422418,0.742106407,2.29187506
"1326","Ethiopia","AFR","Africa","ETH",2015,231,"COUNTRY",2.507077992,1.526155211,3.503865253
"1327","Ethiopia","AFR","Africa","ETH",2001,231,"COUNTRY",1.445410098,0.741914098,2.217214315
"1328","Ethiopia","AFR","Africa","ETH",2014,231,"COUNTRY",2.276807777,1.349290337,3.300993896
"1329","Ethiopia","AFR","Africa","ETH",2005,231,"COUNTRY",1.534529828,0.793265756,2.345476567
"1330","Ethiopia","AFR","Africa","ETH",2012,231,"COUNTRY",1.925693225,1.149718715,2.807268478
"1331","Ethiopia","AFR","Africa","ETH",2002,231,"COUNTRY",1.413659073,0.719462322,2.238875633
"1332","Ethiopia","AFR","Africa","ETH",2017,231,"COUNTRY",2.949395641,1.879905395,3.995369789
"1333","Ethiopia","AFR","Africa","ETH",2019,231,"COUNTRY",3.341781821,2.271170737,4.528731663
"1334","Ethiopia","AFR","Africa","ETH",2021,231,"COUNTRY",3.140352019,2.076886783,4.324487504
"1335","Fiji","WPR","Western Pacific","FJI",2014,242,"COUNTRY",3.058995499,2.079565631,4.090273683
"1336","Fiji","WPR","Western Pacific","FJI",2004,242,"COUNTRY",3.41867816,2.373998702,4.48060787
"1337","Fiji","WPR","Western Pacific","FJI",2009,242,"COUNTRY",3.157152116,2.156756925,4.22726301
"1338","Fiji","WPR","Western Pacific","FJI",2012,242,"COUNTRY",2.833161428,1.869372343,3.883190429
"1339","Fiji","WPR","Western Pacific","FJI",2011,242,"COUNTRY",2.789481687,1.833809279,3.83129343
"1340","Fiji","WPR","Western Pacific","FJI",2020,242,"COUNTRY",3.70851343,2.626489973,4.878347469
"1341","Fiji","WPR","Western Pacific","FJI",2017,242,"COUNTRY",4.038630069,2.890281386,5.369571359
"1342","Fiji","WPR","Western Pacific","FJI",2010,242,"COUNTRY",3.002858285,2.055711398,4.170253878
"1343","Fiji","WPR","Western Pacific","FJI",2021,242,"COUNTRY",3.477524644,2.396972704,4.578518881
"1344","Fiji","WPR","Western Pacific","FJI",2001,242,"COUNTRY",3.451037988,2.474922036,4.536655279
"1345","Fiji","WPR","Western Pacific","FJI",2002,242,"COUNTRY",3.440313282,2.378861177,4.456162121
"1346","Fiji","WPR","Western Pacific","FJI",2000,242,"COUNTRY",3.451037988,2.474922036,4.536655279
"1347","Fiji","WPR","Western Pacific","FJI",2008,242,"COUNTRY",3.388457736,2.372713142,4.545069212
"1348","Fiji","WPR","Western Pacific","FJI",2003,242,"COUNTRY",3.428807334,2.353065035,4.496976491
"1349","Fiji","WPR","Western Pacific","FJI",2013,242,"COUNTRY",2.803142173,1.891493548,3.825728409
"1350","Fiji","WPR","Western Pacific","FJI",2018,242,"COUNTRY",4.257721546,3.079703858,5.539536459
"1351","Fiji","WPR","Western Pacific","FJI",2022,242,"COUNTRY",3.477524644,2.396972704,4.578518881
"1352","Fiji","WPR","Western Pacific","FJI",2016,242,"COUNTRY",3.715072742,2.593920383,4.910352865
"1353","Fiji","WPR","Western Pacific","FJI",2005,242,"COUNTRY",3.40925801,2.40382547,4.508196318
"1354","Fiji","WPR","Western Pacific","FJI",2019,242,"COUNTRY",4.1644856,2.973974492,5.374051952
"1355","Fiji","WPR","Western Pacific","FJI",2006,242,"COUNTRY",3.402741707,2.300728101,4.44290601
"1356","Fiji","WPR","Western Pacific","FJI",2007,242,"COUNTRY",3.393737294,2.328572271,4.5034655
"1357","Fiji","WPR","Western Pacific","FJI",2015,242,"COUNTRY",3.17504181,2.1305488,4.257188015
"1358","Finland","EUR","Europe","FIN",2022,246,"COUNTRY",9.509017609,7.784595557,11.186206859
"1359","Finland","EUR","Europe","FIN",2004,246,"COUNTRY",12.62717821,10.610273307,14.727875302
"1360","Finland","EUR","Europe","FIN",2011,246,"COUNTRY",12.367330898,10.254931247,14.395990017
"1361","Finland","EUR","Europe","FIN",2002,246,"COUNTRY",11.800589855,9.792802829,13.759523119
"1362","Finland","EUR","Europe","FIN",2020,246,"COUNTRY",9.84162298,8.19475302,11.791404174
"1363","Finland","EUR","Europe","FIN",2001,246,"COUNTRY",11.603980782,9.801166918,13.646724185
"1364","Finland","EUR","Europe","FIN",2014,246,"COUNTRY",11.756867623,9.687385174,13.799949587
"1365","Finland","EUR","Europe","FIN",2006,246,"COUNTRY",13.297956474,11.24846844,15.319545355
"1366","Finland","EUR","Europe","FIN",2008,246,"COUNTRY",13.190964797,11.221214255,15.282233329
"1367","Finland","EUR","Europe","FIN",2009,246,"COUNTRY",12.82268975,10.796645032,14.643605398
"1368","Finland","EUR","Europe","FIN",2015,246,"COUNTRY",11.472396795,9.424861755,13.459888623
"1369","Finland","EUR","Europe","FIN",2021,246,"COUNTRY",9.509017609,7.784595557,11.186206859
"1370","Finland","EUR","Europe","FIN",2017,246,"COUNTRY",11.065861174,9.205320772,13.105482968
"1371","Finland","EUR","Europe","FIN",2018,246,"COUNTRY",10.812388856,8.989329765,12.780350195
"1372","Finland","EUR","Europe","FIN",2010,246,"COUNTRY",12.589946719,10.551424924,14.618292262
"1373","Finland","EUR","Europe","FIN",2005,246,"COUNTRY",13.066542651,10.839064411,15.227605928
"1374","Finland","EUR","Europe","FIN",2003,246,"COUNTRY",12.263307135,10.267450629,14.277206147
"1375","Finland","EUR","Europe","FIN",2000,246,"COUNTRY",11.603980782,9.801166918,13.646724185
"1376","Finland","EUR","Europe","FIN",2013,246,"COUNTRY",11.970644604,9.832350563,14.035103024
"1377","Finland","EUR","Europe","FIN",2016,246,"COUNTRY",11.224874665,9.326651838,13.141141065
"1378","Finland","EUR","Europe","FIN",2007,246,"COUNTRY",13.375116803,11.470697345,15.324878033
"1379","Finland","EUR","Europe","FIN",2012,246,"COUNTRY",12.251082152,10.231758129,14.388736955
"1380","Finland","EUR","Europe","FIN",2019,246,"COUNTRY",10.382912889,8.515006706,12.375015804
"1381","France","EUR","Europe","FRA",2002,250,"COUNTRY",14.410196871,12.34825593,16.494461849
"1382","France","EUR","Europe","FRA",2004,250,"COUNTRY",13.780002199,11.700384416,15.724851306
"1383","France","EUR","Europe","FRA",2003,250,"COUNTRY",14.099546831,12.030120748,16.185571908
"1384","France","EUR","Europe","FRA",2018,250,"COUNTRY",12.187571119,10.276376855,14.04411312
"1385","France","EUR","Europe","FRA",2021,250,"COUNTRY",11.201565376,9.460764566,13.051948992
"1386","France","EUR","Europe","FRA",2012,250,"COUNTRY",12.726416175,10.947159293,14.637857805
"1387","France","EUR","Europe","FRA",2008,250,"COUNTRY",13.289438091,11.565596066,15.230466636
"1388","France","EUR","Europe","FRA",2001,250,"COUNTRY",14.563006105,12.559537121,16.658840696
"1389","France","EUR","Europe","FRA",2009,250,"COUNTRY",13.110585025,11.317363848,15.038461239
"1390","France","EUR","Europe","FRA",2015,250,"COUNTRY",12.502194555,10.670182645,14.463655519
"1391","France","EUR","Europe","FRA",2011,250,"COUNTRY",12.952311493,11.148670303,14.927147718
"1392","France","EUR","Europe","FRA",2022,250,"COUNTRY",11.201565376,9.460764566,13.051948992
"1393","France","EUR","Europe","FRA",2007,250,"COUNTRY",13.459304997,11.634522973,15.351740189
"1394","France","EUR","Europe","FRA",2020,250,"COUNTRY",11.430977736,9.597542821,13.242123647
"1395","France","EUR","Europe","FRA",2014,250,"COUNTRY",12.47495178,10.59696931,14.472343099
"1396","France","EUR","Europe","FRA",2005,250,"COUNTRY",13.683439649,11.679682424,15.602379964
"1397","France","EUR","Europe","FRA",2000,250,"COUNTRY",14.563006105,12.559537121,16.658840696
"1398","France","EUR","Europe","FRA",2013,250,"COUNTRY",12.596440534,10.666042977,14.504526395
"1399","France","EUR","Europe","FRA",2016,250,"COUNTRY",12.406358884,10.645878797,14.238571432
"1400","France","EUR","Europe","FRA",2006,250,"COUNTRY",13.593371019,11.721447986,15.594803161
"1401","France","EUR","Europe","FRA",2017,250,"COUNTRY",12.298443335,10.352808815,14.119834637
"1402","France","EUR","Europe","FRA",2019,250,"COUNTRY",11.764774508,9.988305315,13.594797748
"1403","France","EUR","Europe","FRA",2010,250,"COUNTRY",13.072903461,11.32288699,14.946257171
"1404","Gabon","AFR","Africa","GAB",2002,266,"COUNTRY",8.150939202,6.604489571,9.642923778
"1405","Gabon","AFR","Africa","GAB",2011,266,"COUNTRY",8.358352061,6.738115017,9.994336154
"1406","Gabon","AFR","Africa","GAB",2003,266,"COUNTRY",7.74619164,6.334874802,9.324836202
"1407","Gabon","AFR","Africa","GAB",2000,266,"COUNTRY",8.5006367,7.026700431,10.128702068
"1408","Gabon","AFR","Africa","GAB",2021,266,"COUNTRY",7.871517297,6.42377844,9.384223322
"1409","Gabon","AFR","Africa","GAB",2005,266,"COUNTRY",7.832721773,6.43078756,9.466270299
"1410","Gabon","AFR","Africa","GAB",2013,266,"COUNTRY",8.449119007,6.92533164,10.091415553
"1411","Gabon","AFR","Africa","GAB",2022,266,"COUNTRY",7.871517297,6.42377844,9.384223322
"1412","Gabon","AFR","Africa","GAB",2017,266,"COUNTRY",7.544939092,6.060813151,9.052426442
"1413","Gabon","AFR","Africa","GAB",2020,266,"COUNTRY",7.508445899,5.962720691,8.987986775
"1414","Gabon","AFR","Africa","GAB",2018,266,"COUNTRY",7.110381375,5.669633271,8.552464532
"1415","Gabon","AFR","Africa","GAB",2016,266,"COUNTRY",8.12309429,6.665289491,9.594476911
"1416","Gabon","AFR","Africa","GAB",2015,266,"COUNTRY",8.59079642,7.083395231,10.2051077
"1417","Gabon","AFR","Africa","GAB",2007,266,"COUNTRY",8.133763111,6.583215347,9.655361642
"1418","Gabon","AFR","Africa","GAB",2010,266,"COUNTRY",8.323967099,6.889486521,9.94512975
"1419","Gabon","AFR","Africa","GAB",2004,266,"COUNTRY",7.694971032,6.34759163,9.224612822
"1420","Gabon","AFR","Africa","GAB",2008,266,"COUNTRY",8.104860658,6.617339954,9.594786602
"1421","Gabon","AFR","Africa","GAB",2009,266,"COUNTRY",8.23058035,6.621936887,9.700289212
"1422","Gabon","AFR","Africa","GAB",2012,266,"COUNTRY",8.328425517,6.785700556,9.930207494
"1423","Gabon","AFR","Africa","GAB",2014,266,"COUNTRY",8.70936858,7.01178228,10.330647235
"1424","Gabon","AFR","Africa","GAB",2001,266,"COUNTRY",8.5006367,7.026700431,10.128702068
"1425","Gabon","AFR","Africa","GAB",2019,266,"COUNTRY",7.233293636,5.74522802,8.74989981
"1426","Gabon","AFR","Africa","GAB",2006,266,"COUNTRY",8.032918534,6.52434253,9.658867538
"1427","Gambia","AFR","Africa","GMB",2011,270,"COUNTRY",2.417079829,1.559296125,3.262865479
"1428","Gambia","AFR","Africa","GMB",2003,270,"COUNTRY",2.576257922,1.697688626,3.522470086
"1429","Gambia","AFR","Africa","GMB",2004,270,"COUNTRY",2.583248972,1.723501805,3.546460497
"1430","Gambia","AFR","Africa","GMB",2013,270,"COUNTRY",1.974964957,1.259804544,2.81466811
"1431","Gambia","AFR","Africa","GMB",2022,270,"COUNTRY",0.621637416,0.286651018,1.120426694
"1432","Gambia","AFR","Africa","GMB",2020,270,"COUNTRY",0.690875362,0.324328606,1.226906306
"1433","Gambia","AFR","Africa","GMB",2008,270,"COUNTRY",2.545060551,1.705906268,3.453692611
"1434","Gambia","AFR","Africa","GMB",2016,270,"COUNTRY",1.255569375,0.693742156,1.898867054
"1435","Gambia","AFR","Africa","GMB",2007,270,"COUNTRY",2.562421107,1.727641736,3.49274868
"1436","Gambia","AFR","Africa","GMB",2005,270,"COUNTRY",2.582057533,1.687010838,3.567666299
"1437","Gambia","AFR","Africa","GMB",2017,270,"COUNTRY",1.075919043,0.560663849,1.63973658
"1438","Gambia","AFR","Africa","GMB",2009,270,"COUNTRY",2.530389299,1.648306491,3.447714066
"1439","Gambia","AFR","Africa","GMB",2018,270,"COUNTRY",0.878494686,0.417765835,1.430980606
"1440","Gambia","AFR","Africa","GMB",2021,270,"COUNTRY",0.621637416,0.286651018,1.120426694
"1441","Gambia","AFR","Africa","GMB",2006,270,"COUNTRY",2.575825784,1.701548928,3.54358233
"1442","Gambia","AFR","Africa","GMB",2002,270,"COUNTRY",2.559573614,1.675542099,3.485620926
"1443","Gambia","AFR","Africa","GMB",2019,270,"COUNTRY",0.760678412,0.374918727,1.31462526
"1444","Gambia","AFR","Africa","GMB",2015,270,"COUNTRY",1.459341318,0.847980461,2.203799119
"1445","Gambia","AFR","Africa","GMB",2000,270,"COUNTRY",2.548497683,1.752795116,3.519075902
"1446","Gambia","AFR","Africa","GMB",2001,270,"COUNTRY",2.548497683,1.752795116,3.519075902
"1447","Gambia","AFR","Africa","GMB",2014,270,"COUNTRY",1.619718905,0.97415142,2.388629777
"1448","Gambia","AFR","Africa","GMB",2010,270,"COUNTRY",2.458424583,1.565257162,3.335168462
"1449","Gambia","AFR","Africa","GMB",2012,270,"COUNTRY",2.195056867,1.397516612,3.031440472
"1450","Georgia","EUR","Europe","GEO",2016,268,"COUNTRY",14.647706666,12.159055961,17.213557129
"1451","Georgia","EUR","Europe","GEO",2001,268,"COUNTRY",12.36288453,9.9054913,14.789470154
"1452","Georgia","EUR","Europe","GEO",2008,268,"COUNTRY",13.991603036,11.52866697,16.412498856
"1453","Georgia","EUR","Europe","GEO",2022,268,"COUNTRY",15.538821413,12.891456212,17.894757104
"1454","Georgia","EUR","Europe","GEO",2006,268,"COUNTRY",13.653806808,11.18905033,16.022575989
"1455","Georgia","EUR","Europe","GEO",2011,268,"COUNTRY",15.294919741,12.575101539,18.046782622
"1456","Georgia","EUR","Europe","GEO",2000,268,"COUNTRY",12.36288453,9.9054913,14.789470154
"1457","Georgia","EUR","Europe","GEO",2002,268,"COUNTRY",12.466763094,9.987730897,14.945548624
"1458","Georgia","EUR","Europe","GEO",2003,268,"COUNTRY",12.848878891,10.354185311,15.229627077
"1459","Georgia","EUR","Europe","GEO",2017,268,"COUNTRY",14.634404056,12.177959482,17.152705192
"1460","Georgia","EUR","Europe","GEO",2019,268,"COUNTRY",15.565873213,12.914107746,18.390145112
"1461","Georgia","EUR","Europe","GEO",2013,268,"COUNTRY",15.054843448,12.572119616,17.541206701
"1462","Georgia","EUR","Europe","GEO",2021,268,"COUNTRY",15.538821413,12.891456212,17.894757104
"1463","Georgia","EUR","Europe","GEO",2012,268,"COUNTRY",15.259301518,12.538364882,17.902446111
"1464","Georgia","EUR","Europe","GEO",2020,268,"COUNTRY",15.88151976,13.255649081,18.41573863
"1465","Georgia","EUR","Europe","GEO",2015,268,"COUNTRY",14.931050386,12.361470456,17.478234768
"1466","Georgia","EUR","Europe","GEO",2007,268,"COUNTRY",13.885033833,11.517055283,16.367351272
"1467","Georgia","EUR","Europe","GEO",2018,268,"COUNTRY",15.022253024,12.283573434,17.432957189
"1468","Georgia","EUR","Europe","GEO",2004,268,"COUNTRY",13.172647549,10.786307745,15.727625634
"1469","Georgia","EUR","Europe","GEO",2005,268,"COUNTRY",13.432212295,11.007967036,15.771568401
"1470","Georgia","EUR","Europe","GEO",2014,268,"COUNTRY",15.008147409,12.379687346,17.644854174
"1471","Georgia","EUR","Europe","GEO",2010,268,"COUNTRY",14.826571084,12.381151257,17.280341653
"1472","Georgia","EUR","Europe","GEO",2009,268,"COUNTRY",14.40511678,11.929616625,16.883548167
"1473","Germany","EUR","Europe","DEU",2009,276,"COUNTRY",12.156904392,10.471854639,13.940667643
"1474","Germany","EUR","Europe","DEU",2008,276,"COUNTRY",12.223795323,10.354875677,13.908736069
"1475","Germany","EUR","Europe","DEU",2000,276,"COUNTRY",13.432837108,11.582758101,15.400392675
"1476","Germany","EUR","Europe","DEU",2018,276,"COUNTRY",11.763391219,10.10215812,13.473644086
"1477","Germany","EUR","Europe","DEU",2017,276,"COUNTRY",11.921227431,10.251643675,13.642733744
"1478","Germany","EUR","Europe","DEU",2015,276,"COUNTRY",12.004235115,10.113262662,13.829997433
"1479","Germany","EUR","Europe","DEU",2001,276,"COUNTRY",13.432837108,11.582758101,15.400392675
"1480","Germany","EUR","Europe","DEU",2010,276,"COUNTRY",12.085174149,10.270109892,13.94629283
"1481","Germany","EUR","Europe","DEU",2014,276,"COUNTRY",12.027308308,10.096519257,13.632892222
"1482","Germany","EUR","Europe","DEU",2002,276,"COUNTRY",13.111958212,11.196850111,15.10933971
"1483","Germany","EUR","Europe","DEU",2004,276,"COUNTRY",12.723255527,10.923133565,14.74100503
"1484","Germany","EUR","Europe","DEU",2011,276,"COUNTRY",12.110166663,10.34262126,14.054256398
"1485","Germany","EUR","Europe","DEU",2021,276,"COUNTRY",11.238516165,9.454627636,12.921973481
"1486","Germany","EUR","Europe","DEU",2007,276,"COUNTRY",12.399231072,10.49860087,14.227562873
"1487","Germany","EUR","Europe","DEU",2006,276,"COUNTRY",12.514423957,10.697303721,14.438820011
"1488","Germany","EUR","Europe","DEU",2013,276,"COUNTRY",12.108966184,10.297057388,13.814808604
"1489","Germany","EUR","Europe","DEU",2005,276,"COUNTRY",12.663849623,10.923455068,14.470762311
"1490","Germany","EUR","Europe","DEU",2019,276,"COUNTRY",11.567314699,9.866614486,13.417824468
"1491","Germany","EUR","Europe","DEU",2012,276,"COUNTRY",12.103185713,10.238758734,13.910562222
"1492","Germany","EUR","Europe","DEU",2003,276,"COUNTRY",12.905879016,11.003090992,14.995013389
"1493","Germany","EUR","Europe","DEU",2022,276,"COUNTRY",11.238516165,9.454627636,12.921973481
"1494","Germany","EUR","Europe","DEU",2016,276,"COUNTRY",11.932177647,10.145985882,13.704127554
"1495","Germany","EUR","Europe","DEU",2020,276,"COUNTRY",11.305768481,9.608335459,13.206788768
"1496","Ghana","AFR","Africa","GHA",2022,288,"COUNTRY",4.443664946,2.956432941,5.795360474
"1497","Ghana","AFR","Africa","GHA",2014,288,"COUNTRY",5.008791277,3.364488475,6.519139422
"1498","Ghana","AFR","Africa","GHA",2015,288,"COUNTRY",4.915351137,3.330594611,6.397246732
"1499","Ghana","AFR","Africa","GHA",2021,288,"COUNTRY",4.443664946,2.956432941,5.795360474
"1500","Ghana","AFR","Africa","GHA",2006,288,"COUNTRY",4.938123428,3.400735722,6.513093917
"1501","Ghana","AFR","Africa","GHA",2008,288,"COUNTRY",4.933936639,3.418947664,6.522563079
"1502","Ghana","AFR","Africa","GHA",2018,288,"COUNTRY",4.549212312,3.198892828,6.051218353
"1503","Ghana","AFR","Africa","GHA",2002,288,"COUNTRY",4.798988779,3.293641437,6.278873296
"1504","Ghana","AFR","Africa","GHA",2001,288,"COUNTRY",4.818868209,3.270226795,6.418402649
"1505","Ghana","AFR","Africa","GHA",2017,288,"COUNTRY",4.488806446,3.121597416,5.901096678
"1506","Ghana","AFR","Africa","GHA",2003,288,"COUNTRY",4.84612507,3.379823109,6.316385311
"1507","Ghana","AFR","Africa","GHA",2010,288,"COUNTRY",5.228883399,3.593510181,6.84910069
"1508","Ghana","AFR","Africa","GHA",2009,288,"COUNTRY",5.127791392,3.614572738,6.61630296
"1509","Ghana","AFR","Africa","GHA",2007,288,"COUNTRY",4.968834051,3.344774018,6.475690828
"1510","Ghana","AFR","Africa","GHA",2004,288,"COUNTRY",4.8517334,3.346350544,6.23469953
"1511","Ghana","AFR","Africa","GHA",2019,288,"COUNTRY",4.58523241,2.989937545,6.132363907
"1512","Ghana","AFR","Africa","GHA",2005,288,"COUNTRY",4.903926267,3.371768483,6.488369237
"1513","Ghana","AFR","Africa","GHA",2011,288,"COUNTRY",5.195429244,3.696289855,6.750103515
"1514","Ghana","AFR","Africa","GHA",2012,288,"COUNTRY",4.949478241,3.404767834,6.499002952
"1515","Ghana","AFR","Africa","GHA",2013,288,"COUNTRY",4.968151155,3.440622591,6.45414183
"1516","Ghana","AFR","Africa","GHA",2016,288,"COUNTRY",4.612184437,3.238780392,6.065776007
"1517","Ghana","AFR","Africa","GHA",2020,288,"COUNTRY",4.552965704,3.124410331,5.99012116
"1518","Ghana","AFR","Africa","GHA",2000,288,"COUNTRY",4.818868209,3.270226795,6.418402649
"1519","Greece","EUR","Europe","GRC",2022,300,"COUNTRY",6.97513962,5.537276082,8.439787981
"1520","Greece","EUR","Europe","GRC",2000,300,"COUNTRY",9.126992315,7.604578454,10.805742312
"1521","Greece","EUR","Europe","GRC",2016,300,"COUNTRY",7.44339369,5.938525732,8.995772014
"1522","Greece","EUR","Europe","GRC",2005,300,"COUNTRY",9.031487272,7.446197864,10.697885397
"1523","Greece","EUR","Europe","GRC",2017,300,"COUNTRY",7.373255161,5.821804294,8.863476904
"1524","Greece","EUR","Europe","GRC",2009,300,"COUNTRY",9.058701277,7.354857908,10.664988147
"1525","Greece","EUR","Europe","GRC",2019,300,"COUNTRY",7.013706294,5.536899829,8.572446793
"1526","Greece","EUR","Europe","GRC",2021,300,"COUNTRY",6.97513962,5.537276082,8.439787981
"1527","Greece","EUR","Europe","GRC",2018,300,"COUNTRY",7.288488916,5.816540965,8.736009185
"1528","Greece","EUR","Europe","GRC",2015,300,"COUNTRY",7.583140989,6.035166949,9.120731955
"1529","Greece","EUR","Europe","GRC",2020,300,"COUNTRY",6.962215717,5.529872723,8.410823093
"1530","Greece","EUR","Europe","GRC",2008,300,"COUNTRY",9.245039496,7.618406595,10.972922864
"1531","Greece","EUR","Europe","GRC",2014,300,"COUNTRY",7.905725513,6.432070379,9.518343432
"1532","Greece","EUR","Europe","GRC",2004,300,"COUNTRY",9.016837113,7.366245136,10.786423315
"1533","Greece","EUR","Europe","GRC",2002,300,"COUNTRY",9.074644657,7.382257992,10.875864752
"1534","Greece","EUR","Europe","GRC",2006,300,"COUNTRY",9.102614891,7.575974858,10.919351417
"1535","Greece","EUR","Europe","GRC",2012,300,"COUNTRY",8.382926684,6.673860038,9.936187013
"1536","Greece","EUR","Europe","GRC",2010,300,"COUNTRY",8.745629552,7.112833748,10.378999577
"1537","Greece","EUR","Europe","GRC",2007,300,"COUNTRY",9.200483399,7.449336622,10.795151343
"1538","Greece","EUR","Europe","GRC",2001,300,"COUNTRY",9.126992315,7.604578454,10.805742312
"1539","Greece","EUR","Europe","GRC",2013,300,"COUNTRY",8.208873248,6.559845163,9.743924519
"1540","Greece","EUR","Europe","GRC",2003,300,"COUNTRY",9.046290568,7.393192105,10.919341476
"1541","Greece","EUR","Europe","GRC",2011,300,"COUNTRY",8.461350342,6.883839305,10.045793267
"1542","Grenada","AMR","Americas","GRD",2010,308,"COUNTRY",7.810068521,6.430399818,9.376001224
"1543","Grenada","AMR","Americas","GRD",2017,308,"COUNTRY",8.159252798,6.665914335,9.76794028
"1544","Grenada","AMR","Americas","GRD",2004,308,"COUNTRY",8.433038472,6.879291578,9.888346713
"1545","Grenada","AMR","Americas","GRD",2016,308,"COUNTRY",8.106425261,6.543993867,9.671049531
"1546","Grenada","AMR","Americas","GRD",2000,308,"COUNTRY",8.004025342,6.308406588,9.63148792
"1547","Grenada","AMR","Americas","GRD",2007,308,"COUNTRY",8.524229868,6.919802504,10.111091126
"1548","Grenada","AMR","Americas","GRD",2002,308,"COUNTRY",8.274423938,6.680404673,9.941249434
"1549","Grenada","AMR","Americas","GRD",2005,308,"COUNTRY",8.463896272,6.949029294,10.028745699
"1550","Grenada","AMR","Americas","GRD",2014,308,"COUNTRY",7.947382219,6.41549628,9.544236405
"1551","Grenada","AMR","Americas","GRD",2019,308,"COUNTRY",8.051479762,6.57887976,9.678678365
"1552","Grenada","AMR","Americas","GRD",2008,308,"COUNTRY",8.264725549,6.760805483,9.884461223
"1553","Grenada","AMR","Americas","GRD",2001,308,"COUNTRY",8.004025342,6.308406588,9.63148792
"1554","Grenada","AMR","Americas","GRD",2020,308,"COUNTRY",7.888439905,6.412322702,9.660559055
"1555","Grenada","AMR","Americas","GRD",2018,308,"COUNTRY",8.223023915,6.684272991,9.989611374
"1556","Grenada","AMR","Americas","GRD",2021,308,"COUNTRY",7.768673698,6.345024309,9.423229661
"1557","Grenada","AMR","Americas","GRD",2022,308,"COUNTRY",7.768673698,6.345024309,9.423229661
"1558","Grenada","AMR","Americas","GRD",2003,308,"COUNTRY",8.427943014,6.80583454,9.970659479
"1559","Grenada","AMR","Americas","GRD",2011,308,"COUNTRY",7.776973905,6.420876363,9.312187029
"1560","Grenada","AMR","Americas","GRD",2012,308,"COUNTRY",7.805945817,6.379496359,9.315186958
"1561","Grenada","AMR","Americas","GRD",2015,308,"COUNTRY",8.053492746,6.464799075,9.53051525
"1562","Grenada","AMR","Americas","GRD",2009,308,"COUNTRY",8.025740497,6.523884241,9.61256801
"1563","Grenada","AMR","Americas","GRD",2006,308,"COUNTRY",8.558212396,7.045928231,10.089620725
"1564","Grenada","AMR","Americas","GRD",2013,308,"COUNTRY",7.868954829,6.508405282,9.510777813
"1565","Guatemala","AMR","Americas","GTM",2006,320,"COUNTRY",2.299493803,1.588061085,3.089291626
"1566","Guatemala","AMR","Americas","GTM",2022,320,"COUNTRY",1.697843761,1.042526377,2.345885426
"1567","Guatemala","AMR","Americas","GTM",2015,320,"COUNTRY",1.716280654,1.061206625,2.418120779
"1568","Guatemala","AMR","Americas","GTM",2005,320,"COUNTRY",2.298278503,1.590020731,3.080453703
"1569","Guatemala","AMR","Americas","GTM",2010,320,"COUNTRY",2.095485452,1.42964166,2.821596849
"1570","Guatemala","AMR","Americas","GTM",2001,320,"COUNTRY",2.438861679,1.630140218,3.308688916
"1571","Guatemala","AMR","Americas","GTM",2021,320,"COUNTRY",1.697843761,1.042526377,2.345885426
"1572","Guatemala","AMR","Americas","GTM",2007,320,"COUNTRY",2.259669958,1.552744552,3.04704651
"1573","Guatemala","AMR","Americas","GTM",2000,320,"COUNTRY",2.438861679,1.630140218,3.308688916
"1574","Guatemala","AMR","Americas","GTM",2004,320,"COUNTRY",2.315937893,1.625424664,3.068534929
"1575","Guatemala","AMR","Americas","GTM",2009,320,"COUNTRY",2.106987194,1.408987285,2.896265876
"1576","Guatemala","AMR","Americas","GTM",2018,320,"COUNTRY",1.715830721,1.024663268,2.442314269
"1577","Guatemala","AMR","Americas","GTM",2008,320,"COUNTRY",2.186048461,1.453018913,2.914591633
"1578","Guatemala","AMR","Americas","GTM",2011,320,"COUNTRY",2.058844264,1.374612457,2.812372616
"1579","Guatemala","AMR","Americas","GTM",2002,320,"COUNTRY",2.376491325,1.627032184,3.189030065
"1580","Guatemala","AMR","Americas","GTM",2013,320,"COUNTRY",1.874736455,1.235763432,2.646208333
"1581","Guatemala","AMR","Americas","GTM",2019,320,"COUNTRY",1.683943208,1.06008948,2.379667775
"1582","Guatemala","AMR","Americas","GTM",2014,320,"COUNTRY",1.789184382,1.159581809,2.495057737
"1583","Guatemala","AMR","Americas","GTM",2020,320,"COUNTRY",1.675612028,1.058017991,2.401147206
"1584","Guatemala","AMR","Americas","GTM",2017,320,"COUNTRY",1.696346812,1.061087451,2.365437352
"1585","Guatemala","AMR","Americas","GTM",2016,320,"COUNTRY",1.694800858,1.047314185,2.397334635
"1586","Guatemala","AMR","Americas","GTM",2012,320,"COUNTRY",1.994852381,1.291995505,2.750537056
"1587","Guatemala","AMR","Americas","GTM",2003,320,"COUNTRY",2.335294304,1.616895501,3.133617457
"1588","Guinea","AFR","Africa","GIN",2021,324,"COUNTRY",0.536201883,0.276743101,0.990031922
"1589","Guinea","AFR","Africa","GIN",2005,324,"COUNTRY",0.267512061,0.091495092,0.611681463
"1590","Guinea","AFR","Africa","GIN",2000,324,"COUNTRY",0.27609825,0.118835848,0.612370676
"1591","Guinea","AFR","Africa","GIN",2013,324,"COUNTRY",0.372586165,0.141326153,0.72967416
"1592","Guinea","AFR","Africa","GIN",2016,324,"COUNTRY",0.474033117,0.200165069,0.87004101
"1593","Guinea","AFR","Africa","GIN",2020,324,"COUNTRY",0.530855496,0.264291851,0.967462817
"1594","Guinea","AFR","Africa","GIN",2018,324,"COUNTRY",0.454416512,0.214256042,0.875577421
"1595","Guinea","AFR","Africa","GIN",2022,324,"COUNTRY",0.536201883,0.276743101,0.990031922
"1596","Guinea","AFR","Africa","GIN",2009,324,"COUNTRY",0.282274232,0.113225569,0.624896857
"1597","Guinea","AFR","Africa","GIN",2010,324,"COUNTRY",0.289485601,0.11104636,0.630606353
"1598","Guinea","AFR","Africa","GIN",2015,324,"COUNTRY",0.474929122,0.216526868,0.893866983
"1599","Guinea","AFR","Africa","GIN",2012,324,"COUNTRY",0.335312271,0.131778961,0.705588148
"1600","Guinea","AFR","Africa","GIN",2004,324,"COUNTRY",0.286174316,0.104144577,0.635203342
"1601","Guinea","AFR","Africa","GIN",2006,324,"COUNTRY",0.262249096,0.096573271,0.597688409
"1602","Guinea","AFR","Africa","GIN",2007,324,"COUNTRY",0.268540793,0.109774008,0.601480918
"1603","Guinea","AFR","Africa","GIN",2017,324,"COUNTRY",0.448257061,0.199022049,0.851486669
"1604","Guinea","AFR","Africa","GIN",2002,324,"COUNTRY",0.283574352,0.113322967,0.619614396
"1605","Guinea","AFR","Africa","GIN",2014,324,"COUNTRY",0.432153016,0.187546681,0.844598376
"1606","Guinea","AFR","Africa","GIN",2008,324,"COUNTRY",0.283736564,0.118662886,0.628608563
"1607","Guinea","AFR","Africa","GIN",2001,324,"COUNTRY",0.27609825,0.118835848,0.612370676
"1608","Guinea","AFR","Africa","GIN",2003,324,"COUNTRY",0.292525278,0.113687437,0.633393643
"1609","Guinea","AFR","Africa","GIN",2019,324,"COUNTRY",0.485680361,0.217102657,0.922281487
"1610","Guinea","AFR","Africa","GIN",2011,324,"COUNTRY",0.308301488,0.12482175,0.660664333
"1611","Guinea-Bissau","AFR","Africa","GNB",2022,624,"COUNTRY",3.219319624,2.156290591,4.30488236
"1612","Guinea-Bissau","AFR","Africa","GNB",2001,624,"COUNTRY",2.884902252,1.879293649,3.880994464
"1613","Guinea-Bissau","AFR","Africa","GNB",2021,624,"COUNTRY",3.219319624,2.156290591,4.30488236
"1614","Guinea-Bissau","AFR","Africa","GNB",2019,624,"COUNTRY",3.250911776,2.220761476,4.337463751
"1615","Guinea-Bissau","AFR","Africa","GNB",2016,624,"COUNTRY",3.156427847,2.06892883,4.284342139
"1616","Guinea-Bissau","AFR","Africa","GNB",2004,624,"COUNTRY",2.959992092,1.976688675,4.065092892
"1617","Guinea-Bissau","AFR","Africa","GNB",2013,624,"COUNTRY",3.027789675,2.031872024,4.124081076
"1618","Guinea-Bissau","AFR","Africa","GNB",2018,624,"COUNTRY",3.335773468,2.204107908,4.445267805
"1619","Guinea-Bissau","AFR","Africa","GNB",2017,624,"COUNTRY",3.223787096,2.169525898,4.346345045
"1620","Guinea-Bissau","AFR","Africa","GNB",2020,624,"COUNTRY",3.230889101,2.25101092,4.432196077
"1621","Guinea-Bissau","AFR","Africa","GNB",2009,624,"COUNTRY",2.933959944,1.984558656,4.001190238
"1622","Guinea-Bissau","AFR","Africa","GNB",2005,624,"COUNTRY",2.978276068,2.063150843,4.035090691
"1623","Guinea-Bissau","AFR","Africa","GNB",2006,624,"COUNTRY",2.963126236,1.965269351,4.014776079
"1624","Guinea-Bissau","AFR","Africa","GNB",2010,624,"COUNTRY",2.987980821,1.985634957,4.114554308
"1625","Guinea-Bissau","AFR","Africa","GNB",2014,624,"COUNTRY",3.031476727,2.048761672,4.124600135
"1626","Guinea-Bissau","AFR","Africa","GNB",2003,624,"COUNTRY",2.92615263,1.90548748,4.009527794
"1627","Guinea-Bissau","AFR","Africa","GNB",2015,624,"COUNTRY",3.034569963,2.015863436,4.107815857
"1628","Guinea-Bissau","AFR","Africa","GNB",2000,624,"COUNTRY",2.884902252,1.879293649,3.880994464
"1629","Guinea-Bissau","AFR","Africa","GNB",2012,624,"COUNTRY",3.040838775,2.035770416,4.155413537
"1630","Guinea-Bissau","AFR","Africa","GNB",2002,624,"COUNTRY",2.895077593,1.957484287,3.97753286
"1631","Guinea-Bissau","AFR","Africa","GNB",2008,624,"COUNTRY",2.922811437,1.923550566,3.976803464
"1632","Guinea-Bissau","AFR","Africa","GNB",2011,624,"COUNTRY",3.000581073,2.009325378,4.102274926
"1633","Guinea-Bissau","AFR","Africa","GNB",2007,624,"COUNTRY",2.905023465,1.88052295,3.910573675
"1634","Guyana","AMR","Americas","GUY",2020,328,"COUNTRY",5.117719144,3.976040057,6.390746141
"1635","Guyana","AMR","Americas","GUY",2002,328,"COUNTRY",5.811791032,4.596283887,7.089656548
"1636","Guyana","AMR","Americas","GUY",2005,328,"COUNTRY",5.640503788,4.468713108,6.878311506
"1637","Guyana","AMR","Americas","GUY",2006,328,"COUNTRY",5.493927205,4.248039152,6.737049061
"1638","Guyana","AMR","Americas","GUY",2022,328,"COUNTRY",5.280471168,4.069311528,6.510131787
"1639","Guyana","AMR","Americas","GUY",2009,328,"COUNTRY",5.652175058,4.493235281,6.913218361
"1640","Guyana","AMR","Americas","GUY",2004,328,"COUNTRY",5.843007072,4.657946796,7.153438943
"1641","Guyana","AMR","Americas","GUY",2010,328,"COUNTRY",5.752965378,4.49601562,7.02411454
"1642","Guyana","AMR","Americas","GUY",2018,328,"COUNTRY",5.251437379,4.107333324,6.59345541
"1643","Guyana","AMR","Americas","GUY",2015,328,"COUNTRY",5.804737519,4.648576689,7.14749604
"1644","Guyana","AMR","Americas","GUY",2014,328,"COUNTRY",5.934212493,4.65775149,7.202318726
"1645","Guyana","AMR","Americas","GUY",2019,328,"COUNTRY",5.105230722,3.954491211,6.309302437
"1646","Guyana","AMR","Americas","GUY",2012,328,"COUNTRY",5.908501306,4.635882508,7.160488529
"1647","Guyana","AMR","Americas","GUY",2013,328,"COUNTRY",5.997951753,4.766680155,7.254164487
"1648","Guyana","AMR","Americas","GUY",2017,328,"COUNTRY",5.404923178,4.175053674,6.77375431
"1649","Guyana","AMR","Americas","GUY",2016,328,"COUNTRY",5.578304037,4.359511121,6.901563424
"1650","Guyana","AMR","Americas","GUY",2008,328,"COUNTRY",5.566807317,4.421778597,6.866096043
"1651","Guyana","AMR","Americas","GUY",2007,328,"COUNTRY",5.47859574,4.204848505,6.776680557
"1652","Guyana","AMR","Americas","GUY",2000,328,"COUNTRY",5.41787474,4.258651224,6.683449779
"1653","Guyana","AMR","Americas","GUY",2011,328,"COUNTRY",5.833790506,4.539012237,7.168368218
"1654","Guyana","AMR","Americas","GUY",2001,328,"COUNTRY",5.41787474,4.258651224,6.683449779
"1655","Guyana","AMR","Americas","GUY",2003,328,"COUNTRY",6.019138919,4.799991164,7.293004511
"1656","Guyana","AMR","Americas","GUY",2021,328,"COUNTRY",5.280471168,4.069311528,6.510131787
"1657","Haiti","AMR","Americas","HTI",2022,332,"COUNTRY",3.315183491,2.303136731,4.315047999
"1658","Haiti","AMR","Americas","HTI",2000,332,"COUNTRY",4.363705873,3.299485024,5.519590588
"1659","Haiti","AMR","Americas","HTI",2004,332,"COUNTRY",4.237450437,3.180100434,5.476780348
"1660","Haiti","AMR","Americas","HTI",2005,332,"COUNTRY",4.215572432,3.116592676,5.375647129
"1661","Haiti","AMR","Americas","HTI",2019,332,"COUNTRY",3.462876196,2.49454579,4.465780969
"1662","Haiti","AMR","Americas","HTI",2015,332,"COUNTRY",3.389881931,2.392013089,4.44056099
"1663","Haiti","AMR","Americas","HTI",2006,332,"COUNTRY",4.174354341,3.116388762,5.365395074
"1664","Haiti","AMR","Americas","HTI",2013,332,"COUNTRY",3.224684637,2.270827792,4.213538987
"1665","Haiti","AMR","Americas","HTI",2003,332,"COUNTRY",4.301137195,3.27085605,5.468130549
"1666","Haiti","AMR","Americas","HTI",2018,332,"COUNTRY",3.630239879,2.695204344,4.734573106
"1667","Haiti","AMR","Americas","HTI",2001,332,"COUNTRY",4.363705873,3.299485024,5.519590588
"1668","Haiti","AMR","Americas","HTI",2009,332,"COUNTRY",3.700012218,2.784711041,4.853439885
"1669","Haiti","AMR","Americas","HTI",2010,332,"COUNTRY",3.28697696,2.334597286,4.301408488
"1670","Haiti","AMR","Americas","HTI",2012,332,"COUNTRY",3.103545787,2.209660503,4.044256737
"1671","Haiti","AMR","Americas","HTI",2014,332,"COUNTRY",3.352941511,2.385951246,4.387401093
"1672","Haiti","AMR","Americas","HTI",2007,332,"COUNTRY",4.16224447,3.112734246,5.330119206
"1673","Haiti","AMR","Americas","HTI",2021,332,"COUNTRY",3.315183491,2.303136731,4.315047999
"1674","Haiti","AMR","Americas","HTI",2002,332,"COUNTRY",4.322317131,3.33102186,5.476002141
"1675","Haiti","AMR","Americas","HTI",2016,332,"COUNTRY",3.548858448,2.589309969,4.579503819
"1676","Haiti","AMR","Americas","HTI",2020,332,"COUNTRY",3.347574956,2.421755611,4.364718613
"1677","Haiti","AMR","Americas","HTI",2017,332,"COUNTRY",3.675618498,2.707180278,4.783890034
"1678","Haiti","AMR","Americas","HTI",2011,332,"COUNTRY",2.89145295,2.039599381,3.879312898
"1679","Haiti","AMR","Americas","HTI",2008,332,"COUNTRY",4.153586994,3.056584902,5.288211116
"1680","Honduras","AMR","Americas","HND",2022,340,"COUNTRY",3.142463315,2.203619422,4.157249878
"1681","Honduras","AMR","Americas","HND",2016,340,"COUNTRY",3.024453028,2.155295487,4.018225818
"1682","Honduras","AMR","Americas","HND",2004,340,"COUNTRY",3.420457169,2.484646127,4.497536295
"1683","Honduras","AMR","Americas","HND",2015,340,"COUNTRY",2.936088739,2.039969273,3.852889337
"1684","Honduras","AMR","Americas","HND",2010,340,"COUNTRY",3.210243496,2.326807331,4.304336628
"1685","Honduras","AMR","Americas","HND",2000,340,"COUNTRY",3.16636011,2.2581619,4.120373332
"1686","Honduras","AMR","Americas","HND",2002,340,"COUNTRY",3.30766375,2.368504425,4.372281006
"1687","Honduras","AMR","Americas","HND",2018,340,"COUNTRY",3.261780958,2.385986036,4.281533233
"1688","Honduras","AMR","Americas","HND",2011,340,"COUNTRY",3.187037514,2.273030795,4.284461237
"1689","Honduras","AMR","Americas","HND",2008,340,"COUNTRY",3.341967796,2.334253574,4.257456253
"1690","Honduras","AMR","Americas","HND",2013,340,"COUNTRY",3.074600571,2.123251548,4.064776774
"1691","Honduras","AMR","Americas","HND",2005,340,"COUNTRY",3.478500402,2.515994774,4.492104532
"1692","Honduras","AMR","Americas","HND",2009,340,"COUNTRY",3.254082771,2.31712271,4.292704812
"1693","Honduras","AMR","Americas","HND",2019,340,"COUNTRY",3.24971365,2.398921155,4.264995104
"1694","Honduras","AMR","Americas","HND",2012,340,"COUNTRY",3.184482581,2.233082676,4.215057567
"1695","Honduras","AMR","Americas","HND",2006,340,"COUNTRY",3.510684256,2.531701414,4.532055269
"1696","Honduras","AMR","Americas","HND",2021,340,"COUNTRY",3.142463315,2.203619422,4.157249878
"1697","Honduras","AMR","Americas","HND",2003,340,"COUNTRY",3.387675679,2.419828663,4.435436595
"1698","Honduras","AMR","Americas","HND",2020,340,"COUNTRY",3.203424176,2.273479112,4.187487333
"1699","Honduras","AMR","Americas","HND",2017,340,"COUNTRY",3.149544548,2.261794578,4.21262611
"1700","Honduras","AMR","Americas","HND",2001,340,"COUNTRY",3.16636011,2.2581619,4.120373332
"1701","Honduras","AMR","Americas","HND",2014,340,"COUNTRY",2.996131519,2.060417269,4.006719641
"1702","Honduras","AMR","Americas","HND",2007,340,"COUNTRY",3.442036842,2.51283641,4.424828113
"1703","Hungary","EUR","Europe","HUN",2017,348,"COUNTRY",11.872625658,10.048905111,13.719075186
"1704","Hungary","EUR","Europe","HUN",2015,348,"COUNTRY",11.813101499,10.006840126,13.556217587
"1705","Hungary","EUR","Europe","HUN",2007,348,"COUNTRY",13.265728566,11.220457884,15.239248873
"1706","Hungary","EUR","Europe","HUN",2006,348,"COUNTRY",13.664155152,11.658699673,15.749906169
"1707","Hungary","EUR","Europe","HUN",2011,348,"COUNTRY",11.871535453,10.041870158,13.640265118
"1708","Hungary","EUR","Europe","HUN",2002,348,"COUNTRY",14.262036981,12.270247098,16.281393313
"1709","Hungary","EUR","Europe","HUN",2000,348,"COUNTRY",13.956177046,12.148823009,16.117106964
"1710","Hungary","EUR","Europe","HUN",2016,348,"COUNTRY",11.761243239,9.955366499,13.460020291
"1711","Hungary","EUR","Europe","HUN",2003,348,"COUNTRY",14.206099127,12.298315873,16.101902
"1712","Hungary","EUR","Europe","HUN",2020,348,"COUNTRY",11.26485807,9.450948711,13.027429589
"1713","Hungary","EUR","Europe","HUN",2005,348,"COUNTRY",13.918543555,11.918093834,15.920496948
"1714","Hungary","EUR","Europe","HUN",2012,348,"COUNTRY",11.877280691,10.124021879,13.637286156
"1715","Hungary","EUR","Europe","HUN",2009,348,"COUNTRY",12.125365671,10.223535607,14.285372789
"1716","Hungary","EUR","Europe","HUN",2004,348,"COUNTRY",14.015173502,11.978649666,15.95656002
"1717","Hungary","EUR","Europe","HUN",2014,348,"COUNTRY",11.654067827,9.991209972,13.43265816
"1718","Hungary","EUR","Europe","HUN",2013,348,"COUNTRY",11.731255596,10.044558237,13.532653353
"1719","Hungary","EUR","Europe","HUN",2001,348,"COUNTRY",13.956177046,12.148823009,16.117106964
"1720","Hungary","EUR","Europe","HUN",2021,348,"COUNTRY",11.251791785,9.599253798,13.009544884
"1721","Hungary","EUR","Europe","HUN",2018,348,"COUNTRY",11.67281441,9.930270588,13.51374732
"1722","Hungary","EUR","Europe","HUN",2022,348,"COUNTRY",11.251791785,9.599253798,13.009544884
"1723","Hungary","EUR","Europe","HUN",2008,348,"COUNTRY",12.71382958,10.95122428,14.770657871
"1724","Hungary","EUR","Europe","HUN",2010,348,"COUNTRY",11.996156486,10.113108911,13.929339201
"1725","Hungary","EUR","Europe","HUN",2019,348,"COUNTRY",11.551335773,9.687456389,13.327348645
"1726","Iceland","EUR","Europe","ISL",2010,352,"COUNTRY",7.549639413,6.169505177,9.079598934
"1727","Iceland","EUR","Europe","ISL",2012,352,"COUNTRY",7.320923336,5.833666247,8.940185057
"1728","Iceland","EUR","Europe","ISL",2007,352,"COUNTRY",7.924018964,6.414402502,9.585583202
"1729","Iceland","EUR","Europe","ISL",2002,352,"COUNTRY",7.168310765,5.706324675,8.720208227
"1730","Iceland","EUR","Europe","ISL",2005,352,"COUNTRY",7.626788501,6.067992837,9.164666074
"1731","Iceland","EUR","Europe","ISL",2004,352,"COUNTRY",7.417550027,5.964260571,8.947700225
"1732","Iceland","EUR","Europe","ISL",2001,352,"COUNTRY",7.060252017,5.635346089,8.391511755
"1733","Iceland","EUR","Europe","ISL",2008,352,"COUNTRY",7.924172117,6.417909837,9.561225526
"1734","Iceland","EUR","Europe","ISL",2019,352,"COUNTRY",7.629249531,6.066543939,9.356436229
"1735","Iceland","EUR","Europe","ISL",2017,352,"COUNTRY",7.500379345,5.977458113,9.300831261
"1736","Iceland","EUR","Europe","ISL",2014,352,"COUNTRY",7.45570289,5.826497184,9.140404608
"1737","Iceland","EUR","Europe","ISL",2015,352,"COUNTRY",7.527060432,5.9675919,9.333377851
"1738","Iceland","EUR","Europe","ISL",2018,352,"COUNTRY",7.487611879,5.875105348,9.326397342
"1739","Iceland","EUR","Europe","ISL",2013,352,"COUNTRY",7.294245581,5.732793202,8.899211807
"1740","Iceland","EUR","Europe","ISL",2020,352,"COUNTRY",8.004143887,6.471426872,9.64548723
"1741","Iceland","EUR","Europe","ISL",2021,352,"COUNTRY",8.212301225,6.771353554,9.800036632
"1742","Iceland","EUR","Europe","ISL",2003,352,"COUNTRY",7.274396985,5.729347555,8.870464
"1743","Iceland","EUR","Europe","ISL",2016,352,"COUNTRY",7.597546212,5.955257394,9.340809184
"1744","Iceland","EUR","Europe","ISL",2009,352,"COUNTRY",7.68688932,6.118886124,9.296616925
"1745","Iceland","EUR","Europe","ISL",2022,352,"COUNTRY",8.212301225,6.771353554,9.800036632
"1746","Iceland","EUR","Europe","ISL",2000,352,"COUNTRY",7.060252017,5.635346089,8.391511755
"1747","Iceland","EUR","Europe","ISL",2006,352,"COUNTRY",7.875342535,6.270998692,9.517722436
"1748","Iceland","EUR","Europe","ISL",2011,352,"COUNTRY",7.379397006,6.006383837,8.903197951
"1749","India","SEAR","South-East Asia","IND",2013,356,"COUNTRY",5.01853345,3.634212354,6.472293263
"1750","India","SEAR","South-East Asia","IND",2002,356,"COUNTRY",2.069103152,1.24119127,3.114569181
"1751","India","SEAR","South-East Asia","IND",2004,356,"COUNTRY",2.253855834,1.327850622,3.196908757
"1752","India","SEAR","South-East Asia","IND",2012,356,"COUNTRY",5.003873056,3.59171184,6.416233709
"1753","India","SEAR","South-East Asia","IND",2006,356,"COUNTRY",2.555901583,1.492013199,3.632125547
"1754","India","SEAR","South-East Asia","IND",2014,356,"COUNTRY",4.998815539,3.637606084,6.383033506
"1755","India","SEAR","South-East Asia","IND",2007,356,"COUNTRY",2.913346245,1.791168709,4.037500754
"1756","India","SEAR","South-East Asia","IND",2010,356,"COUNTRY",4.58921682,3.24498251,5.892717167
"1757","India","SEAR","South-East Asia","IND",2019,356,"COUNTRY",4.66189594,3.328397477,6.135566711
"1758","India","SEAR","South-East Asia","IND",2021,356,"COUNTRY",4.54485445,3.333837558,5.842440071
"1759","India","SEAR","South-East Asia","IND",2009,356,"COUNTRY",4.07782772,2.861680313,5.386737336
"1760","India","SEAR","South-East Asia","IND",2001,356,"COUNTRY",1.938443918,1.199116728,2.887142765
"1761","India","SEAR","South-East Asia","IND",2011,356,"COUNTRY",4.863126702,3.483439866,6.261710345
"1762","India","SEAR","South-East Asia","IND",2003,356,"COUNTRY",2.170030487,1.260947871,3.207333668
"1763","India","SEAR","South-East Asia","IND",2017,356,"COUNTRY",4.838238232,3.494857936,6.289490767
"1764","India","SEAR","South-East Asia","IND",2008,356,"COUNTRY",3.491341548,2.373265958,4.805946305
"1765","India","SEAR","South-East Asia","IND",2016,356,"COUNTRY",4.849240547,3.442682986,6.23734849
"1766","India","SEAR","South-East Asia","IND",2005,356,"COUNTRY",2.345975332,1.374729982,3.378045559
"1767","India","SEAR","South-East Asia","IND",2020,356,"COUNTRY",4.54125762,3.314681,5.880273342
"1768","India","SEAR","South-East Asia","IND",2022,356,"COUNTRY",4.54485445,3.333837558,5.842440071
"1769","India","SEAR","South-East Asia","IND",2000,356,"COUNTRY",1.938443918,1.199116728,2.887142765
"1770","India","SEAR","South-East Asia","IND",2018,356,"COUNTRY",4.877751608,3.578662783,6.376609818
"1771","India","SEAR","South-East Asia","IND",2015,356,"COUNTRY",4.946662876,3.55029893,6.38527183
"1772","Indonesia","WPR","Western Pacific","IDN",2017,360,"COUNTRY",0.111914909,0.043897303,0.324050293
"1773","Indonesia","WPR","Western Pacific","IDN",2008,360,"COUNTRY",0.093575034,0.030811971,0.303203758
"1774","Indonesia","WPR","Western Pacific","IDN",2004,360,"COUNTRY",0.075911326,0.025865846,0.256462494
"1775","Indonesia","WPR","Western Pacific","IDN",2005,360,"COUNTRY",0.081324087,0.024013565,0.260564379
"1776","Indonesia","WPR","Western Pacific","IDN",2006,360,"COUNTRY",0.084011795,0.027608319,0.273935866
"1777","Indonesia","WPR","Western Pacific","IDN",2022,360,"COUNTRY",0.084544712,0.02313286,0.279849179
"1778","Indonesia","WPR","Western Pacific","IDN",2009,360,"COUNTRY",0.10049304,0.037008146,0.309131685
"1779","Indonesia","WPR","Western Pacific","IDN",2000,360,"COUNTRY",0.082469322,0.034137126,0.271957786
"1780","Indonesia","WPR","Western Pacific","IDN",2010,360,"COUNTRY",0.10328872,0.032437952,0.323197745
"1781","Indonesia","WPR","Western Pacific","IDN",2007,360,"COUNTRY",0.088743896,0.026445173,0.28036597
"1782","Indonesia","WPR","Western Pacific","IDN",2012,360,"COUNTRY",0.110129679,0.036259751,0.312602909
"1783","Indonesia","WPR","Western Pacific","IDN",2014,360,"COUNTRY",0.112869384,0.038763768,0.342058804
"1784","Indonesia","WPR","Western Pacific","IDN",2011,360,"COUNTRY",0.105333358,0.036483882,0.318045711
"1785","Indonesia","WPR","Western Pacific","IDN",2020,360,"COUNTRY",0.089889207,0.02870142,0.283775379
"1786","Indonesia","WPR","Western Pacific","IDN",2003,360,"COUNTRY",0.073348968,0.019301853,0.253564383
"1787","Indonesia","WPR","Western Pacific","IDN",2002,360,"COUNTRY",0.075991438,0.021509144,0.261397747
"1788","Indonesia","WPR","Western Pacific","IDN",2021,360,"COUNTRY",0.084544712,0.02313286,0.279849179
"1789","Indonesia","WPR","Western Pacific","IDN",2019,360,"COUNTRY",0.09902087,0.036944686,0.314246004
"1790","Indonesia","WPR","Western Pacific","IDN",2001,360,"COUNTRY",0.082469322,0.034137126,0.271957786
"1791","Indonesia","WPR","Western Pacific","IDN",2018,360,"COUNTRY",0.111498248,0.038240396,0.331932246
"1792","Indonesia","WPR","Western Pacific","IDN",2013,360,"COUNTRY",0.114753284,0.039655571,0.327551816
"1793","Indonesia","WPR","Western Pacific","IDN",2015,360,"COUNTRY",0.111243772,0.033826334,0.321171275
"1794","Indonesia","WPR","Western Pacific","IDN",2016,360,"COUNTRY",0.108377187,0.036202168,0.323743972
"1795","Iran (Islamic Republic of)","EMR","Eastern Mediterranean","IRN",2022,364,"COUNTRY",0.074086376,0,0.286136221
"1796","Iran (Islamic Republic of)","EMR","Eastern Mediterranean","IRN",2000,364,"COUNTRY",0.19903686,0.016113496,0.553422475
"1797","Iran (Islamic Republic of)","EMR","Eastern Mediterranean","IRN",2009,364,"COUNTRY",0.19903686,0.019428017,0.559789838
"1798","Iran (Islamic Republic of)","EMR","Eastern Mediterranean","IRN",2006,364,"COUNTRY",0.19903686,0.010894914,0.582220337
"1799","Iran (Islamic Republic of)","EMR","Eastern Mediterranean","IRN",2014,364,"COUNTRY",0.064458094,0,0.29863922
"1800","Iran (Islamic Republic of)","EMR","Eastern Mediterranean","IRN",2003,364,"COUNTRY",0.19903686,0.016939731,0.564296177
"1801","Iran (Islamic Republic of)","EMR","Eastern Mediterranean","IRN",2021,364,"COUNTRY",0.074086376,0,0.286136221
"1802","Iran (Islamic Republic of)","EMR","Eastern Mediterranean","IRN",2012,364,"COUNTRY",0.222215462,0.012934859,0.616850968
"1803","Iran (Islamic Republic of)","EMR","Eastern Mediterranean","IRN",2005,364,"COUNTRY",0.19903686,0.013946952,0.573478474
"1804","Iran (Islamic Republic of)","EMR","Eastern Mediterranean","IRN",2004,364,"COUNTRY",0.19903686,0.00304138,0.56607214
"1805","Iran (Islamic Republic of)","EMR","Eastern Mediterranean","IRN",2011,364,"COUNTRY",0.230845549,0.009326814,0.611067671
"1806","Iran (Islamic Republic of)","EMR","Eastern Mediterranean","IRN",2002,364,"COUNTRY",0.19903686,0.022944857,0.557448088
"1807","Iran (Islamic Republic of)","EMR","Eastern Mediterranean","IRN",2001,364,"COUNTRY",0.19903686,0.016113496,0.553422475
"1808","Iran (Islamic Republic of)","EMR","Eastern Mediterranean","IRN",2010,364,"COUNTRY",0.235892263,0.018420858,0.63131416
"1809","Iran (Islamic Republic of)","EMR","Eastern Mediterranean","IRN",2020,364,"COUNTRY",0.073863019,0,0.295779001
"1810","Iran (Islamic Republic of)","EMR","Eastern Mediterranean","IRN",2016,364,"COUNTRY",0.125112964,0,0.401571656
"1811","Iran (Islamic Republic of)","EMR","Eastern Mediterranean","IRN",2008,364,"COUNTRY",0.19903686,0.01925487,0.560583251
"1812","Iran (Islamic Republic of)","EMR","Eastern Mediterranean","IRN",2017,364,"COUNTRY",0.148965521,0,0.45636942
"1813","Iran (Islamic Republic of)","EMR","Eastern Mediterranean","IRN",2007,364,"COUNTRY",0.19903686,0.013117099,0.581298625
"1814","Iran (Islamic Republic of)","EMR","Eastern Mediterranean","IRN",2015,364,"COUNTRY",0.066785735,0,0.275001627
"1815","Iran (Islamic Republic of)","EMR","Eastern Mediterranean","IRN",2013,364,"COUNTRY",0.121934442,0,0.411344788
"1816","Iran (Islamic Republic of)","EMR","Eastern Mediterranean","IRN",2019,364,"COUNTRY",0.069575576,0,0.290544291
"1817","Iran (Islamic Republic of)","EMR","Eastern Mediterranean","IRN",2018,364,"COUNTRY",0.113975129,0,0.367966876
"1818","Iraq","EMR","Eastern Mediterranean","IRQ",2010,368,"COUNTRY",0.681542765,0.306116148,1.194591176
"1819","Iraq","EMR","Eastern Mediterranean","IRQ",2000,368,"COUNTRY",0.190877477,0.064922298,0.467339476
"1820","Iraq","EMR","Eastern Mediterranean","IRQ",2008,368,"COUNTRY",0.583244707,0.264351888,1.083302969
"1821","Iraq","EMR","Eastern Mediterranean","IRQ",2007,368,"COUNTRY",0.525774075,0.244674165,1.008868075
"1822","Iraq","EMR","Eastern Mediterranean","IRQ",2001,368,"COUNTRY",0.190877477,0.064922298,0.467339476
"1823","Iraq","EMR","Eastern Mediterranean","IRQ",2021,368,"COUNTRY",0.643986639,0.318481136,1.141187083
"1824","Iraq","EMR","Eastern Mediterranean","IRQ",2019,368,"COUNTRY",0.648304793,0.30905995,1.151955681
"1825","Iraq","EMR","Eastern Mediterranean","IRQ",2016,368,"COUNTRY",0.67526536,0.346359159,1.181326043
"1826","Iraq","EMR","Eastern Mediterranean","IRQ",2006,368,"COUNTRY",0.490965951,0.215650153,0.950014977
"1827","Iraq","EMR","Eastern Mediterranean","IRQ",2005,368,"COUNTRY",0.434018489,0.197244921,0.834185701
"1828","Iraq","EMR","Eastern Mediterranean","IRQ",2022,368,"COUNTRY",0.643986639,0.318481136,1.141187083
"1829","Iraq","EMR","Eastern Mediterranean","IRQ",2012,368,"COUNTRY",0.698127435,0.314097678,1.204925339
"1830","Iraq","EMR","Eastern Mediterranean","IRQ",2009,368,"COUNTRY",0.627806194,0.288551045,1.10557318
"1831","Iraq","EMR","Eastern Mediterranean","IRQ",2017,368,"COUNTRY",0.672356878,0.305999395,1.181882905
"1832","Iraq","EMR","Eastern Mediterranean","IRQ",2011,368,"COUNTRY",0.705686151,0.327304304,1.238100226
"1833","Iraq","EMR","Eastern Mediterranean","IRQ",2003,368,"COUNTRY",0.28195215,0.108609645,0.621156166
"1834","Iraq","EMR","Eastern Mediterranean","IRQ",2004,368,"COUNTRY",0.370220443,0.154401996,0.737371673
"1835","Iraq","EMR","Eastern Mediterranean","IRQ",2020,368,"COUNTRY",0.641518568,0.329342939,1.094223161
"1836","Iraq","EMR","Eastern Mediterranean","IRQ",2013,368,"COUNTRY",0.657878615,0.295652163,1.148597689
"1837","Iraq","EMR","Eastern Mediterranean","IRQ",2002,368,"COUNTRY",0.222992383,0.086163564,0.510376829
"1838","Iraq","EMR","Eastern Mediterranean","IRQ",2018,368,"COUNTRY",0.664182763,0.315418862,1.179266285
"1839","Iraq","EMR","Eastern Mediterranean","IRQ",2014,368,"COUNTRY",0.6465402,0.328875576,1.168677665
"1840","Iraq","EMR","Eastern Mediterranean","IRQ",2015,368,"COUNTRY",0.655374925,0.301159514,1.129658255
"1841","Ireland","EUR","Europe","IRL",2004,372,"COUNTRY",13.950444349,11.994652407,16.075727098
"1842","Ireland","EUR","Europe","IRL",2010,372,"COUNTRY",12.125646077,10.328112371,13.952538623
"1843","Ireland","EUR","Europe","IRL",2006,372,"COUNTRY",13.824519292,11.820313801,15.621084747
"1844","Ireland","EUR","Europe","IRL",2016,372,"COUNTRY",11.380215218,9.69225904,13.165446287
"1845","Ireland","EUR","Europe","IRL",2007,372,"COUNTRY",13.464686947,11.492036515,15.475981557
"1846","Ireland","EUR","Europe","IRL",2008,372,"COUNTRY",12.784457113,10.877322651,14.778636964
"1847","Ireland","EUR","Europe","IRL",2009,372,"COUNTRY",12.30908546,10.524768719,14.260517599
"1848","Ireland","EUR","Europe","IRL",2018,372,"COUNTRY",11.314619947,9.624718509,13.098240366
"1849","Ireland","EUR","Europe","IRL",2019,372,"COUNTRY",11.021390303,9.219197574,12.861229491
"1850","Ireland","EUR","Europe","IRL",2000,372,"COUNTRY",14.78801026,12.732755066,16.985010705
"1851","Ireland","EUR","Europe","IRL",2021,372,"COUNTRY",10.545296696,8.726535523,12.200290088
"1852","Ireland","EUR","Europe","IRL",2002,372,"COUNTRY",14.5296309,12.515763344,16.56104541
"1853","Ireland","EUR","Europe","IRL",2013,372,"COUNTRY",11.574685109,9.84624919,13.386311272
"1854","Ireland","EUR","Europe","IRL",2022,372,"COUNTRY",10.545296696,8.726535523,12.200290088
"1855","Ireland","EUR","Europe","IRL",2001,372,"COUNTRY",14.78801026,12.732755066,16.985010705
"1856","Ireland","EUR","Europe","IRL",2014,372,"COUNTRY",11.245818234,9.386434972,13.063557372
"1857","Ireland","EUR","Europe","IRL",2015,372,"COUNTRY",11.384970439,9.641139983,13.133700135
"1858","Ireland","EUR","Europe","IRL",2017,372,"COUNTRY",11.465150779,9.636890711,13.242815778
"1859","Ireland","EUR","Europe","IRL",2012,372,"COUNTRY",11.862839339,10.041003126,13.75789207
"1860","Ireland","EUR","Europe","IRL",2011,372,"COUNTRY",12.243010043,10.543013241,14.142605386
"1861","Ireland","EUR","Europe","IRL",2003,372,"COUNTRY",14.2396519,12.06915239,16.312875827
"1862","Ireland","EUR","Europe","IRL",2005,372,"COUNTRY",13.91204133,11.905489796,15.967325371
"1863","Ireland","EUR","Europe","IRL",2020,372,"COUNTRY",10.633930113,8.842912535,12.334729102
"1864","Israel","EUR","Europe","ISR",2009,376,"COUNTRY",3.150003454,2.316676043,4.200103155
"1865","Israel","EUR","Europe","ISR",2019,376,"COUNTRY",3.054007133,2.141567291,4.042222237
"1866","Israel","EUR","Europe","ISR",2004,376,"COUNTRY",2.787151221,2.015576727,3.753952959
"1867","Israel","EUR","Europe","ISR",2001,376,"COUNTRY",2.786365357,1.878779219,3.682026084
"1868","Israel","EUR","Europe","ISR",2018,376,"COUNTRY",3.126306554,2.199588,4.09009089
"1869","Israel","EUR","Europe","ISR",2010,376,"COUNTRY",3.200548403,2.268259673,4.187382209
"1870","Israel","EUR","Europe","ISR",2012,376,"COUNTRY",3.273722471,2.33662003,4.269719637
"1871","Israel","EUR","Europe","ISR",2008,376,"COUNTRY",3.064989064,2.152143264,4.020188686
"1872","Israel","EUR","Europe","ISR",2020,376,"COUNTRY",3.057439779,2.174901303,4.069553784
"1873","Israel","EUR","Europe","ISR",2017,376,"COUNTRY",3.124945076,2.262637171,4.145401176
"1874","Israel","EUR","Europe","ISR",2007,376,"COUNTRY",2.941156425,2.095551776,3.895308402
"1875","Israel","EUR","Europe","ISR",2022,376,"COUNTRY",3.124478878,2.274506433,4.153330942
"1876","Israel","EUR","Europe","ISR",2014,376,"COUNTRY",3.108210007,2.176008421,4.14160622
"1877","Israel","EUR","Europe","ISR",2021,376,"COUNTRY",3.124478878,2.274506433,4.153330942
"1878","Israel","EUR","Europe","ISR",2013,376,"COUNTRY",3.193557857,2.320873275,4.26069797
"1879","Israel","EUR","Europe","ISR",2005,376,"COUNTRY",2.796554317,2.023367755,3.726768249
"1880","Israel","EUR","Europe","ISR",2015,376,"COUNTRY",3.033640837,2.128560395,4.022525587
"1881","Israel","EUR","Europe","ISR",2000,376,"COUNTRY",2.786365357,1.878779219,3.682026084
"1882","Israel","EUR","Europe","ISR",2011,376,"COUNTRY",3.250930861,2.267889535,4.260113666
"1883","Israel","EUR","Europe","ISR",2016,376,"COUNTRY",3.079116366,2.194291028,4.079263516
"1884","Israel","EUR","Europe","ISR",2006,376,"COUNTRY",2.87570782,2.065230908,3.805994345
"1885","Israel","EUR","Europe","ISR",2002,376,"COUNTRY",2.798771392,1.979315121,3.739485228
"1886","Israel","EUR","Europe","ISR",2003,376,"COUNTRY",2.766409028,1.97323022,3.794542856
"1887","Italy","EUR","Europe","ITA",2012,380,"COUNTRY",7.744049768,6.352878922,9.27185011
"1888","Italy","EUR","Europe","ITA",2008,380,"COUNTRY",7.265833495,5.878274905,8.743877505
"1889","Italy","EUR","Europe","ITA",2014,380,"COUNTRY",7.837345776,6.373578717,9.362226673
"1890","Italy","EUR","Europe","ITA",2007,380,"COUNTRY",7.54856149,6.06488827,9.024168709
"1891","Italy","EUR","Europe","ITA",2013,380,"COUNTRY",7.944471831,6.509777101,9.362355447
"1892","Italy","EUR","Europe","ITA",2006,380,"COUNTRY",7.749206596,6.392792765,9.30083716
"1893","Italy","EUR","Europe","ITA",2000,380,"COUNTRY",10.007954164,8.369867396,11.608841026
"1894","Italy","EUR","Europe","ITA",2003,380,"COUNTRY",9.622988227,7.965011329,11.388622424
"1895","Italy","EUR","Europe","ITA",2015,380,"COUNTRY",7.738342725,6.424930573,9.213857478
"1896","Italy","EUR","Europe","ITA",2009,380,"COUNTRY",7.191346262,5.70283382,8.610445653
"1897","Italy","EUR","Europe","ITA",2005,380,"COUNTRY",8.352921334,6.94035268,9.858725389
"1898","Italy","EUR","Europe","ITA",2002,380,"COUNTRY",9.846599948,8.273439475,11.514495645
"1899","Italy","EUR","Europe","ITA",2019,380,"COUNTRY",8.256247169,6.837981097,9.801847183
"1900","Italy","EUR","Europe","ITA",2001,380,"COUNTRY",10.007954164,8.369867396,11.608841026
"1901","Italy","EUR","Europe","ITA",2004,380,"COUNTRY",9.026420602,7.442380385,10.585701309
"1902","Italy","EUR","Europe","ITA",2020,380,"COUNTRY",8.295511815,6.817038639,9.861148952
"1903","Italy","EUR","Europe","ITA",2018,380,"COUNTRY",8.263236597,6.938725062,9.711864605
"1904","Italy","EUR","Europe","ITA",2016,380,"COUNTRY",7.735497754,6.523628644,9.222727431
"1905","Italy","EUR","Europe","ITA",2011,380,"COUNTRY",7.604476248,6.175265158,8.977995882
"1906","Italy","EUR","Europe","ITA",2010,380,"COUNTRY",7.241329393,5.760129121,8.659864749
"1907","Italy","EUR","Europe","ITA",2021,380,"COUNTRY",8.329214324,6.906104355,9.93245791
"1908","Italy","EUR","Europe","ITA",2022,380,"COUNTRY",8.329214324,6.906104355,9.93245791
"1909","Italy","EUR","Europe","ITA",2017,380,"COUNTRY",8.011340638,6.74188446,9.424987276
"1910","Jamaica","AMR","Americas","JAM",2007,388,"COUNTRY",3.370017925,2.348131536,4.484178883
"1911","Jamaica","AMR","Americas","JAM",2013,388,"COUNTRY",3.604864012,2.621451903,4.784620932
"1912","Jamaica","AMR","Americas","JAM",2017,388,"COUNTRY",3.889860327,2.877684908,5.069042339
"1913","Jamaica","AMR","Americas","JAM",2011,388,"COUNTRY",3.477308981,2.438857303,4.598748227
"1914","Jamaica","AMR","Americas","JAM",2015,388,"COUNTRY",3.709351364,2.711611259,4.796659835
"1915","Jamaica","AMR","Americas","JAM",2004,388,"COUNTRY",3.466456061,2.519729173,4.534950557
"1916","Jamaica","AMR","Americas","JAM",2019,388,"COUNTRY",3.797067176,2.749354293,4.905351722
"1917","Jamaica","AMR","Americas","JAM",2000,388,"COUNTRY",3.764077737,2.746937493,4.819877007
"1918","Jamaica","AMR","Americas","JAM",2003,388,"COUNTRY",3.487928758,2.476417942,4.636356317
"1919","Jamaica","AMR","Americas","JAM",2008,388,"COUNTRY",3.311391742,2.369980115,4.35665383
"1920","Jamaica","AMR","Americas","JAM",2014,388,"COUNTRY",3.680982648,2.714551192,4.798919973
"1921","Jamaica","AMR","Americas","JAM",2010,388,"COUNTRY",3.383742422,2.405829582,4.450720265
"1922","Jamaica","AMR","Americas","JAM",2006,388,"COUNTRY",3.426619527,2.374501331,4.554670846
"1923","Jamaica","AMR","Americas","JAM",2022,388,"COUNTRY",3.925550048,2.882525524,5.206710638
"1924","Jamaica","AMR","Americas","JAM",2001,388,"COUNTRY",3.764077737,2.746937493,4.819877007
"1925","Jamaica","AMR","Americas","JAM",2016,388,"COUNTRY",3.786528291,2.804401714,4.950870978
"1926","Jamaica","AMR","Americas","JAM",2018,388,"COUNTRY",3.950384364,2.918528937,5.089935041
"1927","Jamaica","AMR","Americas","JAM",2012,388,"COUNTRY",3.54167814,2.467212355,4.649771534
"1928","Jamaica","AMR","Americas","JAM",2002,388,"COUNTRY",3.551530054,2.57738545,4.619475252
"1929","Jamaica","AMR","Americas","JAM",2021,388,"COUNTRY",3.925550048,2.882525524,5.206710638
"1930","Jamaica","AMR","Americas","JAM",2005,388,"COUNTRY",3.484631682,2.477231125,4.602209998
"1931","Jamaica","AMR","Americas","JAM",2020,388,"COUNTRY",3.768650663,2.680431248,5.028866479
"1932","Jamaica","AMR","Americas","JAM",2009,388,"COUNTRY",3.34030167,2.368423938,4.414809509
"1933","Japan","WPR","Western Pacific","JPN",2018,392,"COUNTRY",6.638901414,5.338388574,7.999603208
"1934","Japan","WPR","Western Pacific","JPN",2010,392,"COUNTRY",6.739231918,5.549053955,8.113062233
"1935","Japan","WPR","Western Pacific","JPN",2020,392,"COUNTRY",6.377904599,5.139348433,7.695618965
"1936","Japan","WPR","Western Pacific","JPN",2011,392,"COUNTRY",6.73700526,5.573910881,8.09469387
"1937","Japan","WPR","Western Pacific","JPN",2002,392,"COUNTRY",7.274637349,5.894571599,8.752359611
"1938","Japan","WPR","Western Pacific","JPN",2003,392,"COUNTRY",7.232071356,5.922108319,8.737136234
"1939","Japan","WPR","Western Pacific","JPN",2000,392,"COUNTRY",7.624092439,6.301137516,9.181912621
"1940","Japan","WPR","Western Pacific","JPN",2013,392,"COUNTRY",6.735891108,5.520388699,8.117174433
"1941","Japan","WPR","Western Pacific","JPN",2008,392,"COUNTRY",6.815677076,5.524124273,8.286365847
"1942","Japan","WPR","Western Pacific","JPN",2021,392,"COUNTRY",6.310085844,5.040317619,7.638079329
"1943","Japan","WPR","Western Pacific","JPN",2006,392,"COUNTRY",7.296154424,5.963703414,8.76977512
"1944","Japan","WPR","Western Pacific","JPN",2014,392,"COUNTRY",6.720189994,5.519821799,8.010072676
"1945","Japan","WPR","Western Pacific","JPN",2001,392,"COUNTRY",7.624092439,6.301137516,9.181912621
"1946","Japan","WPR","Western Pacific","JPN",2015,392,"COUNTRY",6.678539858,5.467411231,7.978749738
"1947","Japan","WPR","Western Pacific","JPN",2016,392,"COUNTRY",6.706378579,5.442881454,8.090304473
"1948","Japan","WPR","Western Pacific","JPN",2004,392,"COUNTRY",7.309970866,6.016062165,8.745698681
"1949","Japan","WPR","Western Pacific","JPN",2017,392,"COUNTRY",6.68008242,5.454750034,7.99985329
"1950","Japan","WPR","Western Pacific","JPN",2005,392,"COUNTRY",7.395405414,6.059019751,8.789960059
"1951","Japan","WPR","Western Pacific","JPN",2019,392,"COUNTRY",6.509647609,5.257806633,7.893049189
"1952","Japan","WPR","Western Pacific","JPN",2022,392,"COUNTRY",6.310085844,5.040317619,7.638079329
"1953","Japan","WPR","Western Pacific","JPN",2009,392,"COUNTRY",6.742446479,5.449146196,8.130438323
"1954","Japan","WPR","Western Pacific","JPN",2012,392,"COUNTRY",6.771422123,5.620023479,8.135139462
"1955","Japan","WPR","Western Pacific","JPN",2007,392,"COUNTRY",7.041708575,5.818338247,8.43529559
"1956","Jordan","EMR","Eastern Mediterranean","JOR",2000,400,"COUNTRY",0.548236523,0.277031892,0.983864233
"1957","Jordan","EMR","Eastern Mediterranean","JOR",2018,400,"COUNTRY",0.313970263,0.116908741,0.629897526
"1958","Jordan","EMR","Eastern Mediterranean","JOR",2004,400,"COUNTRY",0.539771277,0.258968511,0.95355612
"1959","Jordan","EMR","Eastern Mediterranean","JOR",2019,400,"COUNTRY",0.276308684,0.102787166,0.582656756
"1960","Jordan","EMR","Eastern Mediterranean","JOR",2009,400,"COUNTRY",0.564249182,0.281985597,1.00860403
"1961","Jordan","EMR","Eastern Mediterranean","JOR",2014,400,"COUNTRY",0.42478923,0.179357886,0.807243038
"1962","Jordan","EMR","Eastern Mediterranean","JOR",2020,400,"COUNTRY",0.25484989,0.093959346,0.552203101
"1963","Jordan","EMR","Eastern Mediterranean","JOR",2013,400,"COUNTRY",0.468903255,0.199083197,0.843590621
"1964","Jordan","EMR","Eastern Mediterranean","JOR",2002,400,"COUNTRY",0.546724487,0.267082048,0.979398904
"1965","Jordan","EMR","Eastern Mediterranean","JOR",2001,400,"COUNTRY",0.548236523,0.277031892,0.983864233
"1966","Jordan","EMR","Eastern Mediterranean","JOR",2022,400,"COUNTRY",0.250387453,0.098723483,0.544244514
"1967","Jordan","EMR","Eastern Mediterranean","JOR",2003,400,"COUNTRY",0.542221915,0.266749016,0.979290524
"1968","Jordan","EMR","Eastern Mediterranean","JOR",2021,400,"COUNTRY",0.250387453,0.098723483,0.544244514
"1969","Jordan","EMR","Eastern Mediterranean","JOR",2008,400,"COUNTRY",0.566583895,0.268415244,0.997940406
"1970","Jordan","EMR","Eastern Mediterranean","JOR",2007,400,"COUNTRY",0.564141048,0.265207134,0.981035263
"1971","Jordan","EMR","Eastern Mediterranean","JOR",2005,400,"COUNTRY",0.547092077,0.24513866,0.941053683
"1972","Jordan","EMR","Eastern Mediterranean","JOR",2016,400,"COUNTRY",0.353460534,0.14212121,0.696906163
"1973","Jordan","EMR","Eastern Mediterranean","JOR",2015,400,"COUNTRY",0.387835299,0.171324639,0.732185161
"1974","Jordan","EMR","Eastern Mediterranean","JOR",2012,400,"COUNTRY",0.48764582,0.197451576,0.904448599
"1975","Jordan","EMR","Eastern Mediterranean","JOR",2017,400,"COUNTRY",0.337948706,0.141982042,0.656520988
"1976","Jordan","EMR","Eastern Mediterranean","JOR",2011,400,"COUNTRY",0.514047376,0.236760408,0.905505786
"1977","Jordan","EMR","Eastern Mediterranean","JOR",2006,400,"COUNTRY",0.551588172,0.260011153,0.967003901
"1978","Jordan","EMR","Eastern Mediterranean","JOR",2010,400,"COUNTRY",0.537703705,0.241411478,0.952406683
"1979","Kazakhstan","EUR","Europe","KAZ",2022,398,"COUNTRY",5.367094528,4.190215669,6.553494907
"1980","Kazakhstan","EUR","Europe","KAZ",2000,398,"COUNTRY",3.848233624,2.80436369,5.034977191
"1981","Kazakhstan","EUR","Europe","KAZ",2008,398,"COUNTRY",4.408769244,3.313081349,5.543919496
"1982","Kazakhstan","EUR","Europe","KAZ",2018,398,"COUNTRY",4.791604924,3.477315563,6.047716428
"1983","Kazakhstan","EUR","Europe","KAZ",2013,398,"COUNTRY",4.556874861,3.413433588,5.859618896
"1984","Kazakhstan","EUR","Europe","KAZ",2009,398,"COUNTRY",4.385028854,3.216042658,5.645144756
"1985","Kazakhstan","EUR","Europe","KAZ",2021,398,"COUNTRY",5.367094528,4.190215669,6.553494907
"1986","Kazakhstan","EUR","Europe","KAZ",2020,398,"COUNTRY",4.725985837,3.578973306,5.916924091
"1987","Kazakhstan","EUR","Europe","KAZ",2016,398,"COUNTRY",4.454757732,3.445073522,5.699590723
"1988","Kazakhstan","EUR","Europe","KAZ",2006,398,"COUNTRY",4.673555212,3.516572947,5.975273963
"1989","Kazakhstan","EUR","Europe","KAZ",2005,398,"COUNTRY",4.440703571,3.191283316,5.796863565
"1990","Kazakhstan","EUR","Europe","KAZ",2014,398,"COUNTRY",4.442377435,3.335785337,5.804442969
"1991","Kazakhstan","EUR","Europe","KAZ",2002,398,"COUNTRY",3.938478159,2.942554699,5.137873204
"1992","Kazakhstan","EUR","Europe","KAZ",2010,398,"COUNTRY",4.363229169,3.224343327,5.601115696
"1993","Kazakhstan","EUR","Europe","KAZ",2001,398,"COUNTRY",3.848233624,2.80436369,5.034977191
"1994","Kazakhstan","EUR","Europe","KAZ",2007,398,"COUNTRY",4.61801217,3.481171768,5.896133382
"1995","Kazakhstan","EUR","Europe","KAZ",2019,398,"COUNTRY",4.837597186,3.633109695,6.042767088
"1996","Kazakhstan","EUR","Europe","KAZ",2003,398,"COUNTRY",4.074014842,3.067256537,5.223250949
"1997","Kazakhstan","EUR","Europe","KAZ",2004,398,"COUNTRY",4.268125892,3.136793168,5.513296015
"1998","Kazakhstan","EUR","Europe","KAZ",2017,398,"COUNTRY",4.749662351,3.528637002,6.016785613
"1999","Kazakhstan","EUR","Europe","KAZ",2012,398,"COUNTRY",4.480353751,3.314650011,5.822015849
"2000","Kazakhstan","EUR","Europe","KAZ",2011,398,"COUNTRY",4.550383178,3.319983188,5.798794058
"2001","Kazakhstan","EUR","Europe","KAZ",2015,398,"COUNTRY",4.405327466,3.317819587,5.723612546
"2002","Kenya","AFR","Africa","KEN",2008,404,"COUNTRY",2.667458086,1.756076612,3.63962596
"2003","Kenya","AFR","Africa","KEN",2015,404,"COUNTRY",2.853857563,1.945724363,3.777900613
"2004","Kenya","AFR","Africa","KEN",2020,404,"COUNTRY",2.765518968,1.972341744,3.761430579
"2005","Kenya","AFR","Africa","KEN",2005,404,"COUNTRY",2.399360232,1.607290985,3.252518069
"2006","Kenya","AFR","Africa","KEN",2017,404,"COUNTRY",2.939708924,2.025285966,3.920237093
"2007","Kenya","AFR","Africa","KEN",2014,404,"COUNTRY",2.866348222,1.917645527,3.918767574
"2008","Kenya","AFR","Africa","KEN",2012,404,"COUNTRY",2.794951142,1.948884699,3.772682543
"2009","Kenya","AFR","Africa","KEN",2007,404,"COUNTRY",2.586271732,1.740479182,3.532213405
"2010","Kenya","AFR","Africa","KEN",2006,404,"COUNTRY",2.508420974,1.722926292,3.453523255
"2011","Kenya","AFR","Africa","KEN",2002,404,"COUNTRY",2.256312039,1.461533615,3.107197244
"2012","Kenya","AFR","Africa","KEN",2003,404,"COUNTRY",2.24153676,1.441863412,3.064893362
"2013","Kenya","AFR","Africa","KEN",2022,404,"COUNTRY",2.479798025,1.650331692,3.447818678
"2014","Kenya","AFR","Africa","KEN",2011,404,"COUNTRY",2.719860591,1.878533071,3.701788627
"2015","Kenya","AFR","Africa","KEN",2004,404,"COUNTRY",2.303923042,1.530446766,3.162645029
"2016","Kenya","AFR","Africa","KEN",2018,404,"COUNTRY",2.971728842,2.096028714,3.965433638
"2017","Kenya","AFR","Africa","KEN",2019,404,"COUNTRY",2.781661818,1.938987577,3.787110474
"2018","Kenya","AFR","Africa","KEN",2013,404,"COUNTRY",2.84258774,1.961009818,3.805586441
"2019","Kenya","AFR","Africa","KEN",2000,404,"COUNTRY",2.298563916,1.526210641,3.175047868
"2020","Kenya","AFR","Africa","KEN",2009,404,"COUNTRY",2.698212502,1.841246311,3.711874595
"2021","Kenya","AFR","Africa","KEN",2010,404,"COUNTRY",2.674223911,1.841828718,3.702957266
"2022","Kenya","AFR","Africa","KEN",2001,404,"COUNTRY",2.298563916,1.526210641,3.175047868
"2023","Kenya","AFR","Africa","KEN",2016,404,"COUNTRY",2.937444747,1.992474923,3.900054825
"2024","Kenya","AFR","Africa","KEN",2021,404,"COUNTRY",2.479798025,1.650331692,3.447818678
"2025","Kiribati","WPR","Western Pacific","KIR",2002,296,"COUNTRY",1.011118309,0.476171704,1.761834057
"2026","Kiribati","WPR","Western Pacific","KIR",2016,296,"COUNTRY",1.593402047,0.814140231,2.474566952
"2027","Kiribati","WPR","Western Pacific","KIR",2012,296,"COUNTRY",0.995815949,0.447569396,1.757976824
"2028","Kiribati","WPR","Western Pacific","KIR",2021,296,"COUNTRY",1.030854414,0.465526241,1.73104846
"2029","Kiribati","WPR","Western Pacific","KIR",2001,296,"COUNTRY",1.039165754,0.52021446,1.73291392
"2030","Kiribati","WPR","Western Pacific","KIR",2009,296,"COUNTRY",0.860295579,0.352120993,1.548566662
"2031","Kiribati","WPR","Western Pacific","KIR",2011,296,"COUNTRY",1.020118746,0.479114029,1.780361585
"2032","Kiribati","WPR","Western Pacific","KIR",2003,296,"COUNTRY",0.984776769,0.426449477,1.649885706
"2033","Kiribati","WPR","Western Pacific","KIR",2013,296,"COUNTRY",1.017901809,0.444197132,1.787390089
"2034","Kiribati","WPR","Western Pacific","KIR",2019,296,"COUNTRY",1.124705964,0.516812977,1.895290881
"2035","Kiribati","WPR","Western Pacific","KIR",2004,296,"COUNTRY",0.962262196,0.416208168,1.6501385
"2036","Kiribati","WPR","Western Pacific","KIR",2022,296,"COUNTRY",1.030854414,0.465526241,1.73104846
"2037","Kiribati","WPR","Western Pacific","KIR",2007,296,"COUNTRY",0.896234556,0.358935704,1.585020872
"2038","Kiribati","WPR","Western Pacific","KIR",2005,296,"COUNTRY",0.940550664,0.40290739,1.62685461
"2039","Kiribati","WPR","Western Pacific","KIR",2020,296,"COUNTRY",1.059749787,0.478325417,1.800805307
"2040","Kiribati","WPR","Western Pacific","KIR",2015,296,"COUNTRY",1.596822662,0.755419891,2.459993966
"2041","Kiribati","WPR","Western Pacific","KIR",2008,296,"COUNTRY",0.874863143,0.359464627,1.562456836
"2042","Kiribati","WPR","Western Pacific","KIR",2000,296,"COUNTRY",1.039165754,0.52021446,1.73291392
"2043","Kiribati","WPR","Western Pacific","KIR",2010,296,"COUNTRY",0.937775861,0.409529264,1.629298714
"2044","Kiribati","WPR","Western Pacific","KIR",2014,296,"COUNTRY",1.335893754,0.662540064,2.144902441
"2045","Kiribati","WPR","Western Pacific","KIR",2018,296,"COUNTRY",1.039909177,0.495091842,1.756478176
"2046","Kiribati","WPR","Western Pacific","KIR",2017,296,"COUNTRY",1.254592697,0.617930298,2.070417194
"2047","Kiribati","WPR","Western Pacific","KIR",2006,296,"COUNTRY",0.918820479,0.39846929,1.638391724
"2048","Kuwait","EMR","Eastern Mediterranean","KWT",2003,414,"COUNTRY",0.163297877,0.062586612,0.439382722
"2049","Kuwait","EMR","Eastern Mediterranean","KWT",2011,414,"COUNTRY",0.131925097,0.040307085,0.382059734
"2050","Kuwait","EMR","Eastern Mediterranean","KWT",2009,414,"COUNTRY",0.152454815,0.055687572,0.422260057
"2051","Kuwait","EMR","Eastern Mediterranean","KWT",2008,414,"COUNTRY",0.163455351,0.061938506,0.433826207
"2052","Kuwait","EMR","Eastern Mediterranean","KWT",2018,414,"COUNTRY",0.084508381,0.026932454,0.300634258
"2053","Kuwait","EMR","Eastern Mediterranean","KWT",2004,414,"COUNTRY",0.167879609,0.060511672,0.451393058
"2054","Kuwait","EMR","Eastern Mediterranean","KWT",2021,414,"COUNTRY",0.072655837,0.023739022,0.273921723
"2055","Kuwait","EMR","Eastern Mediterranean","KWT",2020,414,"COUNTRY",0.072536092,0.028589629,0.278416543
"2056","Kuwait","EMR","Eastern Mediterranean","KWT",2005,414,"COUNTRY",0.171795104,0.069777992,0.465736946
"2057","Kuwait","EMR","Eastern Mediterranean","KWT",2006,414,"COUNTRY",0.174297645,0.062394902,0.447511606
"2058","Kuwait","EMR","Eastern Mediterranean","KWT",2015,414,"COUNTRY",0.111857353,0.042690723,0.353670088
"2059","Kuwait","EMR","Eastern Mediterranean","KWT",2014,414,"COUNTRY",0.115818042,0.041029929,0.355402486
"2060","Kuwait","EMR","Eastern Mediterranean","KWT",2010,414,"COUNTRY",0.142213592,0.049666763,0.384028203
"2061","Kuwait","EMR","Eastern Mediterranean","KWT",2022,414,"COUNTRY",0.072655837,0.023739022,0.273921723
"2062","Kuwait","EMR","Eastern Mediterranean","KWT",2013,414,"COUNTRY",0.117893026,0.040714612,0.347800487
"2063","Kuwait","EMR","Eastern Mediterranean","KWT",2017,414,"COUNTRY",0.094716332,0.032885441,0.326691873
"2064","Kuwait","EMR","Eastern Mediterranean","KWT",2016,414,"COUNTRY",0.104195376,0.033536096,0.340943339
"2065","Kuwait","EMR","Eastern Mediterranean","KWT",2000,414,"COUNTRY",0.1623747,0.061299923,0.45022439
"2066","Kuwait","EMR","Eastern Mediterranean","KWT",2012,414,"COUNTRY",0.122916653,0.048190016,0.368435247
"2067","Kuwait","EMR","Eastern Mediterranean","KWT",2007,414,"COUNTRY",0.17089553,0.064849655,0.44477184
"2068","Kuwait","EMR","Eastern Mediterranean","KWT",2001,414,"COUNTRY",0.1623747,0.061299923,0.45022439
"2069","Kuwait","EMR","Eastern Mediterranean","KWT",2019,414,"COUNTRY",0.077446259,0.0233789,0.284604087
"2070","Kuwait","EMR","Eastern Mediterranean","KWT",2002,414,"COUNTRY",0.159303438,0.063038753,0.443362357
"2071","Kyrgyzstan","EUR","Europe","KGZ",2018,417,"COUNTRY",5.027696891,3.883205994,6.183788636
"2072","Kyrgyzstan","EUR","Europe","KGZ",2001,417,"COUNTRY",5.702337964,4.510424868,6.989953759
"2073","Kyrgyzstan","EUR","Europe","KGZ",2011,417,"COUNTRY",6.605500465,5.268074476,7.891767562
"2074","Kyrgyzstan","EUR","Europe","KGZ",2010,417,"COUNTRY",6.433535677,5.108068443,7.671984382
"2075","Kyrgyzstan","EUR","Europe","KGZ",2009,417,"COUNTRY",6.479213563,5.178591406,7.802101638
"2076","Kyrgyzstan","EUR","Europe","KGZ",2008,417,"COUNTRY",6.529052501,5.227666464,7.800780688
"2077","Kyrgyzstan","EUR","Europe","KGZ",2012,417,"COUNTRY",6.601337803,5.263165122,8.02118043
"2078","Kyrgyzstan","EUR","Europe","KGZ",2007,417,"COUNTRY",6.782454196,5.402867994,8.016756489
"2079","Kyrgyzstan","EUR","Europe","KGZ",2015,417,"COUNTRY",6.296805538,5.04508106,7.561009865
"2080","Kyrgyzstan","EUR","Europe","KGZ",2003,417,"COUNTRY",6.665365331,5.376920745,7.994272164
"2081","Kyrgyzstan","EUR","Europe","KGZ",2016,417,"COUNTRY",5.856551857,4.627727783,7.196839209
"2082","Kyrgyzstan","EUR","Europe","KGZ",2014,417,"COUNTRY",6.512225421,5.192304352,7.937809862
"2083","Kyrgyzstan","EUR","Europe","KGZ",2019,417,"COUNTRY",4.432266195,3.275616464,5.566995737
"2084","Kyrgyzstan","EUR","Europe","KGZ",2005,417,"COUNTRY",6.81877958,5.419806953,8.216573363
"2085","Kyrgyzstan","EUR","Europe","KGZ",2004,417,"COUNTRY",6.746909108,5.369356106,8.195453605
"2086","Kyrgyzstan","EUR","Europe","KGZ",2000,417,"COUNTRY",5.702337964,4.510424868,6.989953759
"2087","Kyrgyzstan","EUR","Europe","KGZ",2017,417,"COUNTRY",5.512575705,4.275961541,6.769018904
"2088","Kyrgyzstan","EUR","Europe","KGZ",2002,417,"COUNTRY",6.424077377,5.084367213,7.704790189
"2089","Kyrgyzstan","EUR","Europe","KGZ",2022,417,"COUNTRY",3.919740299,2.915664417,5.008117142
"2090","Kyrgyzstan","EUR","Europe","KGZ",2006,417,"COUNTRY",6.83536256,5.509269392,8.198483222
"2091","Kyrgyzstan","EUR","Europe","KGZ",2021,417,"COUNTRY",3.919740299,2.915664417,5.008117142
"2092","Kyrgyzstan","EUR","Europe","KGZ",2013,417,"COUNTRY",6.7012561,5.401144153,8.061733976
"2093","Kyrgyzstan","EUR","Europe","KGZ",2020,417,"COUNTRY",4.07629847,2.970938554,5.251469558
"2094","Lao People's Democratic Republic","WPR","Western Pacific","LAO",2018,418,"COUNTRY",10.928490409,8.845090128,12.931606754
"2095","Lao People's Democratic Republic","WPR","Western Pacific","LAO",2009,418,"COUNTRY",9.972870633,7.92751306,12.132095918
"2096","Lao People's Democratic Republic","WPR","Western Pacific","LAO",2022,418,"COUNTRY",11.167949121,9.194070314,13.355185698
"2097","Lao People's Democratic Republic","WPR","Western Pacific","LAO",2012,418,"COUNTRY",10.178807673,8.185443125,12.21497395
"2098","Lao People's Democratic Republic","WPR","Western Pacific","LAO",2000,418,"COUNTRY",8.702088792,6.688157562,10.603607657
"2099","Lao People's Democratic Republic","WPR","Western Pacific","LAO",2008,418,"COUNTRY",9.747752169,7.768040145,11.728876594
"2100","Lao People's Democratic Republic","WPR","Western Pacific","LAO",2014,418,"COUNTRY",10.485757965,8.324163274,12.643099563
"2101","Lao People's Democratic Republic","WPR","Western Pacific","LAO",2001,418,"COUNTRY",8.702088792,6.688157562,10.603607657
"2102","Lao People's Democratic Republic","WPR","Western Pacific","LAO",2003,418,"COUNTRY",8.86840551,7.055514863,10.791804129
"2103","Lao People's Democratic Republic","WPR","Western Pacific","LAO",2004,418,"COUNTRY",8.994428483,7.074443836,10.958607958
"2104","Lao People's Democratic Republic","WPR","Western Pacific","LAO",2010,418,"COUNTRY",10.099550135,8.033131698,11.98692117
"2105","Lao People's Democratic Republic","WPR","Western Pacific","LAO",2019,418,"COUNTRY",11.078448783,9.06549763,13.135594499
"2106","Lao People's Democratic Republic","WPR","Western Pacific","LAO",2013,418,"COUNTRY",10.279926265,8.270196899,12.240678469
"2107","Lao People's Democratic Republic","WPR","Western Pacific","LAO",2006,418,"COUNTRY",9.297071013,7.302332504,11.236582224
"2108","Lao People's Democratic Republic","WPR","Western Pacific","LAO",2007,418,"COUNTRY",9.514005959,7.553156829,11.583986355
"2109","Lao People's Democratic Republic","WPR","Western Pacific","LAO",2021,418,"COUNTRY",11.167949121,9.194070314,13.355185698
"2110","Lao People's Democratic Republic","WPR","Western Pacific","LAO",2016,418,"COUNTRY",10.927462931,8.944359105,13.091775088
"2111","Lao People's Democratic Republic","WPR","Western Pacific","LAO",2015,418,"COUNTRY",10.811232876,8.691424601,12.979606283
"2112","Lao People's Democratic Republic","WPR","Western Pacific","LAO",2017,418,"COUNTRY",10.84699984,8.714115603,12.834616291
"2113","Lao People's Democratic Republic","WPR","Western Pacific","LAO",2011,418,"COUNTRY",10.152248485,8.20008232,12.115017865
"2114","Lao People's Democratic Republic","WPR","Western Pacific","LAO",2020,418,"COUNTRY",11.170132229,9.067518648,13.227713457
"2115","Lao People's Democratic Republic","WPR","Western Pacific","LAO",2002,418,"COUNTRY",8.782517039,6.937189789,10.602915863
"2116","Lao People's Democratic Republic","WPR","Western Pacific","LAO",2005,418,"COUNTRY",9.118062245,7.09634354,11.011490157
"2117","Latvia","EUR","Europe","LVA",2012,428,"COUNTRY",12.312533845,9.73265179,14.893151848
"2118","Latvia","EUR","Europe","LVA",2013,428,"COUNTRY",12.345956445,9.494440267,14.804508157
"2119","Latvia","EUR","Europe","LVA",2007,428,"COUNTRY",13.249843607,10.7016734,15.666491691
"2120","Latvia","EUR","Europe","LVA",2009,428,"COUNTRY",12.64640196,9.983229802,14.944830793
"2121","Latvia","EUR","Europe","LVA",2019,428,"COUNTRY",14.09953164,11.678530254,16.561897441
"2122","Latvia","EUR","Europe","LVA",2000,428,"COUNTRY",11.100822513,8.541898099,13.625466643
"2123","Latvia","EUR","Europe","LVA",2008,428,"COUNTRY",13.123769715,10.609529801,15.532557677
"2124","Latvia","EUR","Europe","LVA",2014,428,"COUNTRY",12.399304682,9.694025059,15.091804562
"2125","Latvia","EUR","Europe","LVA",2022,428,"COUNTRY",14.725690798,12.629729502,17.295305093
"2126","Latvia","EUR","Europe","LVA",2003,428,"COUNTRY",11.641050156,9.17721283,14.108356746
"2127","Latvia","EUR","Europe","LVA",2001,428,"COUNTRY",11.100822513,8.541898099,13.625466643
"2128","Latvia","EUR","Europe","LVA",2016,428,"COUNTRY",12.905054064,10.509975245,15.604783028
"2129","Latvia","EUR","Europe","LVA",2020,428,"COUNTRY",14.659058728,12.391447502,17.241306826
"2130","Latvia","EUR","Europe","LVA",2011,428,"COUNTRY",12.266045452,9.563778007,14.848197989
"2131","Latvia","EUR","Europe","LVA",2018,428,"COUNTRY",13.63768276,10.981304012,16.178036474
"2132","Latvia","EUR","Europe","LVA",2017,428,"COUNTRY",13.232896161,10.868609362,15.973371498
"2133","Latvia","EUR","Europe","LVA",2002,428,"COUNTRY",11.267669527,8.653764519,13.73240747
"2134","Latvia","EUR","Europe","LVA",2004,428,"COUNTRY",12.059281123,9.555133732,14.522922127
"2135","Latvia","EUR","Europe","LVA",2006,428,"COUNTRY",12.948555488,10.308508679,15.561054123
"2136","Latvia","EUR","Europe","LVA",2021,428,"COUNTRY",14.725690798,12.629729502,17.295305093
"2137","Latvia","EUR","Europe","LVA",2005,428,"COUNTRY",12.381473708,9.896032146,15.076065042
"2138","Latvia","EUR","Europe","LVA",2010,428,"COUNTRY",12.271821026,9.60368676,14.754468958
"2139","Latvia","EUR","Europe","LVA",2015,428,"COUNTRY",12.532769968,10.02640242,15.186377369
"2140","Lebanon","EMR","Eastern Mediterranean","LBN",2010,422,"COUNTRY",1.861845175,1.136576993,2.703901566
"2141","Lebanon","EMR","Eastern Mediterranean","LBN",2008,422,"COUNTRY",1.676194472,0.997737317,2.515113297
"2142","Lebanon","EMR","Eastern Mediterranean","LBN",2012,422,"COUNTRY",1.70113489,1.005427425,2.497296208
"2143","Lebanon","EMR","Eastern Mediterranean","LBN",2020,422,"COUNTRY",1.63293194,0.991717588,2.403958312
"2144","Lebanon","EMR","Eastern Mediterranean","LBN",2003,422,"COUNTRY",1.615063096,0.990647184,2.401239905
"2145","Lebanon","EMR","Eastern Mediterranean","LBN",2004,422,"COUNTRY",1.608273788,0.960945887,2.359358074
"2146","Lebanon","EMR","Eastern Mediterranean","LBN",2009,422,"COUNTRY",1.802999216,1.127203646,2.598709381
"2147","Lebanon","EMR","Eastern Mediterranean","LBN",2000,422,"COUNTRY",1.622335008,1.006027616,2.42252738
"2148","Lebanon","EMR","Eastern Mediterranean","LBN",2022,422,"COUNTRY",1.587148554,0.96943304,2.328386411
"2149","Lebanon","EMR","Eastern Mediterranean","LBN",2007,422,"COUNTRY",1.581163927,0.938421152,2.332899204
"2150","Lebanon","EMR","Eastern Mediterranean","LBN",2006,422,"COUNTRY",1.531828808,0.910736344,2.262873552
"2151","Lebanon","EMR","Eastern Mediterranean","LBN",2018,422,"COUNTRY",1.720957385,1.097545523,2.543935792
"2152","Lebanon","EMR","Eastern Mediterranean","LBN",2014,422,"COUNTRY",1.515947147,0.868712372,2.231185132
"2153","Lebanon","EMR","Eastern Mediterranean","LBN",2011,422,"COUNTRY",1.83466068,1.13759243,2.686205667
"2154","Lebanon","EMR","Eastern Mediterranean","LBN",2017,422,"COUNTRY",1.672269125,1.027085734,2.435217483
"2155","Lebanon","EMR","Eastern Mediterranean","LBN",2001,422,"COUNTRY",1.622335008,1.006027616,2.42252738
"2156","Lebanon","EMR","Eastern Mediterranean","LBN",2013,422,"COUNTRY",1.582094959,0.929864611,2.352880543
"2157","Lebanon","EMR","Eastern Mediterranean","LBN",2005,422,"COUNTRY",1.553768376,0.968893965,2.294790164
"2158","Lebanon","EMR","Eastern Mediterranean","LBN",2002,422,"COUNTRY",1.630724217,0.972715946,2.392247931
"2159","Lebanon","EMR","Eastern Mediterranean","LBN",2019,422,"COUNTRY",1.6978344,1.067666718,2.523885065
"2160","Lebanon","EMR","Eastern Mediterranean","LBN",2015,422,"COUNTRY",1.544965114,0.911133336,2.271996719
"2161","Lebanon","EMR","Eastern Mediterranean","LBN",2021,422,"COUNTRY",1.587148554,0.96943304,2.328386411
"2162","Lebanon","EMR","Eastern Mediterranean","LBN",2016,422,"COUNTRY",1.600063119,0.997593441,2.323223161
"2163","Lesotho","AFR","Africa","LSO",2006,426,"COUNTRY",3.083947818,2.10371517,4.193757331
"2164","Lesotho","AFR","Africa","LSO",2021,426,"COUNTRY",3.8478685,2.654571755,4.995205361
"2165","Lesotho","AFR","Africa","LSO",2016,426,"COUNTRY",3.406858027,2.35855154,4.596387778
"2166","Lesotho","AFR","Africa","LSO",2001,426,"COUNTRY",3.347506765,2.344787173,4.456796237
"2167","Lesotho","AFR","Africa","LSO",2005,426,"COUNTRY",3.07978937,2.156426889,4.093414842
"2168","Lesotho","AFR","Africa","LSO",2009,426,"COUNTRY",3.257945353,2.14343832,4.374219134
"2169","Lesotho","AFR","Africa","LSO",2015,426,"COUNTRY",3.231479092,2.227872571,4.344043331
"2170","Lesotho","AFR","Africa","LSO",2008,426,"COUNTRY",3.175213297,2.082416117,4.298959605
"2171","Lesotho","AFR","Africa","LSO",2022,426,"COUNTRY",3.8478685,2.654571755,4.995205361
"2172","Lesotho","AFR","Africa","LSO",2018,426,"COUNTRY",4.440884208,3.230174397,5.621771555
"2173","Lesotho","AFR","Africa","LSO",2017,426,"COUNTRY",4.09653957,2.995232572,5.387778622
"2174","Lesotho","AFR","Africa","LSO",2007,426,"COUNTRY",3.128334963,2.115210483,4.196390236
"2175","Lesotho","AFR","Africa","LSO",2002,426,"COUNTRY",3.287943667,2.228130722,4.412416906
"2176","Lesotho","AFR","Africa","LSO",2012,426,"COUNTRY",3.097707051,2.156258969,4.155717086
"2177","Lesotho","AFR","Africa","LSO",2004,426,"COUNTRY",3.12356462,2.046768787,4.240521344
"2178","Lesotho","AFR","Africa","LSO",2003,426,"COUNTRY",3.19706661,2.134696136,4.259040455
"2179","Lesotho","AFR","Africa","LSO",2011,426,"COUNTRY",3.211597996,2.197688593,4.243385086
"2180","Lesotho","AFR","Africa","LSO",2010,426,"COUNTRY",3.268733581,2.2698885,4.37646609
"2181","Lesotho","AFR","Africa","LSO",2019,426,"COUNTRY",4.445305923,3.166476009,5.739441846
"2182","Lesotho","AFR","Africa","LSO",2000,426,"COUNTRY",3.347506765,2.344787173,4.456796237
"2183","Lesotho","AFR","Africa","LSO",2014,426,"COUNTRY",3.215542241,2.224664062,4.407658
"2184","Lesotho","AFR","Africa","LSO",2013,426,"COUNTRY",3.041342068,2.123895659,4.178695801
"2185","Lesotho","AFR","Africa","LSO",2020,426,"COUNTRY",3.852781806,2.62403475,5.029951189
"2186","Liberia","AFR","Africa","LBR",2020,430,"COUNTRY",3.003118627,1.831198366,4.175118701
"2187","Liberia","AFR","Africa","LBR",2008,430,"COUNTRY",2.949185597,1.736526232,4.183929843
"2188","Liberia","AFR","Africa","LBR",2014,430,"COUNTRY",2.739028037,1.680353731,3.85804334
"2189","Liberia","AFR","Africa","LBR",2018,430,"COUNTRY",3.027978147,1.853413655,4.237456762
"2190","Liberia","AFR","Africa","LBR",2010,430,"COUNTRY",2.928132047,1.76501331,4.139977035
"2191","Liberia","AFR","Africa","LBR",2003,430,"COUNTRY",2.803675136,1.652326464,4.017152494
"2192","Liberia","AFR","Africa","LBR",2017,430,"COUNTRY",2.851377054,1.786325838,4.040282139
"2193","Liberia","AFR","Africa","LBR",2009,430,"COUNTRY",2.945303726,1.770573787,4.178475896
"2194","Liberia","AFR","Africa","LBR",2022,430,"COUNTRY",2.830071829,1.614105837,3.954959231
"2195","Liberia","AFR","Africa","LBR",2019,430,"COUNTRY",3.025979425,1.823922953,4.219409798
"2196","Liberia","AFR","Africa","LBR",2004,430,"COUNTRY",2.850867909,1.702575189,4.081761182
"2197","Liberia","AFR","Africa","LBR",2016,430,"COUNTRY",2.832266854,1.756304186,4.053425398
"2198","Liberia","AFR","Africa","LBR",2002,430,"COUNTRY",2.775205006,1.569359993,3.902212487
"2199","Liberia","AFR","Africa","LBR",2005,430,"COUNTRY",2.900139064,1.697911524,4.083868529
"2200","Liberia","AFR","Africa","LBR",2000,430,"COUNTRY",2.783208733,1.644074564,3.966865994
"2201","Liberia","AFR","Africa","LBR",2012,430,"COUNTRY",2.760428575,1.611574708,3.90423355
"2202","Liberia","AFR","Africa","LBR",2006,430,"COUNTRY",2.926020775,1.777368662,4.105263059
"2203","Liberia","AFR","Africa","LBR",2021,430,"COUNTRY",2.830071829,1.614105837,3.954959231
"2204","Liberia","AFR","Africa","LBR",2015,430,"COUNTRY",2.759749356,1.687536879,3.96000005
"2205","Liberia","AFR","Africa","LBR",2007,430,"COUNTRY",2.938277976,1.802489127,4.103913102
"2206","Liberia","AFR","Africa","LBR",2011,430,"COUNTRY",2.829068389,1.687895976,4.029657886
"2207","Liberia","AFR","Africa","LBR",2013,430,"COUNTRY",2.678810184,1.622631201,3.790972177
"2208","Liberia","AFR","Africa","LBR",2001,430,"COUNTRY",2.783208733,1.644074564,3.966865994
"2209","Libya","EMR","Eastern Mediterranean","LBY",2007,434,"COUNTRY",0.002964738,0,0.049339735
"2210","Libya","EMR","Eastern Mediterranean","LBY",2001,434,"COUNTRY",0.002964738,0,0.04698437
"2211","Libya","EMR","Eastern Mediterranean","LBY",2002,434,"COUNTRY",0.002964738,0,0.047172433
"2212","Libya","EMR","Eastern Mediterranean","LBY",2016,434,"COUNTRY",0.008088338,0,0.081435089
"2213","Libya","EMR","Eastern Mediterranean","LBY",2021,434,"COUNTRY",0.021713139,0,0.148131272
"2214","Libya","EMR","Eastern Mediterranean","LBY",2014,434,"COUNTRY",0.015712122,0,0.121580511
"2215","Libya","EMR","Eastern Mediterranean","LBY",2003,434,"COUNTRY",0.002964738,0,0.044215128
"2216","Libya","EMR","Eastern Mediterranean","LBY",2006,434,"COUNTRY",0.002964738,0,0.049102704
"2217","Libya","EMR","Eastern Mediterranean","LBY",2008,434,"COUNTRY",0.002964738,0,0.048279986
"2218","Libya","EMR","Eastern Mediterranean","LBY",2020,434,"COUNTRY",0.020716311,0,0.131878464
"2219","Libya","EMR","Eastern Mediterranean","LBY",2022,434,"COUNTRY",0.021713139,0,0.148131272
"2220","Libya","EMR","Eastern Mediterranean","LBY",2019,434,"COUNTRY",0.020466562,0,0.131783741
"2221","Libya","EMR","Eastern Mediterranean","LBY",2018,434,"COUNTRY",0.007877532,0,0.080157258
"2222","Libya","EMR","Eastern Mediterranean","LBY",2013,434,"COUNTRY",0.015923778,0,0.122807154
"2223","Libya","EMR","Eastern Mediterranean","LBY",2004,434,"COUNTRY",0.002964738,0,0.046097358
"2224","Libya","EMR","Eastern Mediterranean","LBY",2000,434,"COUNTRY",0.002964738,0,0.04698437
"2225","Libya","EMR","Eastern Mediterranean","LBY",2005,434,"COUNTRY",0.002964738,0,0.047095187
"2226","Libya","EMR","Eastern Mediterranean","LBY",2015,434,"COUNTRY",0.015948605,0,0.121492418
"2227","Libya","EMR","Eastern Mediterranean","LBY",2010,434,"COUNTRY",0.003417238,0,0.054084952
"2228","Libya","EMR","Eastern Mediterranean","LBY",2012,434,"COUNTRY",0.008136867,0,0.083235726
"2229","Libya","EMR","Eastern Mediterranean","LBY",2017,434,"COUNTRY",0.007033609,0,0.076993462
"2230","Libya","EMR","Eastern Mediterranean","LBY",2011,434,"COUNTRY",0.007323987,0,0.081424166
"2231","Libya","EMR","Eastern Mediterranean","LBY",2009,434,"COUNTRY",0.002964738,0,0.049845797
"2232","Lithuania","EUR","Europe","LTU",2017,440,"COUNTRY",11.830536939,9.96225096,13.756131695
"2233","Lithuania","EUR","Europe","LTU",2008,440,"COUNTRY",14.20007211,12.018862117,16.171436805
"2234","Lithuania","EUR","Europe","LTU",2020,440,"COUNTRY",11.984496754,10.176012144,13.8268334
"2235","Lithuania","EUR","Europe","LTU",2004,440,"COUNTRY",12.868601334,11.034103877,14.827311732
"2236","Lithuania","EUR","Europe","LTU",2007,440,"COUNTRY",14.468496406,12.408114934,16.397100744
"2237","Lithuania","EUR","Europe","LTU",2006,440,"COUNTRY",14.137173047,12.124593957,16.218833624
"2238","Lithuania","EUR","Europe","LTU",2001,440,"COUNTRY",11.609801626,9.903008607,13.446388473
"2239","Lithuania","EUR","Europe","LTU",2019,440,"COUNTRY",11.428764935,9.755956439,13.346025732
"2240","Lithuania","EUR","Europe","LTU",2003,440,"COUNTRY",12.463331625,10.531404757,14.395199636
"2241","Lithuania","EUR","Europe","LTU",2010,440,"COUNTRY",13.843272168,11.976371187,15.84239166
"2242","Lithuania","EUR","Europe","LTU",2011,440,"COUNTRY",14.450150422,12.445009165,16.517688934
"2243","Lithuania","EUR","Europe","LTU",2016,440,"COUNTRY",12.484732325,10.423235473,14.446445186
"2244","Lithuania","EUR","Europe","LTU",2012,440,"COUNTRY",15.278541949,13.113627712,17.588094736
"2245","Lithuania","EUR","Europe","LTU",2009,440,"COUNTRY",13.522835104,11.545968611,15.576939606
"2246","Lithuania","EUR","Europe","LTU",2014,440,"COUNTRY",14.412071019,12.379484172,16.69276605
"2247","Lithuania","EUR","Europe","LTU",2000,440,"COUNTRY",11.609801626,9.903008607,13.446388473
"2248","Lithuania","EUR","Europe","LTU",2002,440,"COUNTRY",11.982158764,10.182965602,13.899184383
"2249","Lithuania","EUR","Europe","LTU",2018,440,"COUNTRY",11.403277119,9.654522424,13.292912843
"2250","Lithuania","EUR","Europe","LTU",2022,440,"COUNTRY",12.184914963,10.503930516,14.018332627
"2251","Lithuania","EUR","Europe","LTU",2005,440,"COUNTRY",13.55191111,11.660397324,15.523499376
"2252","Lithuania","EUR","Europe","LTU",2021,440,"COUNTRY",12.184914963,10.503930516,14.018332627
"2253","Lithuania","EUR","Europe","LTU",2013,440,"COUNTRY",15.128049587,13.040767186,17.446760183
"2254","Lithuania","EUR","Europe","LTU",2015,440,"COUNTRY",13.559173167,11.457307272,15.622474892
"2255","Luxembourg","EUR","Europe","LUX",2001,442,"COUNTRY",13.490919968,11.553490544,15.397682779
"2256","Luxembourg","EUR","Europe","LUX",2010,442,"COUNTRY",12.094189463,10.210163017,13.998407338
"2257","Luxembourg","EUR","Europe","LUX",2020,442,"COUNTRY",10.955372627,9.147095265,12.762057898
"2258","Luxembourg","EUR","Europe","LUX",2007,442,"COUNTRY",12.38005542,10.37384952,14.313811655
"2259","Luxembourg","EUR","Europe","LUX",2011,442,"COUNTRY",12.047328571,10.266068802,14.017984105
"2260","Luxembourg","EUR","Europe","LUX",2013,442,"COUNTRY",11.847966083,10.115686545,13.73437956
"2261","Luxembourg","EUR","Europe","LUX",2016,442,"COUNTRY",11.675116576,9.816882407,13.414797181
"2262","Luxembourg","EUR","Europe","LUX",2012,442,"COUNTRY",11.923141173,10.245790305,13.773735123
"2263","Luxembourg","EUR","Europe","LUX",2003,442,"COUNTRY",12.961805073,11.173463911,14.657268066
"2264","Luxembourg","EUR","Europe","LUX",2017,442,"COUNTRY",11.644390517,9.891760137,13.488712317
"2265","Luxembourg","EUR","Europe","LUX",2006,442,"COUNTRY",12.494854306,10.532511188,14.4463937
"2266","Luxembourg","EUR","Europe","LUX",2019,442,"COUNTRY",11.246991595,9.606111539,13.188478492
"2267","Luxembourg","EUR","Europe","LUX",2018,442,"COUNTRY",11.529810338,9.844754716,13.543397821
"2268","Luxembourg","EUR","Europe","LUX",2009,442,"COUNTRY",12.131466798,10.149844287,13.994729546
"2269","Luxembourg","EUR","Europe","LUX",2005,442,"COUNTRY",12.609935592,10.816520928,14.629799671
"2270","Luxembourg","EUR","Europe","LUX",2022,442,"COUNTRY",10.798624577,9.078166074,12.609822077
"2271","Luxembourg","EUR","Europe","LUX",2008,442,"COUNTRY",12.230163137,10.462218566,14.156508122
"2272","Luxembourg","EUR","Europe","LUX",2015,442,"COUNTRY",11.740818878,9.949997662,13.606287626
"2273","Luxembourg","EUR","Europe","LUX",2000,442,"COUNTRY",13.490919968,11.553490544,15.397682779
"2274","Luxembourg","EUR","Europe","LUX",2002,442,"COUNTRY",13.238916127,11.289030916,15.163011985
"2275","Luxembourg","EUR","Europe","LUX",2021,442,"COUNTRY",10.798624577,9.078166074,12.609822077
"2276","Luxembourg","EUR","Europe","LUX",2004,442,"COUNTRY",12.701736878,10.942538673,14.709151683
"2277","Luxembourg","EUR","Europe","LUX",2014,442,"COUNTRY",11.736241229,9.98296991,13.506435875
"2278","Madagascar","AFR","Africa","MDG",2021,450,"COUNTRY",0.861334428,0.419341491,1.408497681
"2279","Madagascar","AFR","Africa","MDG",2010,450,"COUNTRY",0.916573929,0.466192481,1.523752409
"2280","Madagascar","AFR","Africa","MDG",2003,450,"COUNTRY",0.73892112,0.378249648,1.294626622
"2281","Madagascar","AFR","Africa","MDG",2018,450,"COUNTRY",1.014987105,0.536337603,1.637647883
"2282","Madagascar","AFR","Africa","MDG",2016,450,"COUNTRY",0.996997383,0.519329129,1.659421744
"2283","Madagascar","AFR","Africa","MDG",2014,450,"COUNTRY",0.970188366,0.471896563,1.591652473
"2284","Madagascar","AFR","Africa","MDG",2005,450,"COUNTRY",0.746257931,0.366754534,1.290285007
"2285","Madagascar","AFR","Africa","MDG",2008,450,"COUNTRY",0.797090476,0.416013076,1.365852629
"2286","Madagascar","AFR","Africa","MDG",2019,450,"COUNTRY",0.998994363,0.500344926,1.625084427
"2287","Madagascar","AFR","Africa","MDG",2013,450,"COUNTRY",0.929831524,0.50420021,1.512487233
"2288","Madagascar","AFR","Africa","MDG",2009,450,"COUNTRY",0.867913204,0.463436304,1.467224141
"2289","Madagascar","AFR","Africa","MDG",2015,450,"COUNTRY",1.007893455,0.527791232,1.668820855
"2290","Madagascar","AFR","Africa","MDG",2022,450,"COUNTRY",0.861334428,0.419341491,1.408497681
"2291","Madagascar","AFR","Africa","MDG",2011,450,"COUNTRY",0.927680036,0.485425172,1.529684931
"2292","Madagascar","AFR","Africa","MDG",2001,450,"COUNTRY",0.769855061,0.370837992,1.322688039
"2293","Madagascar","AFR","Africa","MDG",2020,450,"COUNTRY",0.937637061,0.480949373,1.558423293
"2294","Madagascar","AFR","Africa","MDG",2012,450,"COUNTRY",0.884706827,0.448356819,1.471382723
"2295","Madagascar","AFR","Africa","MDG",2002,450,"COUNTRY",0.763663293,0.377835764,1.353483928
"2296","Madagascar","AFR","Africa","MDG",2017,450,"COUNTRY",1.017056032,0.55059231,1.640664297
"2297","Madagascar","AFR","Africa","MDG",2006,450,"COUNTRY",0.75597687,0.403095808,1.331350519
"2298","Madagascar","AFR","Africa","MDG",2007,450,"COUNTRY",0.7716703,0.422407153,1.345802534
"2299","Madagascar","AFR","Africa","MDG",2004,450,"COUNTRY",0.76724674,0.385654827,1.312963532
"2300","Madagascar","AFR","Africa","MDG",2000,450,"COUNTRY",0.769855061,0.370837992,1.322688039
"2301","Malawi","AFR","Africa","MWI",2003,454,"COUNTRY",2.00366849,1.200775175,2.947879566
"2302","Malawi","AFR","Africa","MWI",2022,454,"COUNTRY",1.698821374,0.971858234,2.516447571
"2303","Malawi","AFR","Africa","MWI",2021,454,"COUNTRY",1.698821374,0.971858234,2.516447571
"2304","Malawi","AFR","Africa","MWI",2019,454,"COUNTRY",1.523113622,0.86481378,2.33782869
"2305","Malawi","AFR","Africa","MWI",2015,454,"COUNTRY",1.84051326,1.046281725,2.758059686
"2306","Malawi","AFR","Africa","MWI",2016,454,"COUNTRY",1.728906571,0.995387353,2.612660045
"2307","Malawi","AFR","Africa","MWI",2000,454,"COUNTRY",2.013251196,1.181835793,2.993025917
"2308","Malawi","AFR","Africa","MWI",2002,454,"COUNTRY",2.0078706,1.160507101,2.932064254
"2309","Malawi","AFR","Africa","MWI",2010,454,"COUNTRY",2.016407131,1.187534507,2.923720906
"2310","Malawi","AFR","Africa","MWI",2018,454,"COUNTRY",1.536262053,0.892192683,2.270766175
"2311","Malawi","AFR","Africa","MWI",2001,454,"COUNTRY",2.013251196,1.181835793,2.993025917
"2312","Malawi","AFR","Africa","MWI",2006,454,"COUNTRY",1.996484127,1.171158031,2.921151414
"2313","Malawi","AFR","Africa","MWI",2008,454,"COUNTRY",2.004615746,1.204726255,2.909028249
"2314","Malawi","AFR","Africa","MWI",2013,454,"COUNTRY",2.028016106,1.241069879,2.908638921
"2315","Malawi","AFR","Africa","MWI",2020,454,"COUNTRY",1.516452538,0.847964609,2.366916113
"2316","Malawi","AFR","Africa","MWI",2004,454,"COUNTRY",1.999998794,1.161948341,2.962258298
"2317","Malawi","AFR","Africa","MWI",2011,454,"COUNTRY",2.033261407,1.159366907,2.899773071
"2318","Malawi","AFR","Africa","MWI",2007,454,"COUNTRY",1.999040953,1.117831269,2.895024644
"2319","Malawi","AFR","Africa","MWI",2012,454,"COUNTRY",2.038543741,1.164987745,2.945888958
"2320","Malawi","AFR","Africa","MWI",2005,454,"COUNTRY",1.996552374,1.166716737,2.945301097
"2321","Malawi","AFR","Africa","MWI",2014,454,"COUNTRY",1.966355724,1.216064161,2.871780453
"2322","Malawi","AFR","Africa","MWI",2017,454,"COUNTRY",1.689658337,0.99447989,2.490355434
"2323","Malawi","AFR","Africa","MWI",2009,454,"COUNTRY",2.009583681,1.208398013,2.995350568
"2324","Malaysia","WPR","Western Pacific","MYS",2012,458,"COUNTRY",0.665612065,0.359140891,1.15070865
"2325","Malaysia","WPR","Western Pacific","MYS",2003,458,"COUNTRY",0.643235548,0.332774599,1.106352446
"2326","Malaysia","WPR","Western Pacific","MYS",2022,458,"COUNTRY",0.81302767,0.389451093,1.31897675
"2327","Malaysia","WPR","Western Pacific","MYS",2017,458,"COUNTRY",0.8409732,0.406497079,1.417033492
"2328","Malaysia","WPR","Western Pacific","MYS",2000,458,"COUNTRY",0.671308497,0.332975082,1.162122102
"2329","Malaysia","WPR","Western Pacific","MYS",2006,458,"COUNTRY",0.572509652,0.26501602,1.040896637
"2330","Malaysia","WPR","Western Pacific","MYS",2021,458,"COUNTRY",0.81302767,0.389451093,1.31897675
"2331","Malaysia","WPR","Western Pacific","MYS",2015,458,"COUNTRY",0.748229277,0.410086516,1.252331266
"2332","Malaysia","WPR","Western Pacific","MYS",2019,458,"COUNTRY",0.81353325,0.437437158,1.334334825
"2333","Malaysia","WPR","Western Pacific","MYS",2020,458,"COUNTRY",0.790691721,0.398583458,1.284380229
"2334","Malaysia","WPR","Western Pacific","MYS",2007,458,"COUNTRY",0.573833597,0.257864792,1.008171983
"2335","Malaysia","WPR","Western Pacific","MYS",2010,458,"COUNTRY",0.626161541,0.308451612,1.109693524
"2336","Malaysia","WPR","Western Pacific","MYS",2002,458,"COUNTRY",0.649583721,0.318292051,1.12729465
"2337","Malaysia","WPR","Western Pacific","MYS",2018,458,"COUNTRY",0.84981064,0.439302549,1.41100136
"2338","Malaysia","WPR","Western Pacific","MYS",2005,458,"COUNTRY",0.59942732,0.304172985,1.069875638
"2339","Malaysia","WPR","Western Pacific","MYS",2016,458,"COUNTRY",0.817338746,0.444312449,1.362643497
"2340","Malaysia","WPR","Western Pacific","MYS",2013,458,"COUNTRY",0.668004631,0.33433069,1.168483323
"2341","Malaysia","WPR","Western Pacific","MYS",2008,458,"COUNTRY",0.589324309,0.263593024,1.054668724
"2342","Malaysia","WPR","Western Pacific","MYS",2001,458,"COUNTRY",0.671308497,0.332975082,1.162122102
"2343","Malaysia","WPR","Western Pacific","MYS",2014,458,"COUNTRY",0.695279148,0.317994263,1.194861909
"2344","Malaysia","WPR","Western Pacific","MYS",2009,458,"COUNTRY",0.609744366,0.261944098,1.096646877
"2345","Malaysia","WPR","Western Pacific","MYS",2004,458,"COUNTRY",0.628323882,0.313510363,1.08788389
"2346","Malaysia","WPR","Western Pacific","MYS",2011,458,"COUNTRY",0.650193585,0.322540998,1.162789993
"2347","Maldives","SEAR","South-East Asia","MDV",2022,462,"COUNTRY",1.616696441,0.281434233,3.025565877
"2348","Maldives","SEAR","South-East Asia","MDV",2021,462,"COUNTRY",1.616696441,0.281434233,3.025565877
"2349","Maldives","SEAR","South-East Asia","MDV",2006,462,"COUNTRY",2.038455933,0.649847283,3.491824859
"2350","Maldives","SEAR","South-East Asia","MDV",2014,462,"COUNTRY",1.650240269,0.192649116,3.094723924
"2351","Maldives","SEAR","South-East Asia","MDV",2018,462,"COUNTRY",1.818426245,0.304508647,3.246658162
"2352","Maldives","SEAR","South-East Asia","MDV",2017,462,"COUNTRY",1.73227565,0.316581533,3.176146635
"2353","Maldives","SEAR","South-East Asia","MDV",2009,462,"COUNTRY",1.96343391,0.535407448,3.335924115
"2354","Maldives","SEAR","South-East Asia","MDV",2007,462,"COUNTRY",1.890137757,0.441660011,3.266000023
"2355","Maldives","SEAR","South-East Asia","MDV",2002,462,"COUNTRY",2.026270013,0.639097153,3.430080446
"2356","Maldives","SEAR","South-East Asia","MDV",2005,462,"COUNTRY",2.030158758,0.593714251,3.568339472
"2357","Maldives","SEAR","South-East Asia","MDV",2015,462,"COUNTRY",1.736832705,0.325490769,3.242908077
"2358","Maldives","SEAR","South-East Asia","MDV",2001,462,"COUNTRY",2.080142922,0.651297119,3.557674055
"2359","Maldives","SEAR","South-East Asia","MDV",2016,462,"COUNTRY",1.724689464,0.334220777,3.110578459
"2360","Maldives","SEAR","South-East Asia","MDV",2008,462,"COUNTRY",1.935126663,0.546306917,3.428834145
"2361","Maldives","SEAR","South-East Asia","MDV",2000,462,"COUNTRY",2.080142922,0.651297119,3.557674055
"2362","Maldives","SEAR","South-East Asia","MDV",2012,462,"COUNTRY",1.715637512,0.404134993,3.201908453
"2363","Maldives","SEAR","South-East Asia","MDV",2003,462,"COUNTRY",1.93753596,0.512272735,3.38372803
"2364","Maldives","SEAR","South-East Asia","MDV",2020,462,"COUNTRY",1.815126389,0.44398622,3.230078289
"2365","Maldives","SEAR","South-East Asia","MDV",2011,462,"COUNTRY",1.816154152,0.400805513,3.214002002
"2366","Maldives","SEAR","South-East Asia","MDV",2019,462,"COUNTRY",1.867889941,0.528236012,3.263557225
"2367","Maldives","SEAR","South-East Asia","MDV",2010,462,"COUNTRY",1.921767616,0.51257197,3.423109492
"2368","Maldives","SEAR","South-East Asia","MDV",2013,462,"COUNTRY",1.640578182,0.264616407,3.142060243
"2369","Maldives","SEAR","South-East Asia","MDV",2004,462,"COUNTRY",2.023421646,0.477894047,3.573467165
"2370","Mali","AFR","Africa","MLI",2004,466,"COUNTRY",3.722090223,2.523201476,4.941667071
"2371","Mali","AFR","Africa","MLI",2016,466,"COUNTRY",3.529894549,2.39953911,4.693288159
"2372","Mali","AFR","Africa","MLI",2013,466,"COUNTRY",3.483950624,2.415155615,4.76253714
"2373","Mali","AFR","Africa","MLI",2001,466,"COUNTRY",3.722647122,2.445110214,5.019552436
"2374","Mali","AFR","Africa","MLI",2002,466,"COUNTRY",3.722799539,2.488236219,4.968617136
"2375","Mali","AFR","Africa","MLI",2022,466,"COUNTRY",3.556644487,2.318878668,4.775777731
"2376","Mali","AFR","Africa","MLI",2010,466,"COUNTRY",3.704751113,2.539998681,4.921936117
"2377","Mali","AFR","Africa","MLI",2009,466,"COUNTRY",3.730812282,2.549350388,5.025950659
"2378","Mali","AFR","Africa","MLI",2020,466,"COUNTRY",2.656410417,1.66853137,3.786407283
"2379","Mali","AFR","Africa","MLI",2003,466,"COUNTRY",3.722089523,2.532727557,5.008310989
"2380","Mali","AFR","Africa","MLI",2011,466,"COUNTRY",3.687259065,2.465490162,4.931471473
"2381","Mali","AFR","Africa","MLI",2019,466,"COUNTRY",2.671249352,1.688818284,3.724004276
"2382","Mali","AFR","Africa","MLI",2012,466,"COUNTRY",3.478190637,2.260425315,4.756961025
"2383","Mali","AFR","Africa","MLI",2018,466,"COUNTRY",2.502423686,1.612974905,3.446682331
"2384","Mali","AFR","Africa","MLI",2021,466,"COUNTRY",3.556644487,2.318878668,4.775777731
"2385","Mali","AFR","Africa","MLI",2008,466,"COUNTRY",3.728369039,2.48547712,4.945501617
"2386","Mali","AFR","Africa","MLI",2015,466,"COUNTRY",3.616346449,2.428788362,4.870270759
"2387","Mali","AFR","Africa","MLI",2014,466,"COUNTRY",3.495597272,2.308915771,4.737422763
"2388","Mali","AFR","Africa","MLI",2017,466,"COUNTRY",3.433262148,2.24429717,4.655241326
"2389","Mali","AFR","Africa","MLI",2000,466,"COUNTRY",3.722647122,2.445110214,5.019552436
"2390","Mali","AFR","Africa","MLI",2007,466,"COUNTRY",3.72575901,2.593164757,4.983825522
"2391","Mali","AFR","Africa","MLI",2005,466,"COUNTRY",3.72256262,2.526490968,4.924788337
"2392","Mali","AFR","Africa","MLI",2006,466,"COUNTRY",3.724116456,2.54924728,4.890139036
"2393","Malta","EUR","Europe","MLT",2004,470,"COUNTRY",5.389372933,3.961260884,6.914683667
"2394","Malta","EUR","Europe","MLT",2008,470,"COUNTRY",6.8255356,5.261498502,8.468993383
"2395","Malta","EUR","Europe","MLT",2013,470,"COUNTRY",7.391141347,5.92270104,9.031889103
"2396","Malta","EUR","Europe","MLT",2012,470,"COUNTRY",7.302217855,5.68455941,8.930756731
"2397","Malta","EUR","Europe","MLT",2005,470,"COUNTRY",5.683409099,4.313488355,7.271908315
"2398","Malta","EUR","Europe","MLT",2002,470,"COUNTRY",6.200288008,4.672395554,7.917222391
"2399","Malta","EUR","Europe","MLT",2019,470,"COUNTRY",7.025210765,5.548670973,8.653723608
"2400","Malta","EUR","Europe","MLT",2020,470,"COUNTRY",6.467302362,5.015682671,7.946989784
"2401","Malta","EUR","Europe","MLT",2006,470,"COUNTRY",6.20442827,4.740580135,7.775468954
"2402","Malta","EUR","Europe","MLT",2010,470,"COUNTRY",6.848585967,5.312295018,8.453355134
"2403","Malta","EUR","Europe","MLT",2018,470,"COUNTRY",7.78231903,6.167772142,9.512425107
"2404","Malta","EUR","Europe","MLT",2016,470,"COUNTRY",7.914510056,6.337173117,9.587442312
"2405","Malta","EUR","Europe","MLT",2014,470,"COUNTRY",7.477397811,5.862348567,9.271318867
"2406","Malta","EUR","Europe","MLT",2000,470,"COUNTRY",6.779479648,5.245720362,8.479103273
"2407","Malta","EUR","Europe","MLT",2017,470,"COUNTRY",7.957273124,6.475743549,9.684956271
"2408","Malta","EUR","Europe","MLT",2003,470,"COUNTRY",5.755465813,4.231309613,7.355823216
"2409","Malta","EUR","Europe","MLT",2021,470,"COUNTRY",6.199500055,4.857548894,7.643233691
"2410","Malta","EUR","Europe","MLT",2015,470,"COUNTRY",7.662222242,6.025170021,9.346593732
"2411","Malta","EUR","Europe","MLT",2009,470,"COUNTRY",6.746060716,5.221851669,8.430223074
"2412","Malta","EUR","Europe","MLT",2011,470,"COUNTRY",7.015325041,5.431155507,8.565755933
"2413","Malta","EUR","Europe","MLT",2022,470,"COUNTRY",6.199500055,4.857548894,7.643233691
"2414","Malta","EUR","Europe","MLT",2001,470,"COUNTRY",6.779479648,5.245720362,8.479103273
"2415","Malta","EUR","Europe","MLT",2007,470,"COUNTRY",6.606244341,5.10133146,8.188090512
"2416","Mauritania","AFR","Africa","MRT",2002,478,"COUNTRY",0.004100301,0,0.058434754
"2417","Mauritania","AFR","Africa","MRT",2014,478,"COUNTRY",0.015461375,0,0.116806418
"2418","Mauritania","AFR","Africa","MRT",2019,478,"COUNTRY",0.012120373,0,0.10616326
"2419","Mauritania","AFR","Africa","MRT",2004,478,"COUNTRY",0.004100301,0,0.057159828
"2420","Mauritania","AFR","Africa","MRT",2005,478,"COUNTRY",0.004100301,0,0.056622465
"2421","Mauritania","AFR","Africa","MRT",2008,478,"COUNTRY",0.004100301,0,0.0581999
"2422","Mauritania","AFR","Africa","MRT",2017,478,"COUNTRY",0.017818843,0,0.130324762
"2423","Mauritania","AFR","Africa","MRT",2006,478,"COUNTRY",0.004100301,0,0.060812152
"2424","Mauritania","AFR","Africa","MRT",2018,478,"COUNTRY",0.017867239,0,0.128906909
"2425","Mauritania","AFR","Africa","MRT",2000,478,"COUNTRY",0.004100301,0,0.057383416
"2426","Mauritania","AFR","Africa","MRT",2021,478,"COUNTRY",0.008231313,0,0.083430089
"2427","Mauritania","AFR","Africa","MRT",2022,478,"COUNTRY",0.008231313,0,0.083430089
"2428","Mauritania","AFR","Africa","MRT",2010,478,"COUNTRY",0.00794226,0,0.084462761
"2429","Mauritania","AFR","Africa","MRT",2003,478,"COUNTRY",0.004100301,0,0.058817323
"2430","Mauritania","AFR","Africa","MRT",2020,478,"COUNTRY",0.008404798,0,0.087321207
"2431","Mauritania","AFR","Africa","MRT",2007,478,"COUNTRY",0.004100301,0,0.059277889
"2432","Mauritania","AFR","Africa","MRT",2015,478,"COUNTRY",0.014233189,0,0.112719731
"2433","Mauritania","AFR","Africa","MRT",2001,478,"COUNTRY",0.004100301,0,0.057383416
"2434","Mauritania","AFR","Africa","MRT",2012,478,"COUNTRY",0.017336232,0,0.13725068
"2435","Mauritania","AFR","Africa","MRT",2009,478,"COUNTRY",0.004100301,0,0.059121689
"2436","Mauritania","AFR","Africa","MRT",2011,478,"COUNTRY",0.013901726,0,0.119200641
"2437","Mauritania","AFR","Africa","MRT",2016,478,"COUNTRY",0.016011858,0,0.120894457
"2438","Mauritania","AFR","Africa","MRT",2013,478,"COUNTRY",0.017431019,0,0.133051058
"2439","Mauritius","AFR","Africa","MUS",2008,480,"COUNTRY",7.789846073,6.317856542,9.281235314
"2440","Mauritius","AFR","Africa","MUS",2014,480,"COUNTRY",7.797182101,6.24397131,9.414184704
"2441","Mauritius","AFR","Africa","MUS",2005,480,"COUNTRY",8.086859049,6.522731998,9.734726522
"2442","Mauritius","AFR","Africa","MUS",2002,480,"COUNTRY",8.237362341,6.568960931,9.898099846
"2443","Mauritius","AFR","Africa","MUS",2010,480,"COUNTRY",7.905152488,6.303890331,9.433073898
"2444","Mauritius","AFR","Africa","MUS",2012,480,"COUNTRY",7.83305649,6.249116046,9.415218969
"2445","Mauritius","AFR","Africa","MUS",2018,480,"COUNTRY",8.166637222,6.522424799,9.819402291
"2446","Mauritius","AFR","Africa","MUS",2015,480,"COUNTRY",7.94551425,6.414233829,9.72741894
"2447","Mauritius","AFR","Africa","MUS",2017,480,"COUNTRY",8.211590273,6.642160597,9.817224145
"2448","Mauritius","AFR","Africa","MUS",2000,480,"COUNTRY",8.309348772,6.731515924,9.971673871
"2449","Mauritius","AFR","Africa","MUS",2001,480,"COUNTRY",8.309348772,6.731515924,9.971673871
"2450","Mauritius","AFR","Africa","MUS",2009,480,"COUNTRY",7.782572497,6.280075502,9.346400458
"2451","Mauritius","AFR","Africa","MUS",2004,480,"COUNTRY",8.173543247,6.68912655,9.80314918
"2452","Mauritius","AFR","Africa","MUS",2013,480,"COUNTRY",7.756768609,6.279005851,9.441399171
"2453","Mauritius","AFR","Africa","MUS",2021,480,"COUNTRY",7.653117144,6.119650211,9.133978002
"2454","Mauritius","AFR","Africa","MUS",2020,480,"COUNTRY",7.796692931,6.318894867,9.37651997
"2455","Mauritius","AFR","Africa","MUS",2016,480,"COUNTRY",8.09468214,6.449235609,9.791245712
"2456","Mauritius","AFR","Africa","MUS",2006,480,"COUNTRY",7.977766837,6.472221076,9.604436069
"2457","Mauritius","AFR","Africa","MUS",2003,480,"COUNTRY",8.175638351,6.627999878,9.843332361
"2458","Mauritius","AFR","Africa","MUS",2019,480,"COUNTRY",7.998694508,6.414550764,9.572402387
"2459","Mauritius","AFR","Africa","MUS",2007,480,"COUNTRY",7.796880445,6.19111811,9.356976136
"2460","Mauritius","AFR","Africa","MUS",2011,480,"COUNTRY",7.844702013,6.243686874,9.481723867
"2461","Mauritius","AFR","Africa","MUS",2022,480,"COUNTRY",7.653117144,6.119650211,9.133978002
"2462","Mexico","AMR","Americas","MEX",2013,484,"COUNTRY",5.078840847,3.932728133,6.503698089
"2463","Mexico","AMR","Americas","MEX",2002,484,"COUNTRY",5.067765103,3.873464367,6.440090741
"2464","Mexico","AMR","Americas","MEX",2012,484,"COUNTRY",5.136870507,3.911569089,6.469919525
"2465","Mexico","AMR","Americas","MEX",2004,484,"COUNTRY",5.134870763,3.84219431,6.505125222
"2466","Mexico","AMR","Americas","MEX",2005,484,"COUNTRY",5.22524984,3.941612209,6.666074293
"2467","Mexico","AMR","Americas","MEX",2006,484,"COUNTRY",5.372239473,4.108346149,6.788781802
"2468","Mexico","AMR","Americas","MEX",2020,484,"COUNTRY",5.881289335,4.432169234,7.270569837
"2469","Mexico","AMR","Americas","MEX",2001,484,"COUNTRY",5.087985442,3.910322463,6.418346401
"2470","Mexico","AMR","Americas","MEX",2015,484,"COUNTRY",5.37465679,4.136907102,6.730118384
"2471","Mexico","AMR","Americas","MEX",2010,484,"COUNTRY",5.457723861,4.195605698,6.774688008
"2472","Mexico","AMR","Americas","MEX",2016,484,"COUNTRY",5.605648931,4.350577403,6.951874907
"2473","Mexico","AMR","Americas","MEX",2007,484,"COUNTRY",5.50096458,4.139159035,6.930060455
"2474","Mexico","AMR","Americas","MEX",2022,484,"COUNTRY",6.01050571,4.603813947,7.417169251
"2475","Mexico","AMR","Americas","MEX",2009,484,"COUNTRY",5.556587803,4.321146084,6.834220344
"2476","Mexico","AMR","Americas","MEX",2008,484,"COUNTRY",5.621575577,4.270290609,6.980443441
"2477","Mexico","AMR","Americas","MEX",2014,484,"COUNTRY",5.199139789,3.940460259,6.535589785
"2478","Mexico","AMR","Americas","MEX",2000,484,"COUNTRY",5.087985442,3.910322463,6.418346401
"2479","Mexico","AMR","Americas","MEX",2003,484,"COUNTRY",5.073702462,3.901900286,6.466123813
"2480","Mexico","AMR","Americas","MEX",2011,484,"COUNTRY",5.257872545,4.060977261,6.548276732
"2481","Mexico","AMR","Americas","MEX",2021,484,"COUNTRY",6.01050571,4.603813947,7.417169251
"2482","Mexico","AMR","Americas","MEX",2018,484,"COUNTRY",5.956837262,4.423442284,7.34306832
"2483","Mexico","AMR","Americas","MEX",2019,484,"COUNTRY",5.91450401,4.490828126,7.275360439
"2484","Mexico","AMR","Americas","MEX",2017,484,"COUNTRY",5.771316367,4.46238059,7.126031513
"2485","Micronesia (Federated States of)","WPR","Western Pacific","FSM",2018,583,"COUNTRY",1.962074437,1.298404493,2.751677103
"2486","Micronesia (Federated States of)","WPR","Western Pacific","FSM",2011,583,"COUNTRY",2.602554603,1.821446957,3.579193541
"2487","Micronesia (Federated States of)","WPR","Western Pacific","FSM",2017,583,"COUNTRY",1.956649791,1.235789974,2.796380199
"2488","Micronesia (Federated States of)","WPR","Western Pacific","FSM",2001,583,"COUNTRY",3.173740108,2.274433472,4.2276495
"2489","Micronesia (Federated States of)","WPR","Western Pacific","FSM",2002,583,"COUNTRY",3.524686871,2.620579626,4.568197006
"2490","Micronesia (Federated States of)","WPR","Western Pacific","FSM",2012,583,"COUNTRY",2.542806279,1.729739355,3.450920286
"2491","Micronesia (Federated States of)","WPR","Western Pacific","FSM",2020,583,"COUNTRY",1.959610545,1.258668421,2.714923742
"2492","Micronesia (Federated States of)","WPR","Western Pacific","FSM",2013,583,"COUNTRY",2.400853459,1.633892747,3.293503067
"2493","Micronesia (Federated States of)","WPR","Western Pacific","FSM",2016,583,"COUNTRY",1.949675235,1.23495347,2.798729437
"2494","Micronesia (Federated States of)","WPR","Western Pacific","FSM",2004,583,"COUNTRY",2.871997154,1.990953385,3.849945031
"2495","Micronesia (Federated States of)","WPR","Western Pacific","FSM",2015,583,"COUNTRY",1.911734344,1.243472833,2.70744174
"2496","Micronesia (Federated States of)","WPR","Western Pacific","FSM",2000,583,"COUNTRY",3.173740108,2.274433472,4.2276495
"2497","Micronesia (Federated States of)","WPR","Western Pacific","FSM",2009,583,"COUNTRY",2.323185004,1.549968496,3.286063279
"2498","Micronesia (Federated States of)","WPR","Western Pacific","FSM",2008,583,"COUNTRY",2.296991653,1.537566528,3.157282657
"2499","Micronesia (Federated States of)","WPR","Western Pacific","FSM",2021,583,"COUNTRY",1.956768986,1.299170576,2.768102553
"2500","Micronesia (Federated States of)","WPR","Western Pacific","FSM",2007,583,"COUNTRY",2.198570304,1.452200623,3.050859749
"2501","Micronesia (Federated States of)","WPR","Western Pacific","FSM",2014,583,"COUNTRY",1.906034947,1.227732895,2.738542538
"2502","Micronesia (Federated States of)","WPR","Western Pacific","FSM",2022,583,"COUNTRY",1.956768986,1.299170576,2.768102553
"2503","Micronesia (Federated States of)","WPR","Western Pacific","FSM",2019,583,"COUNTRY",1.961904226,1.246985753,2.735751068
"2504","Micronesia (Federated States of)","WPR","Western Pacific","FSM",2010,583,"COUNTRY",2.280721356,1.506619462,3.249334733
"2505","Micronesia (Federated States of)","WPR","Western Pacific","FSM",2003,583,"COUNTRY",3.213087846,2.32402478,4.232838312
"2506","Micronesia (Federated States of)","WPR","Western Pacific","FSM",2005,583,"COUNTRY",2.337970969,1.553188937,3.243430433
"2507","Micronesia (Federated States of)","WPR","Western Pacific","FSM",2006,583,"COUNTRY",2.184550158,1.476350309,3.040299896
"2508","Mongolia","WPR","Western Pacific","MNG",2018,496,"COUNTRY",8.039188895,6.44349999,9.584387633
"2509","Mongolia","WPR","Western Pacific","MNG",2015,496,"COUNTRY",9.844048,8.277794187,11.474094738
"2510","Mongolia","WPR","Western Pacific","MNG",2012,496,"COUNTRY",9.81585817,8.180668791,11.352919427
"2511","Mongolia","WPR","Western Pacific","MNG",2016,496,"COUNTRY",8.794254262,7.364610107,10.340495327
"2512","Mongolia","WPR","Western Pacific","MNG",2020,496,"COUNTRY",7.789672934,6.32545357,9.226705997
"2513","Mongolia","WPR","Western Pacific","MNG",2008,496,"COUNTRY",9.060836338,7.552160361,10.710903059
"2514","Mongolia","WPR","Western Pacific","MNG",2009,496,"COUNTRY",8.628958248,7.131021285,10.211861188
"2515","Mongolia","WPR","Western Pacific","MNG",2014,496,"COUNTRY",11.156700448,9.544095226,13.031669233
"2516","Mongolia","WPR","Western Pacific","MNG",2006,496,"COUNTRY",7.094789886,5.747855204,8.642872011
"2517","Mongolia","WPR","Western Pacific","MNG",2007,496,"COUNTRY",8.367090011,6.832480883,9.959362876
"2518","Mongolia","WPR","Western Pacific","MNG",2011,496,"COUNTRY",8.222322718,6.707064265,9.687905457
"2519","Mongolia","WPR","Western Pacific","MNG",2002,496,"COUNTRY",2.575260553,1.780661062,3.480604837
"2520","Mongolia","WPR","Western Pacific","MNG",2005,496,"COUNTRY",4.488862208,3.357836445,5.827972504
"2521","Mongolia","WPR","Western Pacific","MNG",2013,496,"COUNTRY",10.889837751,9.292940021,12.74612707
"2522","Mongolia","WPR","Western Pacific","MNG",2004,496,"COUNTRY",3.400511377,2.437695674,4.5196846
"2523","Mongolia","WPR","Western Pacific","MNG",2010,496,"COUNTRY",7.888177723,6.450220022,9.401370669
"2524","Mongolia","WPR","Western Pacific","MNG",2019,496,"COUNTRY",8.079312086,6.555517684,9.56976935
"2525","Mongolia","WPR","Western Pacific","MNG",2021,496,"COUNTRY",7.735525432,6.224822705,9.253257284
"2526","Mongolia","WPR","Western Pacific","MNG",2022,496,"COUNTRY",7.735525432,6.224822705,9.253257284
"2527","Mongolia","WPR","Western Pacific","MNG",2017,496,"COUNTRY",8.580055851,7.128743552,10.150643665
"2528","Mongolia","WPR","Western Pacific","MNG",2003,496,"COUNTRY",2.394061152,1.659782002,3.281497512
"2529","Mongolia","WPR","Western Pacific","MNG",2000,496,"COUNTRY",2.760842264,1.913324293,3.754301577
"2530","Mongolia","WPR","Western Pacific","MNG",2001,496,"COUNTRY",2.760842264,1.913324293,3.754301577
"2531","Montenegro","EUR","Europe","MNE",2010,499,"COUNTRY",10.417976515,8.649367347,12.237753072
"2532","Montenegro","EUR","Europe","MNE",2017,499,"COUNTRY",9.150705641,7.416574594,10.967341671
"2533","Montenegro","EUR","Europe","MNE",2006,499,"COUNTRY",11.427756282,9.66402729,13.304532935
"2534","Montenegro","EUR","Europe","MNE",2015,499,"COUNTRY",8.908245291,7.213568608,10.600455235
"2535","Montenegro","EUR","Europe","MNE",2011,499,"COUNTRY",10.377414883,8.642285036,12.242633418
"2536","Montenegro","EUR","Europe","MNE",2005,499,"COUNTRY",11.430052062,9.643221597,13.427417069
"2537","Montenegro","EUR","Europe","MNE",2004,499,"COUNTRY",11.431331575,9.683068472,13.357052915
"2538","Montenegro","EUR","Europe","MNE",2016,499,"COUNTRY",8.914146318,7.289175444,10.737767835
"2539","Montenegro","EUR","Europe","MNE",2009,499,"COUNTRY",10.898137708,8.996492011,12.814162323
"2540","Montenegro","EUR","Europe","MNE",2002,499,"COUNTRY",11.464992097,9.53873383,13.255648734
"2541","Montenegro","EUR","Europe","MNE",2022,499,"COUNTRY",8.014332562,6.471960735,9.649763951
"2542","Montenegro","EUR","Europe","MNE",2008,499,"COUNTRY",11.259702084,9.438169187,13.061316388
"2543","Montenegro","EUR","Europe","MNE",2020,499,"COUNTRY",8.316403792,6.664362301,9.90241579
"2544","Montenegro","EUR","Europe","MNE",2003,499,"COUNTRY",11.451717066,9.483232403,13.266340315
"2545","Montenegro","EUR","Europe","MNE",2018,499,"COUNTRY",9.234953041,7.547373164,10.976700904
"2546","Montenegro","EUR","Europe","MNE",2007,499,"COUNTRY",11.513152705,9.660942363,13.374864399
"2547","Montenegro","EUR","Europe","MNE",2000,499,"COUNTRY",11.477630725,9.591228387,13.394581516
"2548","Montenegro","EUR","Europe","MNE",2001,499,"COUNTRY",11.477630725,9.591228387,13.394581516
"2549","Montenegro","EUR","Europe","MNE",2019,499,"COUNTRY",8.774978865,7.020960223,10.498497376
"2550","Montenegro","EUR","Europe","MNE",2014,499,"COUNTRY",9.426099935,7.606469366,11.210765781
"2551","Montenegro","EUR","Europe","MNE",2013,499,"COUNTRY",10.054734538,8.214616917,11.816375966
"2552","Montenegro","EUR","Europe","MNE",2021,499,"COUNTRY",8.014332562,6.471960735,9.649763951
"2553","Montenegro","EUR","Europe","MNE",2012,499,"COUNTRY",10.391212182,8.726015634,12.200191362
"2554","Morocco","EMR","Eastern Mediterranean","MAR",2002,504,"COUNTRY",0.529946224,0.251809122,0.943584541
"2555","Morocco","EMR","Eastern Mediterranean","MAR",2016,504,"COUNTRY",0.443288509,0.189334406,0.805259101
"2556","Morocco","EMR","Eastern Mediterranean","MAR",2012,504,"COUNTRY",0.529991353,0.247375681,0.956463292
"2557","Morocco","EMR","Eastern Mediterranean","MAR",2021,504,"COUNTRY",0.574778591,0.260452967,0.993434461
"2558","Morocco","EMR","Eastern Mediterranean","MAR",2003,504,"COUNTRY",0.526243298,0.222784481,0.941766213
"2559","Morocco","EMR","Eastern Mediterranean","MAR",2013,504,"COUNTRY",0.503168129,0.206594344,0.908954248
"2560","Morocco","EMR","Eastern Mediterranean","MAR",2009,504,"COUNTRY",0.587180245,0.246251644,1.034057449
"2561","Morocco","EMR","Eastern Mediterranean","MAR",2004,504,"COUNTRY",0.5255849,0.235148287,0.964577443
"2562","Morocco","EMR","Eastern Mediterranean","MAR",2017,504,"COUNTRY",0.477956842,0.195400433,0.899425497
"2563","Morocco","EMR","Eastern Mediterranean","MAR",2019,504,"COUNTRY",0.575942907,0.254383244,0.992619499
"2564","Morocco","EMR","Eastern Mediterranean","MAR",2010,504,"COUNTRY",0.570693606,0.269998131,1.015164342
"2565","Morocco","EMR","Eastern Mediterranean","MAR",2018,504,"COUNTRY",0.542186351,0.240147121,0.960956785
"2566","Morocco","EMR","Eastern Mediterranean","MAR",2014,504,"COUNTRY",0.470774908,0.195914607,0.857854529
"2567","Morocco","EMR","Eastern Mediterranean","MAR",2022,504,"COUNTRY",0.574778591,0.260452967,0.993434461
"2568","Morocco","EMR","Eastern Mediterranean","MAR",2020,504,"COUNTRY",0.585258261,0.260107371,1.035733074
"2569","Morocco","EMR","Eastern Mediterranean","MAR",2005,504,"COUNTRY",0.526293793,0.244896851,0.96476099
"2570","Morocco","EMR","Eastern Mediterranean","MAR",2015,504,"COUNTRY",0.444293639,0.175509843,0.82107019
"2571","Morocco","EMR","Eastern Mediterranean","MAR",2011,504,"COUNTRY",0.541061271,0.24622508,0.954764953
"2572","Morocco","EMR","Eastern Mediterranean","MAR",2001,504,"COUNTRY",0.530727535,0.245365539,0.935703736
"2573","Morocco","EMR","Eastern Mediterranean","MAR",2006,504,"COUNTRY",0.531779676,0.2303086,0.975587569
"2574","Morocco","EMR","Eastern Mediterranean","MAR",2008,504,"COUNTRY",0.584858795,0.283885393,1.058450595
"2575","Morocco","EMR","Eastern Mediterranean","MAR",2007,504,"COUNTRY",0.554066997,0.264177245,0.988136922
"2576","Morocco","EMR","Eastern Mediterranean","MAR",2000,504,"COUNTRY",0.530727535,0.245365539,0.935703736
"2577","Mozambique","AFR","Africa","MOZ",2015,508,"COUNTRY",1.816581271,1.070541862,2.61636099
"2578","Mozambique","AFR","Africa","MOZ",2003,508,"COUNTRY",1.073631719,0.572560081,1.712857807
"2579","Mozambique","AFR","Africa","MOZ",2006,508,"COUNTRY",1.16977721,0.633917126,1.808294412
"2580","Mozambique","AFR","Africa","MOZ",2014,508,"COUNTRY",1.670729599,1.00924339,2.46376715
"2581","Mozambique","AFR","Africa","MOZ",2005,508,"COUNTRY",1.142811762,0.635416634,1.790000381
"2582","Mozambique","AFR","Africa","MOZ",2022,508,"COUNTRY",1.911122059,1.139860474,2.739997447
"2583","Mozambique","AFR","Africa","MOZ",2019,508,"COUNTRY",2.028415511,1.315520494,2.865543251
"2584","Mozambique","AFR","Africa","MOZ",2017,508,"COUNTRY",2.02858607,1.232291709,2.925607627
"2585","Mozambique","AFR","Africa","MOZ",2016,508,"COUNTRY",1.938059834,1.227001229,2.770922237
"2586","Mozambique","AFR","Africa","MOZ",2018,508,"COUNTRY",2.091162893,1.290631481,2.97280516
"2587","Mozambique","AFR","Africa","MOZ",2013,508,"COUNTRY",1.565213146,0.90079249,2.338027354
"2588","Mozambique","AFR","Africa","MOZ",2020,508,"COUNTRY",1.980034238,1.220330303,2.876517022
"2589","Mozambique","AFR","Africa","MOZ",2009,508,"COUNTRY",1.289205081,0.74114612,2.050296997
"2590","Mozambique","AFR","Africa","MOZ",2021,508,"COUNTRY",1.911122059,1.139860474,2.739997447
"2591","Mozambique","AFR","Africa","MOZ",2004,508,"COUNTRY",1.115698316,0.587251769,1.730957916
"2592","Mozambique","AFR","Africa","MOZ",2010,508,"COUNTRY",1.336881715,0.775401558,2.063269413
"2593","Mozambique","AFR","Africa","MOZ",2012,508,"COUNTRY",1.489023275,0.840052501,2.279998905
"2594","Mozambique","AFR","Africa","MOZ",2002,508,"COUNTRY",1.081914202,0.593497941,1.722855062
"2595","Mozambique","AFR","Africa","MOZ",2011,508,"COUNTRY",1.421329431,0.845521224,2.10848691
"2596","Mozambique","AFR","Africa","MOZ",2000,508,"COUNTRY",1.117680852,0.593027872,1.769292033
"2597","Mozambique","AFR","Africa","MOZ",2001,508,"COUNTRY",1.117680852,0.593027872,1.769292033
"2598","Mozambique","AFR","Africa","MOZ",2008,508,"COUNTRY",1.249176823,0.708033187,1.976179775
"2599","Mozambique","AFR","Africa","MOZ",2007,508,"COUNTRY",1.21238436,0.635753118,1.875328312
"2600","Myanmar","SEAR","South-East Asia","MMR",2005,104,"COUNTRY",0.755829969,0.358482211,1.274343735
"2601","Myanmar","SEAR","South-East Asia","MMR",2001,104,"COUNTRY",0.413459346,0.149622691,0.820241885
"2602","Myanmar","SEAR","South-East Asia","MMR",2007,104,"COUNTRY",0.860532214,0.42832487,1.399817016
"2603","Myanmar","SEAR","South-East Asia","MMR",2009,104,"COUNTRY",1.027286702,0.580800957,1.609722257
"2604","Myanmar","SEAR","South-East Asia","MMR",2008,104,"COUNTRY",0.939475504,0.49847595,1.489743696
"2605","Myanmar","SEAR","South-East Asia","MMR",2022,104,"COUNTRY",1.874914099,1.24919986,2.663954668
"2606","Myanmar","SEAR","South-East Asia","MMR",2000,104,"COUNTRY",0.413459346,0.149622691,0.820241885
"2607","Myanmar","SEAR","South-East Asia","MMR",2012,104,"COUNTRY",1.399443591,0.775791103,2.089268757
"2608","Myanmar","SEAR","South-East Asia","MMR",2013,104,"COUNTRY",1.491989274,0.899417618,2.217603387
"2609","Myanmar","SEAR","South-East Asia","MMR",2018,104,"COUNTRY",2.18111781,1.427879835,2.98746582
"2610","Myanmar","SEAR","South-East Asia","MMR",2021,104,"COUNTRY",1.874914099,1.24919986,2.663954668
"2611","Myanmar","SEAR","South-East Asia","MMR",2014,104,"COUNTRY",1.559570826,0.975091041,2.294969947
"2612","Myanmar","SEAR","South-East Asia","MMR",2016,104,"COUNTRY",1.809923242,1.22572329,2.499600518
"2613","Myanmar","SEAR","South-East Asia","MMR",2004,104,"COUNTRY",0.72983076,0.345427419,1.231960785
"2614","Myanmar","SEAR","South-East Asia","MMR",2015,104,"COUNTRY",1.657303641,1.061530473,2.367294818
"2615","Myanmar","SEAR","South-East Asia","MMR",2002,104,"COUNTRY",0.561560373,0.248419469,1.031798424
"2616","Myanmar","SEAR","South-East Asia","MMR",2011,104,"COUNTRY",1.27482447,0.741446503,1.942529551
"2617","Myanmar","SEAR","South-East Asia","MMR",2020,104,"COUNTRY",2.060503931,1.40519955,2.831563526
"2618","Myanmar","SEAR","South-East Asia","MMR",2010,104,"COUNTRY",1.140078033,0.676455099,1.753889943
"2619","Myanmar","SEAR","South-East Asia","MMR",2017,104,"COUNTRY",1.971718229,1.335853843,2.72146798
"2620","Myanmar","SEAR","South-East Asia","MMR",2003,104,"COUNTRY",0.711152699,0.332480591,1.19812762
"2621","Myanmar","SEAR","South-East Asia","MMR",2019,104,"COUNTRY",2.163716174,1.410913379,2.957829293
"2622","Myanmar","SEAR","South-East Asia","MMR",2006,104,"COUNTRY",0.797561634,0.379121635,1.306070279
"2623","Namibia","AFR","Africa","NAM",2022,516,"COUNTRY",11.993195416,10.195585785,13.854721602
"2624","Namibia","AFR","Africa","NAM",2011,516,"COUNTRY",10.298209693,8.480874282,12.036947879
"2625","Namibia","AFR","Africa","NAM",2004,516,"COUNTRY",7.852915485,6.197620405,9.498519526
"2626","Namibia","AFR","Africa","NAM",2010,516,"COUNTRY",9.898514829,8.05813461,11.627341134
"2627","Namibia","AFR","Africa","NAM",2008,516,"COUNTRY",8.764497091,7.15424021,10.308085649
"2628","Namibia","AFR","Africa","NAM",2015,516,"COUNTRY",12.478071418,10.500892064,14.353908718
"2629","Namibia","AFR","Africa","NAM",2005,516,"COUNTRY",7.88961053,6.354463722,9.559378426
"2630","Namibia","AFR","Africa","NAM",2018,516,"COUNTRY",11.501898641,9.702497427,13.394736262
"2631","Namibia","AFR","Africa","NAM",2001,516,"COUNTRY",9.16758033,7.364233534,10.754262097
"2632","Namibia","AFR","Africa","NAM",2016,516,"COUNTRY",12.394562919,10.327334016,14.357268903
"2633","Namibia","AFR","Africa","NAM",2006,516,"COUNTRY",8.02764367,6.513028867,9.7086343
"2634","Namibia","AFR","Africa","NAM",2019,516,"COUNTRY",11.336692339,9.607051646,13.253666969
"2635","Namibia","AFR","Africa","NAM",2000,516,"COUNTRY",9.16758033,7.364233534,10.754262097
"2636","Namibia","AFR","Africa","NAM",2002,516,"COUNTRY",8.744940812,7.098578442,10.387790454
"2637","Namibia","AFR","Africa","NAM",2009,516,"COUNTRY",9.409703399,7.688373655,10.977808503
"2638","Namibia","AFR","Africa","NAM",2012,516,"COUNTRY",10.51288553,8.859904273,12.159015136
"2639","Namibia","AFR","Africa","NAM",2013,516,"COUNTRY",11.146573765,9.300322335,12.807684772
"2640","Namibia","AFR","Africa","NAM",2020,516,"COUNTRY",11.832439532,9.962112059,13.71298613
"2641","Namibia","AFR","Africa","NAM",2021,516,"COUNTRY",11.993195416,10.195585785,13.854721602
"2642","Namibia","AFR","Africa","NAM",2014,516,"COUNTRY",11.878088368,10.024131303,13.610967325
"2643","Namibia","AFR","Africa","NAM",2017,516,"COUNTRY",11.762337006,9.86693464,13.688791332
"2644","Namibia","AFR","Africa","NAM",2007,516,"COUNTRY",8.275936488,6.649128587,9.874582512
"2645","Namibia","AFR","Africa","NAM",2003,516,"COUNTRY",8.124055259,6.522521787,9.788328864
"2646","Nepal","SEAR","South-East Asia","NPL",2018,524,"COUNTRY",1.887377996,1.104517707,2.815814453
"2647","Nepal","SEAR","South-East Asia","NPL",2016,524,"COUNTRY",1.759714924,1.018189745,2.680193655
"2648","Nepal","SEAR","South-East Asia","NPL",2002,524,"COUNTRY",1.728451011,0.993077557,2.615006545
"2649","Nepal","SEAR","South-East Asia","NPL",2013,524,"COUNTRY",1.498183996,0.821609827,2.271638025
"2650","Nepal","SEAR","South-East Asia","NPL",2011,524,"COUNTRY",1.673418206,0.93462128,2.484395904
"2651","Nepal","SEAR","South-East Asia","NPL",2005,524,"COUNTRY",1.709118103,0.988669926,2.57536386
"2652","Nepal","SEAR","South-East Asia","NPL",2020,524,"COUNTRY",3.217330636,2.131907431,4.367326664
"2653","Nepal","SEAR","South-East Asia","NPL",2009,524,"COUNTRY",1.74263215,1.015748435,2.627170867
"2654","Nepal","SEAR","South-East Asia","NPL",2017,524,"COUNTRY",1.759217603,1.014954031,2.70477753
"2655","Nepal","SEAR","South-East Asia","NPL",2012,524,"COUNTRY",1.672200228,0.95836444,2.50086296
"2656","Nepal","SEAR","South-East Asia","NPL",2004,524,"COUNTRY",1.711552068,1.028689096,2.588865866
"2657","Nepal","SEAR","South-East Asia","NPL",2014,524,"COUNTRY",1.533356132,0.841340747,2.27249946
"2658","Nepal","SEAR","South-East Asia","NPL",2019,524,"COUNTRY",2.521734381,1.578484429,3.558492847
"2659","Nepal","SEAR","South-East Asia","NPL",2010,524,"COUNTRY",1.723931886,0.999920963,2.613170105
"2660","Nepal","SEAR","South-East Asia","NPL",2003,524,"COUNTRY",1.721240894,0.967222771,2.577828638
"2661","Nepal","SEAR","South-East Asia","NPL",2000,524,"COUNTRY",1.729293846,0.898480905,2.567732521
"2662","Nepal","SEAR","South-East Asia","NPL",2008,524,"COUNTRY",1.729769584,0.953086,2.585898759
"2663","Nepal","SEAR","South-East Asia","NPL",2015,524,"COUNTRY",1.576737542,0.874409392,2.445637333
"2664","Nepal","SEAR","South-East Asia","NPL",2006,524,"COUNTRY",1.71009071,0.985387702,2.604589516
"2665","Nepal","SEAR","South-East Asia","NPL",2007,524,"COUNTRY",1.720565349,1.028409469,2.585793512
"2666","Nepal","SEAR","South-East Asia","NPL",2001,524,"COUNTRY",1.729293846,0.898480905,2.567732521
"2667","Nepal","SEAR","South-East Asia","NPL",2021,524,"COUNTRY",3.733278965,2.517668524,4.925852936
"2668","Nepal","SEAR","South-East Asia","NPL",2022,524,"COUNTRY",3.733278965,2.517668524,4.925852936
"2669","Netherlands (Kingdom of the)","EUR","Europe","NLD",2002,528,"COUNTRY",10.535457615,8.782945086,12.24714139
"2670","Netherlands (Kingdom of the)","EUR","Europe","NLD",2021,528,"COUNTRY",8.704642318,7.194304796,10.232906253
"2671","Netherlands (Kingdom of the)","EUR","Europe","NLD",2003,528,"COUNTRY",10.442165043,8.800722598,12.129454631
"2672","Netherlands (Kingdom of the)","EUR","Europe","NLD",2012,528,"COUNTRY",9.632623545,8.090045978,11.363288023
"2673","Netherlands (Kingdom of the)","EUR","Europe","NLD",2013,528,"COUNTRY",9.412111235,7.8732288,11.058252235
"2674","Netherlands (Kingdom of the)","EUR","Europe","NLD",2005,528,"COUNTRY",10.362291158,8.781893505,12.120940155
"2675","Netherlands (Kingdom of the)","EUR","Europe","NLD",2015,528,"COUNTRY",9.024877136,7.545396487,10.636775489
"2676","Netherlands (Kingdom of the)","EUR","Europe","NLD",2017,528,"COUNTRY",8.968357047,7.548555162,10.53137515
"2677","Netherlands (Kingdom of the)","EUR","Europe","NLD",2016,528,"COUNTRY",8.970041674,7.51734062,10.654569828
"2678","Netherlands (Kingdom of the)","EUR","Europe","NLD",2018,528,"COUNTRY",8.940318327,7.322823252,10.565578343
"2679","Netherlands (Kingdom of the)","EUR","Europe","NLD",2000,528,"COUNTRY",10.757504601,9.121258029,12.514146225
"2680","Netherlands (Kingdom of the)","EUR","Europe","NLD",2004,528,"COUNTRY",10.356651485,8.692873613,12.126525114
"2681","Netherlands (Kingdom of the)","EUR","Europe","NLD",2019,528,"COUNTRY",8.773433505,7.25158363,10.379694296
"2682","Netherlands (Kingdom of the)","EUR","Europe","NLD",2010,528,"COUNTRY",9.833750037,8.192168615,11.617934163
"2683","Netherlands (Kingdom of the)","EUR","Europe","NLD",2009,528,"COUNTRY",10.001302548,8.21436298,11.77075501
"2684","Netherlands (Kingdom of the)","EUR","Europe","NLD",2008,528,"COUNTRY",10.125801343,8.346638574,11.84884907
"2685","Netherlands (Kingdom of the)","EUR","Europe","NLD",2001,528,"COUNTRY",10.757504601,9.121258029,12.514146225
"2686","Netherlands (Kingdom of the)","EUR","Europe","NLD",2022,528,"COUNTRY",8.704642318,7.194304796,10.232906253
"2687","Netherlands (Kingdom of the)","EUR","Europe","NLD",2011,528,"COUNTRY",9.804595286,8.175159082,11.583161383
"2688","Netherlands (Kingdom of the)","EUR","Europe","NLD",2006,528,"COUNTRY",10.293874783,8.610976184,11.924327348
"2689","Netherlands (Kingdom of the)","EUR","Europe","NLD",2007,528,"COUNTRY",10.276029026,8.598009494,11.870671228
"2690","Netherlands (Kingdom of the)","EUR","Europe","NLD",2014,528,"COUNTRY",9.141689023,7.563663061,10.799448537
"2691","Netherlands (Kingdom of the)","EUR","Europe","NLD",2020,528,"COUNTRY",8.705812261,7.27523901,10.268545011
"2692","New Zealand","WPR","Western Pacific","NZL",2018,554,"COUNTRY",9.326055308,7.707477568,11.037244338
"2693","New Zealand","WPR","Western Pacific","NZL",2022,554,"COUNTRY",9.211794944,7.718196506,10.859208961
"2694","New Zealand","WPR","Western Pacific","NZL",2004,554,"COUNTRY",9.662625832,8.032030007,11.469182294
"2695","New Zealand","WPR","Western Pacific","NZL",2008,554,"COUNTRY",9.842353305,8.247096973,11.783104364
"2696","New Zealand","WPR","Western Pacific","NZL",2002,554,"COUNTRY",9.443192083,7.814965344,11.175733353
"2697","New Zealand","WPR","Western Pacific","NZL",2000,554,"COUNTRY",9.413228123,7.827555044,11.082064143
"2698","New Zealand","WPR","Western Pacific","NZL",2001,554,"COUNTRY",9.413228123,7.827555044,11.082064143
"2699","New Zealand","WPR","Western Pacific","NZL",2010,554,"COUNTRY",9.998451554,8.195093716,11.72076219
"2700","New Zealand","WPR","Western Pacific","NZL",2017,554,"COUNTRY",9.37571299,7.727806394,11.052055112
"2701","New Zealand","WPR","Western Pacific","NZL",2015,554,"COUNTRY",9.365959497,7.844593976,11.082179345
"2702","New Zealand","WPR","Western Pacific","NZL",2019,554,"COUNTRY",9.31201636,7.663367467,10.925534172
"2703","New Zealand","WPR","Western Pacific","NZL",2011,554,"COUNTRY",9.995809865,8.315220594,11.696846973
"2704","New Zealand","WPR","Western Pacific","NZL",2014,554,"COUNTRY",9.478158408,7.888810571,11.116714413
"2705","New Zealand","WPR","Western Pacific","NZL",2006,554,"COUNTRY",9.808731299,8.159986163,11.548401495
"2706","New Zealand","WPR","Western Pacific","NZL",2007,554,"COUNTRY",9.86351399,8.275450592,11.672881791
"2707","New Zealand","WPR","Western Pacific","NZL",2013,554,"COUNTRY",9.688463826,8.152731001,11.335372194
"2708","New Zealand","WPR","Western Pacific","NZL",2005,554,"COUNTRY",9.803418765,8.133740043,11.590503176
"2709","New Zealand","WPR","Western Pacific","NZL",2020,554,"COUNTRY",9.286163588,7.781726862,10.933553995
"2710","New Zealand","WPR","Western Pacific","NZL",2009,554,"COUNTRY",10.001561598,8.28169536,11.780789747
"2711","New Zealand","WPR","Western Pacific","NZL",2016,554,"COUNTRY",9.311020746,7.671102146,11.162787412
"2712","New Zealand","WPR","Western Pacific","NZL",2003,554,"COUNTRY",9.587821915,7.966307586,11.177455662
"2713","New Zealand","WPR","Western Pacific","NZL",2021,554,"COUNTRY",9.211794944,7.718196506,10.859208961
"2714","New Zealand","WPR","Western Pacific","NZL",2012,554,"COUNTRY",9.846481097,8.246253306,11.498084258
"2715","Nicaragua","AMR","Americas","NIC",2002,558,"COUNTRY",4.132036852,3.105338129,5.303122904
"2716","Nicaragua","AMR","Americas","NIC",2005,558,"COUNTRY",4.29478154,3.190535181,5.397636932
"2717","Nicaragua","AMR","Americas","NIC",2000,558,"COUNTRY",4.069062929,3.053774066,5.188414118
"2718","Nicaragua","AMR","Americas","NIC",2011,558,"COUNTRY",3.999597694,2.985585043,5.148953057
"2719","Nicaragua","AMR","Americas","NIC",2014,558,"COUNTRY",4.158889099,3.065375795,5.327747569
"2720","Nicaragua","AMR","Americas","NIC",2003,558,"COUNTRY",4.240665422,3.20008913,5.372043179
"2721","Nicaragua","AMR","Americas","NIC",2010,558,"COUNTRY",3.907280956,2.937141177,5.02754259
"2722","Nicaragua","AMR","Americas","NIC",2016,558,"COUNTRY",4.341532254,3.306057402,5.500787703
"2723","Nicaragua","AMR","Americas","NIC",2019,558,"COUNTRY",4.069097879,2.941133703,5.165932217
"2724","Nicaragua","AMR","Americas","NIC",2018,558,"COUNTRY",4.287305614,3.241285027,5.39419407
"2725","Nicaragua","AMR","Americas","NIC",2017,558,"COUNTRY",4.358964096,3.396745851,5.479312689
"2726","Nicaragua","AMR","Americas","NIC",2022,558,"COUNTRY",3.932428943,2.923233602,5.031463399
"2727","Nicaragua","AMR","Americas","NIC",2020,558,"COUNTRY",3.944580579,2.867564591,4.985477157
"2728","Nicaragua","AMR","Americas","NIC",2008,558,"COUNTRY",4.161308389,3.080209058,5.405993692
"2729","Nicaragua","AMR","Americas","NIC",2013,558,"COUNTRY",4.125718436,3.083405547,5.256166984
"2730","Nicaragua","AMR","Americas","NIC",2001,558,"COUNTRY",4.069062929,3.053774066,5.188414118
"2731","Nicaragua","AMR","Americas","NIC",2006,558,"COUNTRY",4.304276277,3.221887272,5.381294033
"2732","Nicaragua","AMR","Americas","NIC",2009,558,"COUNTRY",3.99949705,2.971558804,5.192108245
"2733","Nicaragua","AMR","Americas","NIC",2015,558,"COUNTRY",4.236274429,3.20837677,5.402928891
"2734","Nicaragua","AMR","Americas","NIC",2012,558,"COUNTRY",4.067504899,3.068769204,5.223697918
"2735","Nicaragua","AMR","Americas","NIC",2004,558,"COUNTRY",4.314176297,3.213375551,5.519918703
"2736","Nicaragua","AMR","Americas","NIC",2021,558,"COUNTRY",3.932428943,2.923233602,5.031463399
"2737","Nicaragua","AMR","Americas","NIC",2007,558,"COUNTRY",4.283956037,3.193436861,5.445753448
"2738","Niger","AFR","Africa","NER",2008,562,"COUNTRY",0.169181352,0.056251503,0.455764265
"2739","Niger","AFR","Africa","NER",2002,562,"COUNTRY",0.173373586,0.065643373,0.436404432
"2740","Niger","AFR","Africa","NER",2015,562,"COUNTRY",0.178509671,0.071801717,0.457143694
"2741","Niger","AFR","Africa","NER",2014,562,"COUNTRY",0.172984537,0.066057801,0.4498982
"2742","Niger","AFR","Africa","NER",2006,562,"COUNTRY",0.1655587,0.049974404,0.427055684
"2743","Niger","AFR","Africa","NER",2005,562,"COUNTRY",0.164393048,0.052282415,0.434237029
"2744","Niger","AFR","Africa","NER",2012,562,"COUNTRY",0.169571715,0.056594305,0.428547338
"2745","Niger","AFR","Africa","NER",2003,562,"COUNTRY",0.167809778,0.06622222,0.445222261
"2746","Niger","AFR","Africa","NER",2011,562,"COUNTRY",0.168884251,0.062033502,0.437762437
"2747","Niger","AFR","Africa","NER",2007,562,"COUNTRY",0.168765001,0.065930092,0.440162506
"2748","Niger","AFR","Africa","NER",2016,562,"COUNTRY",0.169500639,0.062080979,0.442037504
"2749","Niger","AFR","Africa","NER",2019,562,"COUNTRY",0.129834154,0.042505196,0.367274208
"2750","Niger","AFR","Africa","NER",2001,562,"COUNTRY",0.177692463,0.054695688,0.44206571
"2751","Niger","AFR","Africa","NER",2000,562,"COUNTRY",0.177692463,0.054695688,0.44206571
"2752","Niger","AFR","Africa","NER",2004,562,"COUNTRY",0.164593148,0.051905062,0.429276611
"2753","Niger","AFR","Africa","NER",2013,562,"COUNTRY",0.171411205,0.05741433,0.424613877
"2754","Niger","AFR","Africa","NER",2009,562,"COUNTRY",0.168952435,0.069932775,0.442774488
"2755","Niger","AFR","Africa","NER",2021,562,"COUNTRY",0.154657877,0.051860882,0.40186332
"2756","Niger","AFR","Africa","NER",2022,562,"COUNTRY",0.154657877,0.051860882,0.40186332
"2757","Niger","AFR","Africa","NER",2018,562,"COUNTRY",0.114555274,0.040180332,0.341753233
"2758","Niger","AFR","Africa","NER",2020,562,"COUNTRY",0.133670537,0.048905856,0.366309559
"2759","Niger","AFR","Africa","NER",2010,562,"COUNTRY",0.169139956,0.070683283,0.431914846
"2760","Niger","AFR","Africa","NER",2017,562,"COUNTRY",0.149424048,0.05770578,0.402283582
"2761","Nigeria","AFR","Africa","NGA",2006,566,"COUNTRY",3.204222957,2.277276305,4.305173934
"2762","Nigeria","AFR","Africa","NGA",2003,566,"COUNTRY",3.132303796,2.102025044,4.170588218
"2763","Nigeria","AFR","Africa","NGA",2005,566,"COUNTRY",3.176438339,2.236952605,4.219454807
"2764","Nigeria","AFR","Africa","NGA",2011,566,"COUNTRY",2.40624649,1.590065426,3.38652991
"2765","Nigeria","AFR","Africa","NGA",2015,566,"COUNTRY",2.354575429,1.543852601,3.329333383
"2766","Nigeria","AFR","Africa","NGA",2020,566,"COUNTRY",2.204566524,1.387803334,3.098692121
"2767","Nigeria","AFR","Africa","NGA",2022,566,"COUNTRY",2.312369966,1.513011916,3.240003796
"2768","Nigeria","AFR","Africa","NGA",2014,566,"COUNTRY",2.335086832,1.482699162,3.291141083
"2769","Nigeria","AFR","Africa","NGA",2012,566,"COUNTRY",2.000707622,1.261148358,2.892053963
"2770","Nigeria","AFR","Africa","NGA",2009,566,"COUNTRY",3.203940674,2.235614919,4.291682336
"2771","Nigeria","AFR","Africa","NGA",2021,566,"COUNTRY",2.312369966,1.513011916,3.240003796
"2772","Nigeria","AFR","Africa","NGA",2000,566,"COUNTRY",3.101580709,2.100944648,4.093890039
"2773","Nigeria","AFR","Africa","NGA",2016,566,"COUNTRY",2.094501622,1.280091268,2.90729477
"2774","Nigeria","AFR","Africa","NGA",2007,566,"COUNTRY",3.212024892,2.221241725,4.261034417
"2775","Nigeria","AFR","Africa","NGA",2013,566,"COUNTRY",2.287890959,1.441564875,3.225057392
"2776","Nigeria","AFR","Africa","NGA",2010,566,"COUNTRY",2.805402772,1.909298151,3.893936917
"2777","Nigeria","AFR","Africa","NGA",2002,566,"COUNTRY",3.118315791,2.126855289,4.182224045
"2778","Nigeria","AFR","Africa","NGA",2004,566,"COUNTRY",3.154484293,2.197027213,4.237916043
"2779","Nigeria","AFR","Africa","NGA",2019,566,"COUNTRY",2.125640243,1.382755674,3.040825849
"2780","Nigeria","AFR","Africa","NGA",2018,566,"COUNTRY",2.116040119,1.362224249,2.94381641
"2781","Nigeria","AFR","Africa","NGA",2017,566,"COUNTRY",2.096949881,1.30433698,3.01023576
"2782","Nigeria","AFR","Africa","NGA",2008,566,"COUNTRY",3.200437126,2.167565915,4.249802538
"2783","Nigeria","AFR","Africa","NGA",2001,566,"COUNTRY",3.101580709,2.100944648,4.093890039
"2784","Niue","WPR","Western Pacific","NIU",2004,570,"COUNTRY",4.357295523,3.168982397,5.554067118
"2785","Niue","WPR","Western Pacific","NIU",2003,570,"COUNTRY",4.360570264,3.16501847,5.632858604
"2786","Niue","WPR","Western Pacific","NIU",2002,570,"COUNTRY",6.200053686,4.927341436,7.650282018
"2787","Niue","WPR","Western Pacific","NIU",2016,570,"COUNTRY",2.358536037,0.994453512,3.660769408
"2788","Niue","WPR","Western Pacific","NIU",2012,570,"COUNTRY",3.70959903,2.38826959,5.145811796
"2789","Niue","WPR","Western Pacific","NIU",2015,570,"COUNTRY",2.448190031,1.12237988,3.70182611
"2790","Niue","WPR","Western Pacific","NIU",2018,570,"COUNTRY",2.391829895,1.054811591,3.735024981
"2791","Niue","WPR","Western Pacific","NIU",2006,570,"COUNTRY",3.522686071,2.448374991,4.696912278
"2792","Niue","WPR","Western Pacific","NIU",2008,570,"COUNTRY",3.612498854,2.403961091,4.80735676
"2793","Niue","WPR","Western Pacific","NIU",2005,570,"COUNTRY",3.299181843,2.255126163,4.41339107
"2794","Niue","WPR","Western Pacific","NIU",2017,570,"COUNTRY",2.340504788,0.943091891,3.698973465
"2795","Niue","WPR","Western Pacific","NIU",2019,570,"COUNTRY",2.719869501,1.57686094,3.914864747
"2796","Niue","WPR","Western Pacific","NIU",2014,570,"COUNTRY",2.539370272,1.204316085,3.852006007
"2797","Niue","WPR","Western Pacific","NIU",2022,570,"COUNTRY",3.281498003,2.215529787,4.360144812
"2798","Niue","WPR","Western Pacific","NIU",2000,570,"COUNTRY",5.381357144,4.189965448,6.750715684
"2799","Niue","WPR","Western Pacific","NIU",2010,570,"COUNTRY",2.830715699,1.583417644,4.093263337
"2800","Niue","WPR","Western Pacific","NIU",2020,570,"COUNTRY",3.03994267,1.947938776,4.243622709
"2801","Niue","WPR","Western Pacific","NIU",2001,570,"COUNTRY",5.381357144,4.189965448,6.750715684
"2802","Niue","WPR","Western Pacific","NIU",2013,570,"COUNTRY",3.768626106,2.421313544,5.193225284
"2803","Niue","WPR","Western Pacific","NIU",2007,570,"COUNTRY",3.570742496,2.404978635,4.768713647
"2804","Niue","WPR","Western Pacific","NIU",2021,570,"COUNTRY",3.281498003,2.215529787,4.360144812
"2805","Niue","WPR","Western Pacific","NIU",2011,570,"COUNTRY",3.626805898,2.377966933,4.977003606
"2806","Niue","WPR","Western Pacific","NIU",2009,570,"COUNTRY",3.316518463,2.030818044,4.563329606
"2807","North Macedonia","EUR","Europe","MKD",2001,807,"COUNTRY",5.122443999,3.904850627,6.479096953
"2808","North Macedonia","EUR","Europe","MKD",2000,807,"COUNTRY",5.122443999,3.904850627,6.479096953
"2809","North Macedonia","EUR","Europe","MKD",2018,807,"COUNTRY",5.076693914,3.911367774,6.432485906
"2810","North Macedonia","EUR","Europe","MKD",2015,807,"COUNTRY",5.591594945,4.264335567,7.015243662
"2811","North Macedonia","EUR","Europe","MKD",2014,807,"COUNTRY",5.004936623,3.714766768,6.357010426
"2812","North Macedonia","EUR","Europe","MKD",2022,807,"COUNTRY",5.764115445,4.390393648,7.058190356
"2813","North Macedonia","EUR","Europe","MKD",2017,807,"COUNTRY",5.26587148,3.989758795,6.691004581
"2814","North Macedonia","EUR","Europe","MKD",2009,807,"COUNTRY",4.909101669,3.699836074,6.190489694
"2815","North Macedonia","EUR","Europe","MKD",2019,807,"COUNTRY",5.428805783,4.204149141,6.768558652
"2816","North Macedonia","EUR","Europe","MKD",2010,807,"COUNTRY",4.78791843,3.518347976,6.122031995
"2817","North Macedonia","EUR","Europe","MKD",2004,807,"COUNTRY",5.040547079,3.698148563,6.422322792
"2818","North Macedonia","EUR","Europe","MKD",2003,807,"COUNTRY",5.070248258,3.795130392,6.432084269
"2819","North Macedonia","EUR","Europe","MKD",2011,807,"COUNTRY",4.799573756,3.527365427,6.075824899
"2820","North Macedonia","EUR","Europe","MKD",2016,807,"COUNTRY",5.525615199,4.208607174,6.981115689
"2821","North Macedonia","EUR","Europe","MKD",2005,807,"COUNTRY",5.052270512,3.735481653,6.361439809
"2822","North Macedonia","EUR","Europe","MKD",2020,807,"COUNTRY",5.78649714,4.560236635,7.181237539
"2823","North Macedonia","EUR","Europe","MKD",2021,807,"COUNTRY",5.764115445,4.390393648,7.058190356
"2824","North Macedonia","EUR","Europe","MKD",2012,807,"COUNTRY",4.792753924,3.642638463,6.193087243
"2825","North Macedonia","EUR","Europe","MKD",2002,807,"COUNTRY",5.069008914,3.790558542,6.416242799
"2826","North Macedonia","EUR","Europe","MKD",2006,807,"COUNTRY",5.090833572,3.865514992,6.357489904
"2827","North Macedonia","EUR","Europe","MKD",2008,807,"COUNTRY",5.024262774,3.830117862,6.279108649
"2828","North Macedonia","EUR","Europe","MKD",2007,807,"COUNTRY",5.154671688,3.911217475,6.429638481
"2829","North Macedonia","EUR","Europe","MKD",2013,807,"COUNTRY",4.768620174,3.509096444,6.144889105
"2830","Norway","EUR","Europe","NOR",2016,578,"COUNTRY",6.666608642,5.330067759,8.057291063
"2831","Norway","EUR","Europe","NOR",2006,578,"COUNTRY",7.211740753,5.790893704,8.657843222
"2832","Norway","EUR","Europe","NOR",2017,578,"COUNTRY",6.673720326,5.387848646,8.088698938
"2833","Norway","EUR","Europe","NOR",2002,578,"COUNTRY",6.644024596,5.25042212,7.973708075
"2834","Norway","EUR","Europe","NOR",2001,578,"COUNTRY",6.528639293,5.171231037,8.02262501
"2835","Norway","EUR","Europe","NOR",2005,578,"COUNTRY",7.114210073,5.800471994,8.56932924
"2836","Norway","EUR","Europe","NOR",2018,578,"COUNTRY",6.67053225,5.260115787,8.107917511
"2837","Norway","EUR","Europe","NOR",2020,578,"COUNTRY",7.354916203,5.986408788,8.749774321
"2838","Norway","EUR","Europe","NOR",2015,578,"COUNTRY",6.689966657,5.344586659,8.074379017
"2839","Norway","EUR","Europe","NOR",2021,578,"COUNTRY",7.480056891,6.142580491,8.971707156
"2840","Norway","EUR","Europe","NOR",2019,578,"COUNTRY",6.899086934,5.565869924,8.272643979
"2841","Norway","EUR","Europe","NOR",2003,578,"COUNTRY",6.874440405,5.481451023,8.37313209
"2842","Norway","EUR","Europe","NOR",2014,578,"COUNTRY",6.744294278,5.399301811,8.20978764
"2843","Norway","EUR","Europe","NOR",2004,578,"COUNTRY",7.009259791,5.648989591,8.376162259
"2844","Norway","EUR","Europe","NOR",2022,578,"COUNTRY",7.480056891,6.142580491,8.971707156
"2845","Norway","EUR","Europe","NOR",2013,578,"COUNTRY",6.822631439,5.504733287,8.276619068
"2846","Norway","EUR","Europe","NOR",2009,578,"COUNTRY",7.364317239,5.903832054,8.789672732
"2847","Norway","EUR","Europe","NOR",2012,578,"COUNTRY",6.948154431,5.632565272,8.302883193
"2848","Norway","EUR","Europe","NOR",2011,578,"COUNTRY",7.082221446,5.733404922,8.409628003
"2849","Norway","EUR","Europe","NOR",2008,578,"COUNTRY",7.377000433,6.043791404,8.900376422
"2850","Norway","EUR","Europe","NOR",2007,578,"COUNTRY",7.309778089,5.864567077,8.88595081
"2851","Norway","EUR","Europe","NOR",2010,578,"COUNTRY",7.252862269,5.911600908,8.754893262
"2852","Norway","EUR","Europe","NOR",2000,578,"COUNTRY",6.528639293,5.171231037,8.02262501
"2853","Oman","EMR","Eastern Mediterranean","OMN",2016,512,"COUNTRY",0.901815348,0.424405158,1.512207321
"2854","Oman","EMR","Eastern Mediterranean","OMN",2008,512,"COUNTRY",1.013581574,0.531156857,1.695544881
"2855","Oman","EMR","Eastern Mediterranean","OMN",2012,512,"COUNTRY",0.866352005,0.430908433,1.459307284
"2856","Oman","EMR","Eastern Mediterranean","OMN",2020,512,"COUNTRY",0.770490628,0.337674756,1.367178175
"2857","Oman","EMR","Eastern Mediterranean","OMN",2017,512,"COUNTRY",0.923570151,0.414864146,1.540631529
"2858","Oman","EMR","Eastern Mediterranean","OMN",2011,512,"COUNTRY",0.923468629,0.490010578,1.567273712
"2859","Oman","EMR","Eastern Mediterranean","OMN",2019,512,"COUNTRY",0.836382669,0.354317409,1.432833258
"2860","Oman","EMR","Eastern Mediterranean","OMN",2005,512,"COUNTRY",1.124038538,0.572801784,1.81619895
"2861","Oman","EMR","Eastern Mediterranean","OMN",2003,512,"COUNTRY",1.132883798,0.587589949,1.882743498
"2862","Oman","EMR","Eastern Mediterranean","OMN",2015,512,"COUNTRY",0.85690948,0.42272414,1.466921643
"2863","Oman","EMR","Eastern Mediterranean","OMN",2004,512,"COUNTRY",1.147544595,0.61568289,1.837442247
"2864","Oman","EMR","Eastern Mediterranean","OMN",2007,512,"COUNTRY",1.036817349,0.545030711,1.693950933
"2865","Oman","EMR","Eastern Mediterranean","OMN",2022,512,"COUNTRY",0.729470991,0.321938628,1.267204662
"2866","Oman","EMR","Eastern Mediterranean","OMN",2014,512,"COUNTRY",0.82743754,0.380254552,1.428518108
"2867","Oman","EMR","Eastern Mediterranean","OMN",2009,512,"COUNTRY",0.995620885,0.481434897,1.659230625
"2868","Oman","EMR","Eastern Mediterranean","OMN",2013,512,"COUNTRY",0.821271163,0.39630905,1.41040772
"2869","Oman","EMR","Eastern Mediterranean","OMN",2002,512,"COUNTRY",1.110356587,0.545233327,1.879837516
"2870","Oman","EMR","Eastern Mediterranean","OMN",2000,512,"COUNTRY",1.089313786,0.57140578,1.795278075
"2871","Oman","EMR","Eastern Mediterranean","OMN",2018,512,"COUNTRY",0.946013411,0.448329915,1.568371719
"2872","Oman","EMR","Eastern Mediterranean","OMN",2006,512,"COUNTRY",1.084801495,0.56989481,1.734379492
"2873","Oman","EMR","Eastern Mediterranean","OMN",2010,512,"COUNTRY",0.966526049,0.480789582,1.581326681
"2874","Oman","EMR","Eastern Mediterranean","OMN",2001,512,"COUNTRY",1.089313786,0.57140578,1.795278075
"2875","Oman","EMR","Eastern Mediterranean","OMN",2021,512,"COUNTRY",0.729470991,0.321938628,1.267204662
"2876","Pakistan","EMR","Eastern Mediterranean","PAK",2002,586,"COUNTRY",0.043909925,0.012062482,0.193002714
"2877","Pakistan","EMR","Eastern Mediterranean","PAK",2005,586,"COUNTRY",0.066009213,0.022228026,0.240414741
"2878","Pakistan","EMR","Eastern Mediterranean","PAK",2021,586,"COUNTRY",0.093935174,0.026949171,0.305879047
"2879","Pakistan","EMR","Eastern Mediterranean","PAK",2018,586,"COUNTRY",0.10408106,0.036437985,0.340114026
"2880","Pakistan","EMR","Eastern Mediterranean","PAK",2017,586,"COUNTRY",0.101922504,0.04083409,0.340667043
"2881","Pakistan","EMR","Eastern Mediterranean","PAK",2000,586,"COUNTRY",0.044108297,0.014269115,0.200680964
"2882","Pakistan","EMR","Eastern Mediterranean","PAK",2019,586,"COUNTRY",0.099780149,0.033798554,0.32297262
"2883","Pakistan","EMR","Eastern Mediterranean","PAK",2013,586,"COUNTRY",0.081235939,0.024714459,0.279027016
"2884","Pakistan","EMR","Eastern Mediterranean","PAK",2009,586,"COUNTRY",0.081704936,0.029055331,0.28573175
"2885","Pakistan","EMR","Eastern Mediterranean","PAK",2014,586,"COUNTRY",0.08631634,0.027185564,0.298745829
"2886","Pakistan","EMR","Eastern Mediterranean","PAK",2016,586,"COUNTRY",0.097919172,0.029352456,0.321489877
"2887","Pakistan","EMR","Eastern Mediterranean","PAK",2022,586,"COUNTRY",0.093935174,0.026949171,0.305879047
"2888","Pakistan","EMR","Eastern Mediterranean","PAK",2010,586,"COUNTRY",0.082563785,0.02131736,0.271834085
"2889","Pakistan","EMR","Eastern Mediterranean","PAK",2008,586,"COUNTRY",0.080521392,0.025858987,0.273503496
"2890","Pakistan","EMR","Eastern Mediterranean","PAK",2011,586,"COUNTRY",0.081087783,0.022355034,0.268282252
"2891","Pakistan","EMR","Eastern Mediterranean","PAK",2004,586,"COUNTRY",0.055411485,0.019971322,0.219070913
"2892","Pakistan","EMR","Eastern Mediterranean","PAK",2012,586,"COUNTRY",0.079427002,0.023574811,0.279983852
"2893","Pakistan","EMR","Eastern Mediterranean","PAK",2001,586,"COUNTRY",0.044108297,0.014269115,0.200680964
"2894","Pakistan","EMR","Eastern Mediterranean","PAK",2003,586,"COUNTRY",0.045035856,0.015112048,0.191195938
"2895","Pakistan","EMR","Eastern Mediterranean","PAK",2015,586,"COUNTRY",0.093614996,0.033444933,0.307459054
"2896","Pakistan","EMR","Eastern Mediterranean","PAK",2020,586,"COUNTRY",0.096818291,0.030744029,0.310163255
"2897","Pakistan","EMR","Eastern Mediterranean","PAK",2006,586,"COUNTRY",0.076992302,0.028992571,0.271875318
"2898","Pakistan","EMR","Eastern Mediterranean","PAK",2007,586,"COUNTRY",0.07907419,0.028853827,0.28094688
"2899","Panama","AMR","Americas","PAN",2014,591,"COUNTRY",6.944076977,5.625402601,8.295729035
"2900","Panama","AMR","Americas","PAN",2018,591,"COUNTRY",7.150302522,5.863265336,8.526698744
"2901","Panama","AMR","Americas","PAN",2017,591,"COUNTRY",7.062110658,5.742986534,8.524679539
"2902","Panama","AMR","Americas","PAN",2012,591,"COUNTRY",6.81439598,5.506074132,8.313113697
"2903","Panama","AMR","Americas","PAN",2016,591,"COUNTRY",7.033299926,5.640791176,8.464617309
"2904","Panama","AMR","Americas","PAN",2000,591,"COUNTRY",5.594081162,4.345978869,6.868272477
"2905","Panama","AMR","Americas","PAN",2020,591,"COUNTRY",6.333066737,5.077475348,7.69048583
"2906","Panama","AMR","Americas","PAN",2021,591,"COUNTRY",6.26601381,4.965536753,7.64822118
"2907","Panama","AMR","Americas","PAN",2022,591,"COUNTRY",6.26601381,4.965536753,7.64822118
"2908","Panama","AMR","Americas","PAN",2010,591,"COUNTRY",6.710850769,5.41058446,8.153914661
"2909","Panama","AMR","Americas","PAN",2019,591,"COUNTRY",6.501572757,5.212077475,7.881069762
"2910","Panama","AMR","Americas","PAN",2006,591,"COUNTRY",5.711642852,4.463771462,6.991343096
"2911","Panama","AMR","Americas","PAN",2005,591,"COUNTRY",5.566055812,4.430457315,6.911796142
"2912","Panama","AMR","Americas","PAN",2002,591,"COUNTRY",5.523435061,4.22980885,6.753641183
"2913","Panama","AMR","Americas","PAN",2011,591,"COUNTRY",6.767125038,5.40657549,8.205328489
"2914","Panama","AMR","Americas","PAN",2003,591,"COUNTRY",5.543526191,4.313774435,6.794106684
"2915","Panama","AMR","Americas","PAN",2004,591,"COUNTRY",5.523428541,4.284498389,6.757239837
"2916","Panama","AMR","Americas","PAN",2001,591,"COUNTRY",5.594081162,4.345978869,6.868272477
"2917","Panama","AMR","Americas","PAN",2015,591,"COUNTRY",6.932785633,5.607337272,8.298158082
"2918","Panama","AMR","Americas","PAN",2008,591,"COUNTRY",6.407971628,5.017066472,7.94949897
"2919","Panama","AMR","Americas","PAN",2009,591,"COUNTRY",6.638005459,5.299529023,8.023214385
"2920","Panama","AMR","Americas","PAN",2013,591,"COUNTRY",6.888616276,5.649667352,8.258446677
"2921","Panama","AMR","Americas","PAN",2007,591,"COUNTRY",6.059870516,4.793535686,7.43819844
"2922","Papua New Guinea","WPR","Western Pacific","PNG",2011,598,"COUNTRY",1.284637006,0.752979901,1.944229126
"2923","Papua New Guinea","WPR","Western Pacific","PNG",2020,598,"COUNTRY",1.395369003,0.789756087,2.121281294
"2924","Papua New Guinea","WPR","Western Pacific","PNG",2016,598,"COUNTRY",1.882517054,1.143820995,2.755307624
"2925","Papua New Guinea","WPR","Western Pacific","PNG",2004,598,"COUNTRY",1.028552149,0.518542305,1.696176935
"2926","Papua New Guinea","WPR","Western Pacific","PNG",2019,598,"COUNTRY",1.531635489,0.886543555,2.336092897
"2927","Papua New Guinea","WPR","Western Pacific","PNG",2008,598,"COUNTRY",1.148793072,0.633877042,1.85141241
"2928","Papua New Guinea","WPR","Western Pacific","PNG",2021,598,"COUNTRY",1.274061235,0.701263686,1.96456824
"2929","Papua New Guinea","WPR","Western Pacific","PNG",2022,598,"COUNTRY",1.274061235,0.701263686,1.96456824
"2930","Papua New Guinea","WPR","Western Pacific","PNG",2005,598,"COUNTRY",1.046336433,0.553065705,1.678160493
"2931","Papua New Guinea","WPR","Western Pacific","PNG",2007,598,"COUNTRY",1.077642087,0.549644296,1.734284309
"2932","Papua New Guinea","WPR","Western Pacific","PNG",2001,598,"COUNTRY",0.993568557,0.491163794,1.60540479
"2933","Papua New Guinea","WPR","Western Pacific","PNG",2002,598,"COUNTRY",0.970210316,0.47702208,1.6058108
"2934","Papua New Guinea","WPR","Western Pacific","PNG",2012,598,"COUNTRY",1.391139543,0.809329124,2.076481799
"2935","Papua New Guinea","WPR","Western Pacific","PNG",2010,598,"COUNTRY",1.201954188,0.656240056,1.88712548
"2936","Papua New Guinea","WPR","Western Pacific","PNG",2003,598,"COUNTRY",0.930662395,0.468080085,1.588000624
"2937","Papua New Guinea","WPR","Western Pacific","PNG",2013,598,"COUNTRY",1.547070826,0.889083319,2.352345119
"2938","Papua New Guinea","WPR","Western Pacific","PNG",2015,598,"COUNTRY",1.681839309,1.014362717,2.523520587
"2939","Papua New Guinea","WPR","Western Pacific","PNG",2009,598,"COUNTRY",1.175205957,0.671648557,1.809829613
"2940","Papua New Guinea","WPR","Western Pacific","PNG",2006,598,"COUNTRY",1.101802871,0.589117563,1.775978521
"2941","Papua New Guinea","WPR","Western Pacific","PNG",2018,598,"COUNTRY",1.748184103,1.046762892,2.595723918
"2942","Papua New Guinea","WPR","Western Pacific","PNG",2014,598,"COUNTRY",1.628318797,0.991543192,2.387944672
"2943","Papua New Guinea","WPR","Western Pacific","PNG",2017,598,"COUNTRY",1.802285228,1.061602386,2.64972397
"2944","Papua New Guinea","WPR","Western Pacific","PNG",2000,598,"COUNTRY",0.993568557,0.491163794,1.60540479
"2945","Paraguay","AMR","Americas","PRY",2004,600,"COUNTRY",5.762147364,4.547577662,7.043702524
"2946","Paraguay","AMR","Americas","PRY",2016,600,"COUNTRY",6.118551193,4.823005203,7.473502055
"2947","Paraguay","AMR","Americas","PRY",2014,600,"COUNTRY",6.230870122,4.939321274,7.612684052
"2948","Paraguay","AMR","Americas","PRY",2008,600,"COUNTRY",6.670521589,5.344437241,8.05591156
"2949","Paraguay","AMR","Americas","PRY",2007,600,"COUNTRY",6.62762855,5.15645719,8.009656598
"2950","Paraguay","AMR","Americas","PRY",2002,600,"COUNTRY",5.73909672,4.446132713,7.140177971
"2951","Paraguay","AMR","Americas","PRY",2019,600,"COUNTRY",6.341575267,5.038589356,7.73753431
"2952","Paraguay","AMR","Americas","PRY",2009,600,"COUNTRY",6.81089605,5.470049626,8.17819823
"2953","Paraguay","AMR","Americas","PRY",2017,600,"COUNTRY",6.240597463,4.989308097,7.676550285
"2954","Paraguay","AMR","Americas","PRY",2003,600,"COUNTRY",5.591192179,4.404930913,6.874051659
"2955","Paraguay","AMR","Americas","PRY",2001,600,"COUNTRY",6.00130892,4.685690761,7.262827978
"2956","Paraguay","AMR","Americas","PRY",2011,600,"COUNTRY",6.813462444,5.395775942,8.188004024
"2957","Paraguay","AMR","Americas","PRY",2022,600,"COUNTRY",6.659188832,5.277846299,8.095698682
"2958","Paraguay","AMR","Americas","PRY",2000,600,"COUNTRY",6.00130892,4.685690761,7.262827978
"2959","Paraguay","AMR","Americas","PRY",2018,600,"COUNTRY",6.321345779,5.075438534,7.711093228
"2960","Paraguay","AMR","Americas","PRY",2006,600,"COUNTRY",6.389551624,5.085906546,7.677514091
"2961","Paraguay","AMR","Americas","PRY",2010,600,"COUNTRY",6.801289718,5.527979694,8.235442255
"2962","Paraguay","AMR","Americas","PRY",2015,600,"COUNTRY",6.090067947,4.869244247,7.538040533
"2963","Paraguay","AMR","Americas","PRY",2013,600,"COUNTRY",6.45331346,5.13718026,7.825296831
"2964","Paraguay","AMR","Americas","PRY",2020,600,"COUNTRY",6.519259782,5.183445353,7.847864011
"2965","Paraguay","AMR","Americas","PRY",2021,600,"COUNTRY",6.659188832,5.277846299,8.095698682
"2966","Paraguay","AMR","Americas","PRY",2005,600,"COUNTRY",6.147916208,4.878824202,7.448340103
"2967","Paraguay","AMR","Americas","PRY",2012,600,"COUNTRY",6.689193335,5.371676635,8.008533447
"2968","Peru","AMR","Americas","PER",2004,604,"COUNTRY",6.286039213,4.766348171,7.805404919
"2969","Peru","AMR","Americas","PER",2018,604,"COUNTRY",7.601777419,6.007127176,9.30640788
"2970","Peru","AMR","Americas","PER",2007,604,"COUNTRY",7.037497633,5.538479424,8.609892354
"2971","Peru","AMR","Americas","PER",2002,604,"COUNTRY",6.017948165,4.607350608,7.475204976
"2972","Peru","AMR","Americas","PER",2022,604,"COUNTRY",6.786281893,5.300961495,8.301814345
"2973","Peru","AMR","Americas","PER",2000,604,"COUNTRY",5.900995213,4.507427421,7.34496442
"2974","Peru","AMR","Americas","PER",2021,604,"COUNTRY",6.786281893,5.300961495,8.301814345
"2975","Peru","AMR","Americas","PER",2016,604,"COUNTRY",7.642246345,6.13211388,9.250785093
"2976","Peru","AMR","Americas","PER",2019,604,"COUNTRY",7.35151474,5.812895466,9.04162499
"2977","Peru","AMR","Americas","PER",2001,604,"COUNTRY",5.900995213,4.507427421,7.34496442
"2978","Peru","AMR","Americas","PER",2006,604,"COUNTRY",6.720138191,5.247224694,8.23584626
"2979","Peru","AMR","Americas","PER",2008,604,"COUNTRY",7.292205289,5.741644112,8.960936395
"2980","Peru","AMR","Americas","PER",2003,604,"COUNTRY",6.159767923,4.645429706,7.630540243
"2981","Peru","AMR","Americas","PER",2012,604,"COUNTRY",8.106764438,6.487944674,9.763978283
"2982","Peru","AMR","Americas","PER",2005,604,"COUNTRY",6.450758134,5.062979734,7.944069073
"2983","Peru","AMR","Americas","PER",2009,604,"COUNTRY",7.5266227,5.921054745,9.205361274
"2984","Peru","AMR","Americas","PER",2017,604,"COUNTRY",7.667112578,5.992587596,9.247036116
"2985","Peru","AMR","Americas","PER",2013,604,"COUNTRY",7.94294146,6.250526912,9.6761241
"2986","Peru","AMR","Americas","PER",2011,604,"COUNTRY",8.046274737,6.436932675,9.783336584
"2987","Peru","AMR","Americas","PER",2015,604,"COUNTRY",7.603047154,5.960650179,9.160381867
"2988","Peru","AMR","Americas","PER",2010,604,"COUNTRY",7.75481846,6.252231286,9.54964529
"2989","Peru","AMR","Americas","PER",2014,604,"COUNTRY",7.707685657,6.055126422,9.335858315
"2990","Peru","AMR","Americas","PER",2020,604,"COUNTRY",6.998972878,5.508114845,8.520137984
"2991","Philippines","WPR","Western Pacific","PHL",2003,608,"COUNTRY",5.707348207,4.441527037,7.023491143
"2992","Philippines","WPR","Western Pacific","PHL",2013,608,"COUNTRY",6.054080707,4.675794351,7.44768703
"2993","Philippines","WPR","Western Pacific","PHL",2001,608,"COUNTRY",5.751684268,4.504387233,7.094543698
"2994","Philippines","WPR","Western Pacific","PHL",2016,608,"COUNTRY",5.874835078,4.722316061,7.247929449
"2995","Philippines","WPR","Western Pacific","PHL",2018,608,"COUNTRY",6.169520226,4.837677469,7.672772723
"2996","Philippines","WPR","Western Pacific","PHL",2007,608,"COUNTRY",5.563279261,4.252376798,6.940814051
"2997","Philippines","WPR","Western Pacific","PHL",2020,608,"COUNTRY",5.759273031,4.369559237,7.132249237
"2998","Philippines","WPR","Western Pacific","PHL",2011,608,"COUNTRY",6.330343272,4.979453113,7.690136456
"2999","Philippines","WPR","Western Pacific","PHL",2014,608,"COUNTRY",5.8260091,4.517320176,7.140117803
"3000","Philippines","WPR","Western Pacific","PHL",2017,608,"COUNTRY",6.0238746,4.681732572,7.536644782
"3001","Philippines","WPR","Western Pacific","PHL",2008,608,"COUNTRY",5.68276723,4.280810491,7.004094215
"3002","Philippines","WPR","Western Pacific","PHL",2021,608,"COUNTRY",5.68987285,4.357419952,7.080498129
"3003","Philippines","WPR","Western Pacific","PHL",2012,608,"COUNTRY",6.158330194,4.810407039,7.494031704
"3004","Philippines","WPR","Western Pacific","PHL",2009,608,"COUNTRY",5.914145928,4.460642049,7.290235261
"3005","Philippines","WPR","Western Pacific","PHL",2002,608,"COUNTRY",5.709571568,4.513858244,7.145338179
"3006","Philippines","WPR","Western Pacific","PHL",2022,608,"COUNTRY",5.68987285,4.357419952,7.080498129
"3007","Philippines","WPR","Western Pacific","PHL",2004,608,"COUNTRY",5.684746628,4.408928063,7.13211402
"3008","Philippines","WPR","Western Pacific","PHL",2019,608,"COUNTRY",6.012772833,4.624400097,7.554816823
"3009","Philippines","WPR","Western Pacific","PHL",2005,608,"COUNTRY",5.59354227,4.331367596,7.066188361
"3010","Philippines","WPR","Western Pacific","PHL",2010,608,"COUNTRY",6.115301655,4.706033058,7.528982676
"3011","Philippines","WPR","Western Pacific","PHL",2006,608,"COUNTRY",5.539894807,4.316704047,6.962790338
"3012","Philippines","WPR","Western Pacific","PHL",2000,608,"COUNTRY",5.751684268,4.504387233,7.094543698
"3013","Philippines","WPR","Western Pacific","PHL",2015,608,"COUNTRY",5.830911934,4.506015958,7.161386979
"3014","Poland","EUR","Europe","POL",2001,616,"COUNTRY",9.687583254,7.998729417,11.497942919
"3015","Poland","EUR","Europe","POL",2018,616,"COUNTRY",11.969387433,10.095094296,13.957255901
"3016","Poland","EUR","Europe","POL",2002,616,"COUNTRY",9.943732112,8.114793263,11.746000137
"3017","Poland","EUR","Europe","POL",2004,616,"COUNTRY",10.712182052,8.835832597,12.655114455
"3018","Poland","EUR","Europe","POL",2013,616,"COUNTRY",11.86207314,9.93966932,13.835347432
"3019","Poland","EUR","Europe","POL",2021,616,"COUNTRY",11.917515641,10.149524,13.866994735
"3020","Poland","EUR","Europe","POL",2003,616,"COUNTRY",10.407300936,8.459946643,12.229456102
"3021","Poland","EUR","Europe","POL",2012,616,"COUNTRY",11.816569115,9.838890144,13.789891608
"3022","Poland","EUR","Europe","POL",2019,616,"COUNTRY",12.035917451,10.262014686,14.120572792
"3023","Poland","EUR","Europe","POL",2009,616,"COUNTRY",11.809035106,10.096542931,13.672719158
"3024","Poland","EUR","Europe","POL",2006,616,"COUNTRY",11.238267287,9.413791803,12.963354261
"3025","Poland","EUR","Europe","POL",2011,616,"COUNTRY",11.613289693,9.678367029,13.439296719
"3026","Poland","EUR","Europe","POL",2007,616,"COUNTRY",11.764716908,9.766965108,13.570155296
"3027","Poland","EUR","Europe","POL",2010,616,"COUNTRY",11.628221737,9.738045435,13.597153931
"3028","Poland","EUR","Europe","POL",2020,616,"COUNTRY",12.105539707,10.347755156,14.053128816
"3029","Poland","EUR","Europe","POL",2015,616,"COUNTRY",11.804195889,9.888935572,13.687102008
"3030","Poland","EUR","Europe","POL",2014,616,"COUNTRY",11.941717913,10.090578109,13.789910314
"3031","Poland","EUR","Europe","POL",2016,616,"COUNTRY",11.812506873,9.933161333,13.568613513
"3032","Poland","EUR","Europe","POL",2022,616,"COUNTRY",11.917515641,10.149524,13.866994735
"3033","Poland","EUR","Europe","POL",2017,616,"COUNTRY",11.832217392,10.01715582,13.847978329
"3034","Poland","EUR","Europe","POL",2005,616,"COUNTRY",10.891071624,9.061747531,12.693457009
"3035","Poland","EUR","Europe","POL",2000,616,"COUNTRY",9.687583254,7.998729417,11.497942919
"3036","Poland","EUR","Europe","POL",2008,616,"COUNTRY",11.90368641,9.952023515,13.846340109
"3037","Portugal","EUR","Europe","PRT",2013,620,"COUNTRY",10.828802933,9.117225515,12.584756863
"3038","Portugal","EUR","Europe","PRT",2010,620,"COUNTRY",12.182332014,10.143850311,13.945979584
"3039","Portugal","EUR","Europe","PRT",2000,620,"COUNTRY",13.455925555,11.698307636,15.513057151
"3040","Portugal","EUR","Europe","PRT",2009,620,"COUNTRY",12.386945146,10.58282289,14.276047137
"3041","Portugal","EUR","Europe","PRT",2022,620,"COUNTRY",11.215514461,9.45815804,12.974232386
"3042","Portugal","EUR","Europe","PRT",2008,620,"COUNTRY",12.484675884,10.692535244,14.387567222
"3043","Portugal","EUR","Europe","PRT",2001,620,"COUNTRY",13.455925555,11.698307636,15.513057151
"3044","Portugal","EUR","Europe","PRT",2004,620,"COUNTRY",13.013880083,11.028255106,14.848812813
"3045","Portugal","EUR","Europe","PRT",2006,620,"COUNTRY",12.725907921,10.945009371,14.537031733
"3046","Portugal","EUR","Europe","PRT",2003,620,"COUNTRY",13.168304344,11.173855331,15.152803733
"3047","Portugal","EUR","Europe","PRT",2002,620,"COUNTRY",13.276744504,11.515972824,15.245008809
"3048","Portugal","EUR","Europe","PRT",2011,620,"COUNTRY",11.622416158,9.83814551,13.497563553
"3049","Portugal","EUR","Europe","PRT",2018,620,"COUNTRY",11.364625689,9.597621581,13.17697437
"3050","Portugal","EUR","Europe","PRT",2019,620,"COUNTRY",10.79795511,9.13064638,12.419554739
"3051","Portugal","EUR","Europe","PRT",2007,620,"COUNTRY",12.587509859,10.796735155,14.534406182
"3052","Portugal","EUR","Europe","PRT",2005,620,"COUNTRY",12.924003676,10.994528981,14.813370536
"3053","Portugal","EUR","Europe","PRT",2015,620,"COUNTRY",10.9702173,9.259845831,12.792875528
"3054","Portugal","EUR","Europe","PRT",2017,620,"COUNTRY",11.006755871,9.266330647,12.905627249
"3055","Portugal","EUR","Europe","PRT",2012,620,"COUNTRY",11.054568079,9.329848443,12.88903345
"3056","Portugal","EUR","Europe","PRT",2021,620,"COUNTRY",11.215514461,9.45815804,12.974232386
"3057","Portugal","EUR","Europe","PRT",2014,620,"COUNTRY",10.974692898,9.128072405,12.652248645
"3058","Portugal","EUR","Europe","PRT",2020,620,"COUNTRY",10.881377433,9.172684152,12.587962917
"3059","Portugal","EUR","Europe","PRT",2016,620,"COUNTRY",11.038218152,9.364797486,12.833266682
"3060","Qatar","EMR","Eastern Mediterranean","QAT",2020,634,"COUNTRY",1.158124724,0.659475273,1.791305086
"3061","Qatar","EMR","Eastern Mediterranean","QAT",2001,634,"COUNTRY",0.712824683,0.239097475,1.369758821
"3062","Qatar","EMR","Eastern Mediterranean","QAT",2021,634,"COUNTRY",1.289347328,0.732337974,1.955964193
"3063","Qatar","EMR","Eastern Mediterranean","QAT",2011,634,"COUNTRY",1.19775566,0.63640921,1.905914208
"3064","Qatar","EMR","Eastern Mediterranean","QAT",2016,634,"COUNTRY",1.15626519,0.593549644,1.817238947
"3065","Qatar","EMR","Eastern Mediterranean","QAT",2000,634,"COUNTRY",0.712824683,0.239097475,1.369758821
"3066","Qatar","EMR","Eastern Mediterranean","QAT",2006,634,"COUNTRY",1.190739353,0.536412772,1.887494741
"3067","Qatar","EMR","Eastern Mediterranean","QAT",2014,634,"COUNTRY",1.168319308,0.590878586,1.857999679
"3068","Qatar","EMR","Eastern Mediterranean","QAT",2003,634,"COUNTRY",1.004170735,0.42510206,1.667747275
"3069","Qatar","EMR","Eastern Mediterranean","QAT",2017,634,"COUNTRY",1.134005483,0.563237886,1.742793411
"3070","Qatar","EMR","Eastern Mediterranean","QAT",2015,634,"COUNTRY",1.159452412,0.571229664,1.83242635
"3071","Qatar","EMR","Eastern Mediterranean","QAT",2018,634,"COUNTRY",1.134917177,0.603582089,1.764449238
"3072","Qatar","EMR","Eastern Mediterranean","QAT",2022,634,"COUNTRY",1.289347328,0.732337974,1.955964193
"3073","Qatar","EMR","Eastern Mediterranean","QAT",2005,634,"COUNTRY",1.183069325,0.525076571,1.857570949
"3074","Qatar","EMR","Eastern Mediterranean","QAT",2019,634,"COUNTRY",1.139827335,0.610074615,1.763689178
"3075","Qatar","EMR","Eastern Mediterranean","QAT",2002,634,"COUNTRY",0.875320731,0.360744482,1.511515595
"3076","Qatar","EMR","Eastern Mediterranean","QAT",2007,634,"COUNTRY",1.172083885,0.612613308,1.854674286
"3077","Qatar","EMR","Eastern Mediterranean","QAT",2010,634,"COUNTRY",1.186164541,0.623669933,1.868045614
"3078","Qatar","EMR","Eastern Mediterranean","QAT",2004,634,"COUNTRY",1.125484859,0.534736177,1.764844092
"3079","Qatar","EMR","Eastern Mediterranean","QAT",2009,634,"COUNTRY",1.177104654,0.618117356,1.841520852
"3080","Qatar","EMR","Eastern Mediterranean","QAT",2012,634,"COUNTRY",1.185723902,0.615307396,1.899676224
"3081","Qatar","EMR","Eastern Mediterranean","QAT",2013,634,"COUNTRY",1.163874682,0.59576237,1.882474946
"3082","Qatar","EMR","Eastern Mediterranean","QAT",2008,634,"COUNTRY",1.163884463,0.638025802,1.821429549
"3083","Republic of Korea","WPR","Western Pacific","KOR",2019,410,"COUNTRY",8.764729378,7.158394995,10.403883403
"3084","Republic of Korea","WPR","Western Pacific","KOR",2022,410,"COUNTRY",8.364575713,6.911318319,9.944112147
"3085","Republic of Korea","WPR","Western Pacific","KOR",2017,410,"COUNTRY",9.101465653,7.543081812,10.762846653
"3086","Republic of Korea","WPR","Western Pacific","KOR",2021,410,"COUNTRY",8.364575713,6.911318319,9.944112147
"3087","Republic of Korea","WPR","Western Pacific","KOR",2006,410,"COUNTRY",9.527285614,8.017326939,11.226864322
"3088","Republic of Korea","WPR","Western Pacific","KOR",2013,410,"COUNTRY",9.41967464,7.99249091,11.047164859
"3089","Republic of Korea","WPR","Western Pacific","KOR",2014,410,"COUNTRY",9.454380748,7.945427546,11.167490733
"3090","Republic of Korea","WPR","Western Pacific","KOR",2012,410,"COUNTRY",9.394509764,7.807689734,11.006635877
"3091","Republic of Korea","WPR","Western Pacific","KOR",2004,410,"COUNTRY",9.853809882,8.386617187,11.541844053
"3092","Republic of Korea","WPR","Western Pacific","KOR",2005,410,"COUNTRY",9.576909994,8.04898015,11.302522178
"3093","Republic of Korea","WPR","Western Pacific","KOR",2016,410,"COUNTRY",9.313233777,7.812496749,11.065922417
"3094","Republic of Korea","WPR","Western Pacific","KOR",2003,410,"COUNTRY",10.0250642,8.335411927,11.721134307
"3095","Republic of Korea","WPR","Western Pacific","KOR",2018,410,"COUNTRY",8.965017476,7.3960628,10.594777113
"3096","Republic of Korea","WPR","Western Pacific","KOR",2008,410,"COUNTRY",9.651544569,8.172373187,11.294616851
"3097","Republic of Korea","WPR","Western Pacific","KOR",2007,410,"COUNTRY",9.611315966,7.993604534,11.271867367
"3098","Republic of Korea","WPR","Western Pacific","KOR",2020,410,"COUNTRY",8.47503113,6.972208122,10.062096257
"3099","Republic of Korea","WPR","Western Pacific","KOR",2010,410,"COUNTRY",9.447642015,7.894796653,11.116761064
"3100","Republic of Korea","WPR","Western Pacific","KOR",2009,410,"COUNTRY",9.600345318,7.904223983,11.295379701
"3101","Republic of Korea","WPR","Western Pacific","KOR",2015,410,"COUNTRY",9.417793695,7.915910121,11.07627432
"3102","Republic of Korea","WPR","Western Pacific","KOR",2001,410,"COUNTRY",10.992800097,9.211893659,12.808734382
"3103","Republic of Korea","WPR","Western Pacific","KOR",2011,410,"COUNTRY",9.445003676,7.788701089,11.080802968
"3104","Republic of Korea","WPR","Western Pacific","KOR",2002,410,"COUNTRY",10.769173928,9.029168098,12.66361071
"3105","Republic of Korea","WPR","Western Pacific","KOR",2000,410,"COUNTRY",10.992800097,9.211893659,12.808734382
"3106","Republic of Moldova","EUR","Europe","MDA",2010,498,"COUNTRY",10.457585181,8.529922946,12.548839077
"3107","Republic of Moldova","EUR","Europe","MDA",2018,498,"COUNTRY",11.882953194,9.86215072,14.008194375
"3108","Republic of Moldova","EUR","Europe","MDA",2004,498,"COUNTRY",12.363424002,10.186281132,14.674943555
"3109","Republic of Moldova","EUR","Europe","MDA",2003,498,"COUNTRY",11.373750715,9.453757326,13.448734424
"3110","Republic of Moldova","EUR","Europe","MDA",2005,498,"COUNTRY",12.315301082,10.316699742,14.429181142
"3111","Republic of Moldova","EUR","Europe","MDA",2009,498,"COUNTRY",10.208118759,8.199695588,12.211978854
"3112","Republic of Moldova","EUR","Europe","MDA",2017,498,"COUNTRY",11.69957613,9.786674232,13.872955065
"3113","Republic of Moldova","EUR","Europe","MDA",2015,498,"COUNTRY",11.363122235,9.333202421,13.417769762
"3114","Republic of Moldova","EUR","Europe","MDA",2011,498,"COUNTRY",11.301024982,9.382031272,13.150798837
"3115","Republic of Moldova","EUR","Europe","MDA",2019,498,"COUNTRY",12.320513636,10.33702912,14.498708636
"3116","Republic of Moldova","EUR","Europe","MDA",2016,498,"COUNTRY",11.415061249,9.387403716,13.648594666
"3117","Republic of Moldova","EUR","Europe","MDA",2020,498,"COUNTRY",13.383531273,11.344605155,15.496527866
"3118","Republic of Moldova","EUR","Europe","MDA",2002,498,"COUNTRY",10.396038395,8.421656847,12.36716187
"3119","Republic of Moldova","EUR","Europe","MDA",2012,498,"COUNTRY",12.046734497,10.070277723,14.17201759
"3120","Republic of Moldova","EUR","Europe","MDA",2022,498,"COUNTRY",14.128274439,12.093489988,16.287285028
"3121","Republic of Moldova","EUR","Europe","MDA",2013,498,"COUNTRY",12.035739581,9.863450233,14.088612117
"3122","Republic of Moldova","EUR","Europe","MDA",2001,498,"COUNTRY",9.452001719,7.400260633,11.293410335
"3123","Republic of Moldova","EUR","Europe","MDA",2014,498,"COUNTRY",11.713214436,9.613886595,13.728634853
"3124","Republic of Moldova","EUR","Europe","MDA",2008,498,"COUNTRY",10.451426424,8.415361412,12.452151524
"3125","Republic of Moldova","EUR","Europe","MDA",2006,498,"COUNTRY",11.818815977,9.751577683,13.867104835
"3126","Republic of Moldova","EUR","Europe","MDA",2007,498,"COUNTRY",11.048164811,8.978696104,13.066955217
"3127","Republic of Moldova","EUR","Europe","MDA",2000,498,"COUNTRY",9.452001719,7.400260633,11.293410335
"3128","Republic of Moldova","EUR","Europe","MDA",2021,498,"COUNTRY",14.128274439,12.093489988,16.287285028
"3129","Romania","EUR","Europe","ROU",2020,642,"COUNTRY",17.087398286,14.330080301,19.573368856
"3130","Romania","EUR","Europe","ROU",2017,642,"COUNTRY",17.095881941,14.622710734,19.982007849
"3131","Romania","EUR","Europe","ROU",2000,642,"COUNTRY",18.993117656,16.298520314,21.785253308
"3132","Romania","EUR","Europe","ROU",2001,642,"COUNTRY",18.993117656,16.298520314,21.785253308
"3133","Romania","EUR","Europe","ROU",2021,642,"COUNTRY",17.062367512,14.55834059,19.792075436
"3134","Romania","EUR","Europe","ROU",2018,642,"COUNTRY",17.217582455,14.719172184,19.806640715
"3135","Romania","EUR","Europe","ROU",2007,642,"COUNTRY",18.403773391,15.759682587,20.918913595
"3136","Romania","EUR","Europe","ROU",2013,642,"COUNTRY",17.036883734,14.344467717,19.773376945
"3137","Romania","EUR","Europe","ROU",2015,642,"COUNTRY",16.851679561,14.104291414,19.596865258
"3138","Romania","EUR","Europe","ROU",2022,642,"COUNTRY",17.062367512,14.55834059,19.792075436
"3139","Romania","EUR","Europe","ROU",2019,642,"COUNTRY",17.109260549,14.510894301,19.847816027
"3140","Romania","EUR","Europe","ROU",2002,642,"COUNTRY",19.497715229,16.902455234,22.251088065
"3141","Romania","EUR","Europe","ROU",2004,642,"COUNTRY",18.639675769,15.787314964,21.476057699
"3142","Romania","EUR","Europe","ROU",2008,642,"COUNTRY",18.52610501,15.770091472,21.280279931
"3143","Romania","EUR","Europe","ROU",2012,642,"COUNTRY",17.092451622,14.316827945,19.815951715
"3144","Romania","EUR","Europe","ROU",2009,642,"COUNTRY",18.213153047,15.382540384,20.934408619
"3145","Romania","EUR","Europe","ROU",2016,642,"COUNTRY",16.891993988,14.328656283,19.510965764
"3146","Romania","EUR","Europe","ROU",2005,642,"COUNTRY",18.217125313,15.359313776,21.13270447
"3147","Romania","EUR","Europe","ROU",2011,642,"COUNTRY",17.215399673,14.574644921,20.100205531
"3148","Romania","EUR","Europe","ROU",2010,642,"COUNTRY",17.57373753,14.777436652,20.531507299
"3149","Romania","EUR","Europe","ROU",2014,642,"COUNTRY",16.95248796,14.360989955,19.471442432
"3150","Romania","EUR","Europe","ROU",2003,642,"COUNTRY",19.389770557,16.643854601,22.116942859
"3151","Romania","EUR","Europe","ROU",2006,642,"COUNTRY",17.981776572,15.254498422,20.729241645
"3152","Russian Federation","EUR","Europe","RUS",2013,643,"COUNTRY",13.084694347,10.973253154,15.232416424
"3153","Russian Federation","EUR","Europe","RUS",2018,643,"COUNTRY",10.722891893,8.795092507,12.721907344
"3154","Russian Federation","EUR","Europe","RUS",2020,643,"COUNTRY",10.558380226,8.653024006,12.613512278
"3155","Russian Federation","EUR","Europe","RUS",2008,643,"COUNTRY",14.826516314,12.658678819,17.228085867
"3156","Russian Federation","EUR","Europe","RUS",2004,643,"COUNTRY",14.714665205,12.363208132,16.962231893
"3157","Russian Federation","EUR","Europe","RUS",2000,643,"COUNTRY",14.017800598,11.790170814,15.9639501
"3158","Russian Federation","EUR","Europe","RUS",2001,643,"COUNTRY",14.017800598,11.790170814,15.9639501
"3159","Russian Federation","EUR","Europe","RUS",2007,643,"COUNTRY",15.03377052,12.911913435,17.424382491
"3160","Russian Federation","EUR","Europe","RUS",2012,643,"COUNTRY",13.667197427,11.557809532,15.725185944
"3161","Russian Federation","EUR","Europe","RUS",2019,643,"COUNTRY",10.672345394,8.784734678,12.710677307
"3162","Russian Federation","EUR","Europe","RUS",2014,643,"COUNTRY",12.343712508,10.241265667,14.328499511
"3163","Russian Federation","EUR","Europe","RUS",2006,643,"COUNTRY",14.962169836,12.705187708,17.435841613
"3164","Russian Federation","EUR","Europe","RUS",2017,643,"COUNTRY",10.924579101,8.916347821,12.87103245
"3165","Russian Federation","EUR","Europe","RUS",2010,643,"COUNTRY",14.164799859,11.746809899,16.257659239
"3166","Russian Federation","EUR","Europe","RUS",2015,643,"COUNTRY",11.744386251,9.658780876,13.718071234
"3167","Russian Federation","EUR","Europe","RUS",2003,643,"COUNTRY",14.54800204,12.273720583,16.600419918
"3168","Russian Federation","EUR","Europe","RUS",2002,643,"COUNTRY",14.3028615,12.048620171,16.371885685
"3169","Russian Federation","EUR","Europe","RUS",2016,643,"COUNTRY",11.209956116,9.118893195,13.154984376
"3170","Russian Federation","EUR","Europe","RUS",2021,643,"COUNTRY",10.508027855,8.551257289,12.523106675
"3171","Russian Federation","EUR","Europe","RUS",2005,643,"COUNTRY",14.802231703,12.688989904,17.144435155
"3172","Russian Federation","EUR","Europe","RUS",2009,643,"COUNTRY",14.47760661,12.279330687,16.806439181
"3173","Russian Federation","EUR","Europe","RUS",2011,643,"COUNTRY",14.016852699,11.712308447,16.032890627
"3174","Russian Federation","EUR","Europe","RUS",2022,643,"COUNTRY",10.508027855,8.551257289,12.523106675
"3175","Rwanda","AFR","Africa","RWA",2007,646,"COUNTRY",4.309326655,2.963905135,5.69038652
"3176","Rwanda","AFR","Africa","RWA",2022,646,"COUNTRY",6.473651463,4.712649751,8.214144204
"3177","Rwanda","AFR","Africa","RWA",2018,646,"COUNTRY",5.682589157,3.969820585,7.345498481
"3178","Rwanda","AFR","Africa","RWA",2013,646,"COUNTRY",4.972523765,3.432429438,6.673311065
"3179","Rwanda","AFR","Africa","RWA",2000,646,"COUNTRY",4.235246085,2.703168485,5.684049366
"3180","Rwanda","AFR","Africa","RWA",2001,646,"COUNTRY",4.235246085,2.703168485,5.684049366
"3181","Rwanda","AFR","Africa","RWA",2004,646,"COUNTRY",3.95086559,2.648495958,5.330865744
"3182","Rwanda","AFR","Africa","RWA",2021,646,"COUNTRY",6.473651463,4.712649751,8.214144204
"3183","Rwanda","AFR","Africa","RWA",2002,646,"COUNTRY",4.095794067,2.657107686,5.715135083
"3184","Rwanda","AFR","Africa","RWA",2019,646,"COUNTRY",5.822341055,4.007419401,7.553813516
"3185","Rwanda","AFR","Africa","RWA",2017,646,"COUNTRY",5.459200126,3.836940974,7.22298142
"3186","Rwanda","AFR","Africa","RWA",2005,646,"COUNTRY",4.110305124,2.743066629,5.438832255
"3187","Rwanda","AFR","Africa","RWA",2011,646,"COUNTRY",4.81011076,3.253794791,6.37314165
"3188","Rwanda","AFR","Africa","RWA",2015,646,"COUNTRY",5.241786963,3.619010471,7.04564738
"3189","Rwanda","AFR","Africa","RWA",2020,646,"COUNTRY",6.265105493,4.425362351,7.950302364
"3190","Rwanda","AFR","Africa","RWA",2006,646,"COUNTRY",4.284593402,2.754422038,5.770616795
"3191","Rwanda","AFR","Africa","RWA",2012,646,"COUNTRY",4.935632481,3.304689694,6.49298356
"3192","Rwanda","AFR","Africa","RWA",2010,646,"COUNTRY",4.669314193,3.133962523,6.305714198
"3193","Rwanda","AFR","Africa","RWA",2016,646,"COUNTRY",5.389002417,3.761355003,7.005502149
"3194","Rwanda","AFR","Africa","RWA",2014,646,"COUNTRY",5.099696751,3.523214749,6.71856004
"3195","Rwanda","AFR","Africa","RWA",2008,646,"COUNTRY",4.378135894,2.835742315,5.923749053
"3196","Rwanda","AFR","Africa","RWA",2003,646,"COUNTRY",4.004691233,2.64255142,5.45562448
"3197","Rwanda","AFR","Africa","RWA",2009,646,"COUNTRY",4.500035187,2.928059776,6.075303318
"3198","Saint Kitts and Nevis","AMR","Americas","KNA",2021,659,"COUNTRY",7.013872438,5.707763951,8.554591038
"3199","Saint Kitts and Nevis","AMR","Americas","KNA",2004,659,"COUNTRY",7.84008246,6.278196725,9.442556406
"3200","Saint Kitts and Nevis","AMR","Americas","KNA",2007,659,"COUNTRY",8.19647705,6.588656091,9.849135481
"3201","Saint Kitts and Nevis","AMR","Americas","KNA",2012,659,"COUNTRY",8.877175252,7.16754263,10.590773884
"3202","Saint Kitts and Nevis","AMR","Americas","KNA",2006,659,"COUNTRY",8.205842245,6.558985624,9.950092358
"3203","Saint Kitts and Nevis","AMR","Americas","KNA",2000,659,"COUNTRY",7.957076705,6.354065528,9.582064804
"3204","Saint Kitts and Nevis","AMR","Americas","KNA",2020,659,"COUNTRY",7.943210149,6.450481852,9.546824428
"3205","Saint Kitts and Nevis","AMR","Americas","KNA",2019,659,"COUNTRY",8.678153271,7.080563702,10.230341962
"3206","Saint Kitts and Nevis","AMR","Americas","KNA",2017,659,"COUNTRY",9.339346287,7.724666968,11.066653883
"3207","Saint Kitts and Nevis","AMR","Americas","KNA",2001,659,"COUNTRY",7.957076705,6.354065528,9.582064804
"3208","Saint Kitts and Nevis","AMR","Americas","KNA",2010,659,"COUNTRY",8.543682802,6.956157699,10.150934517
"3209","Saint Kitts and Nevis","AMR","Americas","KNA",2005,659,"COUNTRY",8.035827281,6.47440479,9.720306055
"3210","Saint Kitts and Nevis","AMR","Americas","KNA",2009,659,"COUNTRY",8.31119364,6.728164673,9.991969516
"3211","Saint Kitts and Nevis","AMR","Americas","KNA",2022,659,"COUNTRY",7.013872438,5.707763951,8.554591038
"3212","Saint Kitts and Nevis","AMR","Americas","KNA",2014,659,"COUNTRY",8.917976628,7.213497038,10.701593453
"3213","Saint Kitts and Nevis","AMR","Americas","KNA",2018,659,"COUNTRY",9.39797069,7.729222486,11.071964742
"3214","Saint Kitts and Nevis","AMR","Americas","KNA",2013,659,"COUNTRY",8.948602851,7.180790336,10.558638362
"3215","Saint Kitts and Nevis","AMR","Americas","KNA",2016,659,"COUNTRY",9.226590994,7.519312433,10.986382121
"3216","Saint Kitts and Nevis","AMR","Americas","KNA",2015,659,"COUNTRY",9.057475794,7.404338074,10.869782939
"3217","Saint Kitts and Nevis","AMR","Americas","KNA",2011,659,"COUNTRY",8.781937951,7.072059172,10.496227041
"3218","Saint Kitts and Nevis","AMR","Americas","KNA",2008,659,"COUNTRY",8.18461993,6.56646923,9.865403108
"3219","Saint Kitts and Nevis","AMR","Americas","KNA",2003,659,"COUNTRY",7.691110177,6.141902352,9.232419073
"3220","Saint Kitts and Nevis","AMR","Americas","KNA",2002,659,"COUNTRY",7.79914533,6.320279912,9.374133547
"3221","Saint Lucia","AMR","Americas","LCA",2004,662,"COUNTRY",11.722072458,9.820696488,13.624745122
"3222","Saint Lucia","AMR","Americas","LCA",2012,662,"COUNTRY",9.484137603,7.737838909,11.181567944
"3223","Saint Lucia","AMR","Americas","LCA",2021,662,"COUNTRY",11.387148426,9.534323208,13.233593108
"3224","Saint Lucia","AMR","Americas","LCA",2016,662,"COUNTRY",9.913840213,8.198110987,11.811149514
"3225","Saint Lucia","AMR","Americas","LCA",2017,662,"COUNTRY",10.21568263,8.415124517,12.044944356
"3226","Saint Lucia","AMR","Americas","LCA",2022,662,"COUNTRY",11.387148426,9.534323208,13.233593108
"3227","Saint Lucia","AMR","Americas","LCA",2000,662,"COUNTRY",10.833789797,9.062875191,12.721541625
"3228","Saint Lucia","AMR","Americas","LCA",2005,662,"COUNTRY",11.951352764,10.128347034,13.954846745
"3229","Saint Lucia","AMR","Americas","LCA",2002,662,"COUNTRY",11.103326307,9.3523593,12.844789936
"3230","Saint Lucia","AMR","Americas","LCA",2020,662,"COUNTRY",11.357308099,9.571090168,13.167174663
"3231","Saint Lucia","AMR","Americas","LCA",2019,662,"COUNTRY",10.979663094,9.291977523,12.813013121
"3232","Saint Lucia","AMR","Americas","LCA",2007,662,"COUNTRY",11.887385077,10.091937251,13.806399831
"3233","Saint Lucia","AMR","Americas","LCA",2003,662,"COUNTRY",11.389694535,9.6348732,13.28677285
"3234","Saint Lucia","AMR","Americas","LCA",2001,662,"COUNTRY",10.833789797,9.062875191,12.721541625
"3235","Saint Lucia","AMR","Americas","LCA",2008,662,"COUNTRY",11.354034269,9.558541245,13.23760735
"3236","Saint Lucia","AMR","Americas","LCA",2010,662,"COUNTRY",10.232394253,8.584390084,12.076602958
"3237","Saint Lucia","AMR","Americas","LCA",2013,662,"COUNTRY",9.299773646,7.613016898,11.02177224
"3238","Saint Lucia","AMR","Americas","LCA",2006,662,"COUNTRY",12.055512627,10.321315752,13.971154632
"3239","Saint Lucia","AMR","Americas","LCA",2009,662,"COUNTRY",10.766718183,8.976602339,12.687213276
"3240","Saint Lucia","AMR","Americas","LCA",2018,662,"COUNTRY",10.750654936,9.039849806,12.68644437
"3241","Saint Lucia","AMR","Americas","LCA",2014,662,"COUNTRY",9.327765517,7.758748572,11.155825488
"3242","Saint Lucia","AMR","Americas","LCA",2011,662,"COUNTRY",9.853211661,8.160484232,11.680414777
"3243","Saint Lucia","AMR","Americas","LCA",2015,662,"COUNTRY",9.624918875,7.993952064,11.412204524
"3244","Saint Vincent and the Grenadines","AMR","Americas","VCT",2017,670,"COUNTRY",7.54707186,6.131513824,9.036404883
"3245","Saint Vincent and the Grenadines","AMR","Americas","VCT",2009,670,"COUNTRY",6.439482522,5.024338775,7.853731849
"3246","Saint Vincent and the Grenadines","AMR","Americas","VCT",2012,670,"COUNTRY",6.617476027,5.345881405,8.015813954
"3247","Saint Vincent and the Grenadines","AMR","Americas","VCT",2001,670,"COUNTRY",4.565289829,3.503489634,5.676132748
"3248","Saint Vincent and the Grenadines","AMR","Americas","VCT",2022,670,"COUNTRY",6.808754774,5.588190032,8.246655457
"3249","Saint Vincent and the Grenadines","AMR","Americas","VCT",2013,670,"COUNTRY",6.668727074,5.407009521,8.095696727
"3250","Saint Vincent and the Grenadines","AMR","Americas","VCT",2019,670,"COUNTRY",7.158154219,5.848990749,8.53708835
"3251","Saint Vincent and the Grenadines","AMR","Americas","VCT",2000,670,"COUNTRY",4.565289829,3.503489634,5.676132748
"3252","Saint Vincent and the Grenadines","AMR","Americas","VCT",2021,670,"COUNTRY",6.808754774,5.588190032,8.246655457
"3253","Saint Vincent and the Grenadines","AMR","Americas","VCT",2005,670,"COUNTRY",5.475241358,4.265460559,6.767305199
"3254","Saint Vincent and the Grenadines","AMR","Americas","VCT",2008,670,"COUNTRY",6.059107809,4.749238059,7.365582836
"3255","Saint Vincent and the Grenadines","AMR","Americas","VCT",2002,670,"COUNTRY",4.603553474,3.554270491,5.73243435
"3256","Saint Vincent and the Grenadines","AMR","Americas","VCT",2010,670,"COUNTRY",6.504478086,5.225892168,7.803336171
"3257","Saint Vincent and the Grenadines","AMR","Americas","VCT",2006,670,"COUNTRY",5.563302265,4.438007581,6.849539754
"3258","Saint Vincent and the Grenadines","AMR","Americas","VCT",2011,670,"COUNTRY",6.579743174,5.35446332,7.947748047
"3259","Saint Vincent and the Grenadines","AMR","Americas","VCT",2015,670,"COUNTRY",7.174705819,5.809049909,8.599886731
"3260","Saint Vincent and the Grenadines","AMR","Americas","VCT",2016,670,"COUNTRY",7.452298358,6.157213648,8.938223019
"3261","Saint Vincent and the Grenadines","AMR","Americas","VCT",2003,670,"COUNTRY",4.844966145,3.662556616,6.06316467
"3262","Saint Vincent and the Grenadines","AMR","Americas","VCT",2004,670,"COUNTRY",5.228619999,4.046262343,6.466034786
"3263","Saint Vincent and the Grenadines","AMR","Americas","VCT",2018,670,"COUNTRY",7.522200626,6.100522324,8.945162781
"3264","Saint Vincent and the Grenadines","AMR","Americas","VCT",2020,670,"COUNTRY",6.920709933,5.604567071,8.388824292
"3265","Saint Vincent and the Grenadines","AMR","Americas","VCT",2007,670,"COUNTRY",5.79810423,4.543931345,7.071614583
"3266","Saint Vincent and the Grenadines","AMR","Americas","VCT",2014,670,"COUNTRY",6.878067737,5.60015907,8.316226648
"3267","Samoa","WPR","Western Pacific","WSM",2008,882,"COUNTRY",4.276144387,3.06797447,5.549120169
"3268","Samoa","WPR","Western Pacific","WSM",2022,882,"COUNTRY",2.864228459,1.961590504,3.88488098
"3269","Samoa","WPR","Western Pacific","WSM",2000,882,"COUNTRY",4.3669342,3.144742182,5.658928262
"3270","Samoa","WPR","Western Pacific","WSM",2016,882,"COUNTRY",3.126742642,2.119556161,4.238067882
"3271","Samoa","WPR","Western Pacific","WSM",2021,882,"COUNTRY",2.864228459,1.961590504,3.88488098
"3272","Samoa","WPR","Western Pacific","WSM",2010,882,"COUNTRY",3.78826332,2.689573844,4.964957592
"3273","Samoa","WPR","Western Pacific","WSM",2007,882,"COUNTRY",4.395146638,3.170923716,5.6575814
"3274","Samoa","WPR","Western Pacific","WSM",2006,882,"COUNTRY",4.215216799,3.050354907,5.337855508
"3275","Samoa","WPR","Western Pacific","WSM",2009,882,"COUNTRY",4.182026446,2.933031254,5.411198211
"3276","Samoa","WPR","Western Pacific","WSM",2001,882,"COUNTRY",4.3669342,3.144742182,5.658928262
"3277","Samoa","WPR","Western Pacific","WSM",2002,882,"COUNTRY",4.31207993,3.075706981,5.52762995
"3278","Samoa","WPR","Western Pacific","WSM",2019,882,"COUNTRY",3.174348029,2.214226434,4.319963258
"3279","Samoa","WPR","Western Pacific","WSM",2005,882,"COUNTRY",4.254857314,3.008080801,5.497361787
"3280","Samoa","WPR","Western Pacific","WSM",2017,882,"COUNTRY",3.238282679,2.158181913,4.379485452
"3281","Samoa","WPR","Western Pacific","WSM",2018,882,"COUNTRY",3.214975369,2.168527777,4.444958843
"3282","Samoa","WPR","Western Pacific","WSM",2015,882,"COUNTRY",3.069495507,2.035300168,4.150540715
"3283","Samoa","WPR","Western Pacific","WSM",2004,882,"COUNTRY",4.226379134,3.056415394,5.567153999
"3284","Samoa","WPR","Western Pacific","WSM",2020,882,"COUNTRY",2.93248364,1.968724357,3.964309547
"3285","Samoa","WPR","Western Pacific","WSM",2011,882,"COUNTRY",3.659184574,2.498245388,4.905158786
"3286","Samoa","WPR","Western Pacific","WSM",2012,882,"COUNTRY",3.531647735,2.394173343,4.735933067
"3287","Samoa","WPR","Western Pacific","WSM",2013,882,"COUNTRY",3.385530474,2.30039009,4.502705397
"3288","Samoa","WPR","Western Pacific","WSM",2014,882,"COUNTRY",3.206583763,2.138296816,4.322250913
"3289","Samoa","WPR","Western Pacific","WSM",2003,882,"COUNTRY",4.273076097,3.160693958,5.453237351
"3290","Sao Tome and Principe","AFR","Africa","STP",2018,678,"COUNTRY",5.705051734,4.27310949,7.149576845
"3291","Sao Tome and Principe","AFR","Africa","STP",2015,678,"COUNTRY",6.558815898,4.920872453,8.013478011
"3292","Sao Tome and Principe","AFR","Africa","STP",2021,678,"COUNTRY",5.671420889,4.250651882,7.030716665
"3293","Sao Tome and Principe","AFR","Africa","STP",2008,678,"COUNTRY",7.107574142,5.506592139,8.691739077
"3294","Sao Tome and Principe","AFR","Africa","STP",2005,678,"COUNTRY",7.159495187,5.653455867,8.776956829
"3295","Sao Tome and Principe","AFR","Africa","STP",2020,678,"COUNTRY",5.862205255,4.484312275,7.312891871
"3296","Sao Tome and Principe","AFR","Africa","STP",2019,678,"COUNTRY",5.91566127,4.514218929,7.351974113
"3297","Sao Tome and Principe","AFR","Africa","STP",2001,678,"COUNTRY",7.232525461,5.585076153,8.955181968
"3298","Sao Tome and Principe","AFR","Africa","STP",2000,678,"COUNTRY",7.232525461,5.585076153,8.955181968
"3299","Sao Tome and Principe","AFR","Africa","STP",2016,678,"COUNTRY",5.936026081,4.520942195,7.328080353
"3300","Sao Tome and Principe","AFR","Africa","STP",2009,678,"COUNTRY",7.095007934,5.637640201,8.702955179
"3301","Sao Tome and Principe","AFR","Africa","STP",2011,678,"COUNTRY",7.10786384,5.5319258,8.690127609
"3302","Sao Tome and Principe","AFR","Africa","STP",2006,678,"COUNTRY",7.143161775,5.697530223,8.763022654
"3303","Sao Tome and Principe","AFR","Africa","STP",2014,678,"COUNTRY",7.106536295,5.597870009,8.637398094
"3304","Sao Tome and Principe","AFR","Africa","STP",2007,678,"COUNTRY",7.1282789,5.585960994,8.815082106
"3305","Sao Tome and Principe","AFR","Africa","STP",2022,678,"COUNTRY",5.671420889,4.250651882,7.030716665
"3306","Sao Tome and Principe","AFR","Africa","STP",2012,678,"COUNTRY",7.321699079,5.838440803,8.965798242
"3307","Sao Tome and Principe","AFR","Africa","STP",2003,678,"COUNTRY",7.198135567,5.512493616,8.809403796
"3308","Sao Tome and Principe","AFR","Africa","STP",2004,678,"COUNTRY",7.177534624,5.517037867,8.851943714
"3309","Sao Tome and Principe","AFR","Africa","STP",2002,678,"COUNTRY",7.216200779,5.574417202,8.852820258
"3310","Sao Tome and Principe","AFR","Africa","STP",2013,678,"COUNTRY",7.341269429,5.78701453,8.998456274
"3311","Sao Tome and Principe","AFR","Africa","STP",2010,678,"COUNTRY",7.085745298,5.544810476,8.660593513
"3312","Sao Tome and Principe","AFR","Africa","STP",2017,678,"COUNTRY",5.694008229,4.336449403,7.073639792
"3313","Senegal","AFR","Africa","SEN",2005,686,"COUNTRY",0.278920952,0.113499882,0.597041118
"3314","Senegal","AFR","Africa","SEN",2004,686,"COUNTRY",0.268042554,0.095231775,0.580039018
"3315","Senegal","AFR","Africa","SEN",2000,686,"COUNTRY",0.270990435,0.10391417,0.598628486
"3316","Senegal","AFR","Africa","SEN",2009,686,"COUNTRY",0.441606053,0.188159931,0.834935116
"3317","Senegal","AFR","Africa","SEN",2015,686,"COUNTRY",0.376606653,0.149880265,0.741521665
"3318","Senegal","AFR","Africa","SEN",2008,686,"COUNTRY",0.468156184,0.20647453,0.897106951
"3319","Senegal","AFR","Africa","SEN",2021,686,"COUNTRY",0.398744297,0.170983971,0.796631749
"3320","Senegal","AFR","Africa","SEN",2002,686,"COUNTRY",0.257867856,0.097016419,0.595454603
"3321","Senegal","AFR","Africa","SEN",2016,686,"COUNTRY",0.402501744,0.179278023,0.795278648
"3322","Senegal","AFR","Africa","SEN",2001,686,"COUNTRY",0.270990435,0.10391417,0.598628486
"3323","Senegal","AFR","Africa","SEN",2019,686,"COUNTRY",0.41349612,0.187566075,0.815731122
"3324","Senegal","AFR","Africa","SEN",2017,686,"COUNTRY",0.42212101,0.192215892,0.815852602
"3325","Senegal","AFR","Africa","SEN",2003,686,"COUNTRY",0.25640988,0.104852817,0.579832959
"3326","Senegal","AFR","Africa","SEN",2006,686,"COUNTRY",0.345373417,0.149079478,0.701157335
"3327","Senegal","AFR","Africa","SEN",2010,686,"COUNTRY",0.421217521,0.182898559,0.805184878
"3328","Senegal","AFR","Africa","SEN",2014,686,"COUNTRY",0.35060067,0.136378546,0.703948945
"3329","Senegal","AFR","Africa","SEN",2018,686,"COUNTRY",0.42734545,0.199983982,0.834645019
"3330","Senegal","AFR","Africa","SEN",2011,686,"COUNTRY",0.40552935,0.172039085,0.768500296
"3331","Senegal","AFR","Africa","SEN",2007,686,"COUNTRY",0.416761308,0.192821611,0.811249768
"3332","Senegal","AFR","Africa","SEN",2012,686,"COUNTRY",0.391124501,0.18716048,0.802924142
"3333","Senegal","AFR","Africa","SEN",2013,686,"COUNTRY",0.362103244,0.16865588,0.764450531
"3334","Senegal","AFR","Africa","SEN",2020,686,"COUNTRY",0.432144332,0.179734326,0.851318303
"3335","Senegal","AFR","Africa","SEN",2022,686,"COUNTRY",0.398744297,0.170983971,0.796631749
"3336","Serbia","EUR","Europe","SRB",2021,688,"COUNTRY",9.031429744,7.386222363,10.751090284
"3337","Serbia","EUR","Europe","SRB",2011,688,"COUNTRY",10.53398872,8.787197677,12.268952402
"3338","Serbia","EUR","Europe","SRB",2009,688,"COUNTRY",10.708523381,8.981356122,12.53129222
"3339","Serbia","EUR","Europe","SRB",2000,688,"COUNTRY",10.240293401,8.633508249,11.915859552
"3340","Serbia","EUR","Europe","SRB",2003,688,"COUNTRY",10.574715322,8.793531232,12.416873169
"3341","Serbia","EUR","Europe","SRB",2005,688,"COUNTRY",10.883056366,9.239041672,12.676943436
"3342","Serbia","EUR","Europe","SRB",2015,688,"COUNTRY",9.342404033,7.694726326,10.998337041
"3343","Serbia","EUR","Europe","SRB",2014,688,"COUNTRY",9.700839674,8.00615785,11.432849716
"3344","Serbia","EUR","Europe","SRB",2004,688,"COUNTRY",10.716525794,8.979930205,12.596311094
"3345","Serbia","EUR","Europe","SRB",2008,688,"COUNTRY",10.914991902,9.172052524,12.592423836
"3346","Serbia","EUR","Europe","SRB",2007,688,"COUNTRY",11.103878666,9.448633164,12.94246882
"3347","Serbia","EUR","Europe","SRB",2022,688,"COUNTRY",9.031429744,7.386222363,10.751090284
"3348","Serbia","EUR","Europe","SRB",2013,688,"COUNTRY",10.106720138,8.421690978,11.948907383
"3349","Serbia","EUR","Europe","SRB",2002,688,"COUNTRY",10.30693984,8.469413202,12.091883563
"3350","Serbia","EUR","Europe","SRB",2010,688,"COUNTRY",10.541539106,8.862061355,12.305800168
"3351","Serbia","EUR","Europe","SRB",2006,688,"COUNTRY",10.982124411,9.171136915,12.716042815
"3352","Serbia","EUR","Europe","SRB",2001,688,"COUNTRY",10.240293401,8.633508249,11.915859552
"3353","Serbia","EUR","Europe","SRB",2019,688,"COUNTRY",9.273163033,7.688139919,10.930554933
"3354","Serbia","EUR","Europe","SRB",2016,688,"COUNTRY",9.286499957,7.654170497,11.036696051
"3355","Serbia","EUR","Europe","SRB",2018,688,"COUNTRY",9.42695546,7.856551267,11.080757908
"3356","Serbia","EUR","Europe","SRB",2020,688,"COUNTRY",9.090599886,7.331720451,10.706244317
"3357","Serbia","EUR","Europe","SRB",2017,688,"COUNTRY",9.372556597,7.811681909,11.105593021
"3358","Serbia","EUR","Europe","SRB",2012,688,"COUNTRY",10.461995038,8.877723654,12.297462521
"3359","Seychelles","AFR","Africa","SYC",2000,690,"COUNTRY",12.068339392,10.015816932,14.058933207
"3360","Seychelles","AFR","Africa","SYC",2008,690,"COUNTRY",9.092647854,7.402210698,10.824129024
"3361","Seychelles","AFR","Africa","SYC",2011,690,"COUNTRY",9.728874365,7.957821812,11.609803635
"3362","Seychelles","AFR","Africa","SYC",2009,690,"COUNTRY",8.350947339,6.750956158,10.106629608
"3363","Seychelles","AFR","Africa","SYC",2001,690,"COUNTRY",12.068339392,10.015816932,14.058933207
"3364","Seychelles","AFR","Africa","SYC",2021,690,"COUNTRY",11.407912896,9.565522146,13.237597139
"3365","Seychelles","AFR","Africa","SYC",2015,690,"COUNTRY",13.0971231,11.155543673,15.140633228
"3366","Seychelles","AFR","Africa","SYC",2022,690,"COUNTRY",11.407912896,9.565522146,13.237597139
"3367","Seychelles","AFR","Africa","SYC",2002,690,"COUNTRY",11.992015684,10.001584201,13.798247822
"3368","Seychelles","AFR","Africa","SYC",2018,690,"COUNTRY",12.617227263,10.665968873,14.681214284
"3369","Seychelles","AFR","Africa","SYC",2005,690,"COUNTRY",10.84993094,9.009081142,12.703734969
"3370","Seychelles","AFR","Africa","SYC",2016,690,"COUNTRY",13.70705204,11.716319627,15.673731557
"3371","Seychelles","AFR","Africa","SYC",2003,690,"COUNTRY",11.714980346,9.759045917,13.594683232
"3372","Seychelles","AFR","Africa","SYC",2007,690,"COUNTRY",9.965416535,8.212803657,11.879690492
"3373","Seychelles","AFR","Africa","SYC",2017,690,"COUNTRY",13.22907361,11.184378732,15.30707895
"3374","Seychelles","AFR","Africa","SYC",2020,690,"COUNTRY",11.66538859,9.793097072,13.570797195
"3375","Seychelles","AFR","Africa","SYC",2014,690,"COUNTRY",11.703322227,9.683411783,13.618722227
"3376","Seychelles","AFR","Africa","SYC",2006,690,"COUNTRY",10.618369182,8.894684597,12.474257172
"3377","Seychelles","AFR","Africa","SYC",2013,690,"COUNTRY",11.06312499,9.165012296,12.870906475
"3378","Seychelles","AFR","Africa","SYC",2012,690,"COUNTRY",10.42880187,8.662146639,12.328194358
"3379","Seychelles","AFR","Africa","SYC",2019,690,"COUNTRY",11.728249138,9.927261567,13.63438943
"3380","Seychelles","AFR","Africa","SYC",2010,690,"COUNTRY",8.630881742,7.013659343,10.494214134
"3381","Seychelles","AFR","Africa","SYC",2004,690,"COUNTRY",11.3391765,9.51137701,13.231941899
"3382","Sierra Leone","AFR","Africa","SLE",2014,694,"COUNTRY",0.376976064,0.171712834,0.78854999
"3383","Sierra Leone","AFR","Africa","SLE",2018,694,"COUNTRY",0.253012658,0.093923047,0.557454802
"3384","Sierra Leone","AFR","Africa","SLE",2000,694,"COUNTRY",0.445886323,0.207971284,0.875400008
"3385","Sierra Leone","AFR","Africa","SLE",2022,694,"COUNTRY",0.333926582,0.131787452,0.71587721
"3386","Sierra Leone","AFR","Africa","SLE",2017,694,"COUNTRY",0.249058454,0.104851371,0.55895252
"3387","Sierra Leone","AFR","Africa","SLE",2016,694,"COUNTRY",0.272169698,0.106806052,0.573312494
"3388","Sierra Leone","AFR","Africa","SLE",2004,694,"COUNTRY",0.445037841,0.181089494,0.834604768
"3389","Sierra Leone","AFR","Africa","SLE",2020,694,"COUNTRY",0.258890707,0.098363624,0.604374793
"3390","Sierra Leone","AFR","Africa","SLE",2013,694,"COUNTRY",0.402122318,0.174914684,0.821298136
"3391","Sierra Leone","AFR","Africa","SLE",2011,694,"COUNTRY",0.346803187,0.163282977,0.712250048
"3392","Sierra Leone","AFR","Africa","SLE",2021,694,"COUNTRY",0.333926582,0.131787452,0.71587721
"3393","Sierra Leone","AFR","Africa","SLE",2009,694,"COUNTRY",0.392196955,0.148032072,0.794406967
"3394","Sierra Leone","AFR","Africa","SLE",2015,694,"COUNTRY",0.305447794,0.137664683,0.64485945
"3395","Sierra Leone","AFR","Africa","SLE",2008,694,"COUNTRY",0.443538917,0.190632272,0.868834283
"3396","Sierra Leone","AFR","Africa","SLE",2006,694,"COUNTRY",0.444329613,0.192819275,0.834194796
"3397","Sierra Leone","AFR","Africa","SLE",2003,694,"COUNTRY",0.445327751,0.176728859,0.846802477
"3398","Sierra Leone","AFR","Africa","SLE",2012,694,"COUNTRY",0.406317199,0.178696375,0.801789375
"3399","Sierra Leone","AFR","Africa","SLE",2002,694,"COUNTRY",0.445627453,0.215997193,0.855162883
"3400","Sierra Leone","AFR","Africa","SLE",2010,694,"COUNTRY",0.358010981,0.144486441,0.737086962
"3401","Sierra Leone","AFR","Africa","SLE",2019,694,"COUNTRY",0.25322831,0.100850942,0.567433969
"3402","Sierra Leone","AFR","Africa","SLE",2007,694,"COUNTRY",0.443928231,0.173559607,0.834491762
"3403","Sierra Leone","AFR","Africa","SLE",2005,694,"COUNTRY",0.444710128,0.182817129,0.819101498
"3404","Sierra Leone","AFR","Africa","SLE",2001,694,"COUNTRY",0.445886323,0.207971284,0.875400008
"3405","Singapore","WPR","Western Pacific","SGP",2022,702,"COUNTRY",1.957898777,1.239294958,2.764435076
"3406","Singapore","WPR","Western Pacific","SGP",2002,702,"COUNTRY",1.991038243,1.10682917,2.930613794
"3407","Singapore","WPR","Western Pacific","SGP",2010,702,"COUNTRY",1.642679829,0.850192909,2.568659963
"3408","Singapore","WPR","Western Pacific","SGP",2009,702,"COUNTRY",1.643801171,0.841060265,2.582516076
"3409","Singapore","WPR","Western Pacific","SGP",2015,702,"COUNTRY",1.467990738,0.632115612,2.360719324
"3410","Singapore","WPR","Western Pacific","SGP",2011,702,"COUNTRY",1.631065646,0.797436863,2.61505033
"3411","Singapore","WPR","Western Pacific","SGP",2019,702,"COUNTRY",1.625913152,0.820646268,2.561717924
"3412","Singapore","WPR","Western Pacific","SGP",2007,702,"COUNTRY",1.567003107,0.757070167,2.402270281
"3413","Singapore","WPR","Western Pacific","SGP",2003,702,"COUNTRY",1.750603921,0.985217266,2.614011202
"3414","Singapore","WPR","Western Pacific","SGP",2013,702,"COUNTRY",1.525549635,0.655811315,2.445078294
"3415","Singapore","WPR","Western Pacific","SGP",2004,702,"COUNTRY",1.487388053,0.764884082,2.326930757
"3416","Singapore","WPR","Western Pacific","SGP",2008,702,"COUNTRY",1.606263592,0.859420983,2.502872994
"3417","Singapore","WPR","Western Pacific","SGP",2005,702,"COUNTRY",1.503520655,0.771040422,2.334693625
"3418","Singapore","WPR","Western Pacific","SGP",2020,702,"COUNTRY",1.796556417,1.090296293,2.678334464
"3419","Singapore","WPR","Western Pacific","SGP",2012,702,"COUNTRY",1.572426253,0.712755153,2.508376285
"3420","Singapore","WPR","Western Pacific","SGP",2018,702,"COUNTRY",1.483737953,0.665677731,2.481010083
"3421","Singapore","WPR","Western Pacific","SGP",2016,702,"COUNTRY",1.447280672,0.568799451,2.362128872
"3422","Singapore","WPR","Western Pacific","SGP",2017,702,"COUNTRY",1.463356066,0.619344555,2.420666856
"3423","Singapore","WPR","Western Pacific","SGP",2006,702,"COUNTRY",1.525006978,0.726118874,2.392699463
"3424","Singapore","WPR","Western Pacific","SGP",2021,702,"COUNTRY",1.957898777,1.239294958,2.764435076
"3425","Singapore","WPR","Western Pacific","SGP",2000,702,"COUNTRY",2.199328893,1.329996445,3.153185381
"3426","Singapore","WPR","Western Pacific","SGP",2014,702,"COUNTRY",1.475617392,0.595686597,2.393568172
"3427","Singapore","WPR","Western Pacific","SGP",2001,702,"COUNTRY",2.199328893,1.329996445,3.153185381
"3428","Slovakia","EUR","Europe","SVK",2008,703,"COUNTRY",12.025695018,10.03740092,13.810475768
"3429","Slovakia","EUR","Europe","SVK",2018,703,"COUNTRY",11.185033289,9.484358167,12.907355357
"3430","Slovakia","EUR","Europe","SVK",2017,703,"COUNTRY",11.028568502,9.227270911,12.817659991
"3431","Slovakia","EUR","Europe","SVK",2019,703,"COUNTRY",11.245167295,9.492771708,12.92752554
"3432","Slovakia","EUR","Europe","SVK",2001,703,"COUNTRY",12.082590465,10.24422715,13.983154296
"3433","Slovakia","EUR","Europe","SVK",2022,703,"COUNTRY",10.971753594,9.250922948,12.777823974
"3434","Slovakia","EUR","Europe","SVK",2016,703,"COUNTRY",11.09272868,9.407706459,12.807955892
"3435","Slovakia","EUR","Europe","SVK",2014,703,"COUNTRY",11.290816715,9.648600599,13.031032295
"3436","Slovakia","EUR","Europe","SVK",2021,703,"COUNTRY",10.971753594,9.250922948,12.777823974
"3437","Slovakia","EUR","Europe","SVK",2010,703,"COUNTRY",11.527326008,9.688792451,13.326890286
"3438","Slovakia","EUR","Europe","SVK",2002,703,"COUNTRY",11.684810371,9.914520776,13.621270891
"3439","Slovakia","EUR","Europe","SVK",2007,703,"COUNTRY",11.917195752,10.225125441,13.786800907
"3440","Slovakia","EUR","Europe","SVK",2012,703,"COUNTRY",11.27783862,9.464050838,13.041293158
"3441","Slovakia","EUR","Europe","SVK",2020,703,"COUNTRY",11.107914095,9.356101512,12.802700275
"3442","Slovakia","EUR","Europe","SVK",2003,703,"COUNTRY",11.454096572,9.736119206,13.337371876
"3443","Slovakia","EUR","Europe","SVK",2011,703,"COUNTRY",11.362010033,9.367337055,13.113030054
"3444","Slovakia","EUR","Europe","SVK",2006,703,"COUNTRY",11.752566121,9.911560152,13.617982712
"3445","Slovakia","EUR","Europe","SVK",2013,703,"COUNTRY",11.26603546,9.388995141,13.105365325
"3446","Slovakia","EUR","Europe","SVK",2015,703,"COUNTRY",11.281952218,9.566147128,13.102754603
"3447","Slovakia","EUR","Europe","SVK",2005,703,"COUNTRY",11.5857889,9.811210194,13.481210624
"3448","Slovakia","EUR","Europe","SVK",2000,703,"COUNTRY",12.082590465,10.24422715,13.983154296
"3449","Slovakia","EUR","Europe","SVK",2009,703,"COUNTRY",11.879918584,10.111847026,13.750943444
"3450","Slovakia","EUR","Europe","SVK",2004,703,"COUNTRY",11.459074366,9.684542039,13.404260849
"3451","Slovenia","EUR","Europe","SVN",2016,705,"COUNTRY",11.525145674,9.754918276,13.355318224
"3452","Slovenia","EUR","Europe","SVN",2004,705,"COUNTRY",11.950972747,10.164232543,13.667377018
"3453","Slovenia","EUR","Europe","SVN",2017,705,"COUNTRY",11.004584123,9.34005797,12.818731546
"3454","Slovenia","EUR","Europe","SVN",2012,705,"COUNTRY",11.349591542,9.529913401,13.175177451
"3455","Slovenia","EUR","Europe","SVN",2022,705,"COUNTRY",10.904862669,9.120456001,12.630844287
"3456","Slovenia","EUR","Europe","SVN",2001,705,"COUNTRY",12.477747177,10.599042994,14.375460144
"3457","Slovenia","EUR","Europe","SVN",2020,705,"COUNTRY",11.294534074,9.56279117,13.237360314
"3458","Slovenia","EUR","Europe","SVN",2011,705,"COUNTRY",11.61902013,9.785182845,13.342875083
"3459","Slovenia","EUR","Europe","SVN",2010,705,"COUNTRY",11.509417252,9.615135604,13.408049687
"3460","Slovenia","EUR","Europe","SVN",2018,705,"COUNTRY",11.150258777,9.39834648,13.01736288
"3461","Slovenia","EUR","Europe","SVN",2008,705,"COUNTRY",11.845734056,10.077810712,13.714048967
"3462","Slovenia","EUR","Europe","SVN",2007,705,"COUNTRY",12.360386259,10.383544798,14.328235398
"3463","Slovenia","EUR","Europe","SVN",2019,705,"COUNTRY",11.082826162,9.429552821,12.926335261
"3464","Slovenia","EUR","Europe","SVN",2006,705,"COUNTRY",12.446400423,10.535915622,14.365149161
"3465","Slovenia","EUR","Europe","SVN",2013,705,"COUNTRY",11.429730267,9.596542907,13.055475768
"3466","Slovenia","EUR","Europe","SVN",2021,705,"COUNTRY",10.904862669,9.120456001,12.630844287
"3467","Slovenia","EUR","Europe","SVN",2000,705,"COUNTRY",12.477747177,10.599042994,14.375460144
"3468","Slovenia","EUR","Europe","SVN",2003,705,"COUNTRY",11.543557486,9.571814165,13.343938293
"3469","Slovenia","EUR","Europe","SVN",2009,705,"COUNTRY",11.643471257,9.790629587,13.34706619
"3470","Slovenia","EUR","Europe","SVN",2014,705,"COUNTRY",11.564392399,9.869151407,13.37313434
"3471","Slovenia","EUR","Europe","SVN",2005,705,"COUNTRY",12.141956237,10.082722657,14.009923057
"3472","Slovenia","EUR","Europe","SVN",2002,705,"COUNTRY",12.064490422,10.177089236,13.933688951
"3473","Slovenia","EUR","Europe","SVN",2015,705,"COUNTRY",11.820831579,10.009564589,13.681567437
"3474","Solomon Islands","WPR","Western Pacific","SLB",2015,90,"COUNTRY",0.82431855,0.445206237,1.341100224
"3475","Solomon Islands","WPR","Western Pacific","SLB",2007,90,"COUNTRY",0.999794638,0.583827978,1.529730131
"3476","Solomon Islands","WPR","Western Pacific","SLB",2014,90,"COUNTRY",0.70652273,0.350328896,1.172805617
"3477","Solomon Islands","WPR","Western Pacific","SLB",2017,90,"COUNTRY",1.593601977,0.970474331,2.242553998
"3478","Solomon Islands","WPR","Western Pacific","SLB",2021,90,"COUNTRY",0.833520388,0.440391068,1.352296853
"3479","Solomon Islands","WPR","Western Pacific","SLB",2003,90,"COUNTRY",1.000923353,0.554682486,1.592317325
"3480","Solomon Islands","WPR","Western Pacific","SLB",2009,90,"COUNTRY",0.917297427,0.492915571,1.455990331
"3481","Solomon Islands","WPR","Western Pacific","SLB",2005,90,"COUNTRY",1.000353569,0.576491281,1.572943403
"3482","Solomon Islands","WPR","Western Pacific","SLB",2016,90,"COUNTRY",1.456218573,0.915670276,2.082995092
"3483","Solomon Islands","WPR","Western Pacific","SLB",2008,90,"COUNTRY",0.999525237,0.549223947,1.605602658
"3484","Solomon Islands","WPR","Western Pacific","SLB",2010,90,"COUNTRY",0.820587406,0.43912293,1.287589013
"3485","Solomon Islands","WPR","Western Pacific","SLB",2002,90,"COUNTRY",1.001165596,0.567009905,1.597636591
"3486","Solomon Islands","WPR","Western Pacific","SLB",2004,90,"COUNTRY",1.000639972,0.576058009,1.615855582
"3487","Solomon Islands","WPR","Western Pacific","SLB",2000,90,"COUNTRY",1.001352973,0.557006648,1.565679452
"3488","Solomon Islands","WPR","Western Pacific","SLB",2001,90,"COUNTRY",1.001352973,0.557006648,1.565679452
"3489","Solomon Islands","WPR","Western Pacific","SLB",2022,90,"COUNTRY",0.833520388,0.440391068,1.352296853
"3490","Solomon Islands","WPR","Western Pacific","SLB",2012,90,"COUNTRY",0.691529001,0.347682767,1.157572869
"3491","Solomon Islands","WPR","Western Pacific","SLB",2011,90,"COUNTRY",0.719237106,0.382774026,1.164726158
"3492","Solomon Islands","WPR","Western Pacific","SLB",2020,90,"COUNTRY",0.804391253,0.439011784,1.294512782
"3493","Solomon Islands","WPR","Western Pacific","SLB",2019,90,"COUNTRY",0.941334303,0.526785254,1.460709832
"3494","Solomon Islands","WPR","Western Pacific","SLB",2013,90,"COUNTRY",0.688832723,0.331806408,1.173302768
"3495","Solomon Islands","WPR","Western Pacific","SLB",2006,90,"COUNTRY",1.000073575,0.530126164,1.555390336
"3496","Solomon Islands","WPR","Western Pacific","SLB",2018,90,"COUNTRY",1.554809446,0.977882321,2.234986441
"3497","Somalia","EMR","Eastern Mediterranean","SOM",2014,706,"COUNTRY",0,0,0
"3498","Somalia","EMR","Eastern Mediterranean","SOM",2019,706,"COUNTRY",0,0,0
"3499","Somalia","EMR","Eastern Mediterranean","SOM",2003,706,"COUNTRY",0,0,0
"3500","Somalia","EMR","Eastern Mediterranean","SOM",2011,706,"COUNTRY",0,0,0
"3501","Somalia","EMR","Eastern Mediterranean","SOM",2016,706,"COUNTRY",0,0,0
"3502","Somalia","EMR","Eastern Mediterranean","SOM",2009,706,"COUNTRY",0,0,0
"3503","Somalia","EMR","Eastern Mediterranean","SOM",2018,706,"COUNTRY",0,0,0
"3504","Somalia","EMR","Eastern Mediterranean","SOM",2020,706,"COUNTRY",0,0,0
"3505","Somalia","EMR","Eastern Mediterranean","SOM",2005,706,"COUNTRY",0,0,0
"3506","Somalia","EMR","Eastern Mediterranean","SOM",2006,706,"COUNTRY",0,0,0
"3507","Somalia","EMR","Eastern Mediterranean","SOM",2015,706,"COUNTRY",0,0,0
"3508","Somalia","EMR","Eastern Mediterranean","SOM",2008,706,"COUNTRY",0,0,0
"3509","Somalia","EMR","Eastern Mediterranean","SOM",2010,706,"COUNTRY",0,0,0
"3510","Somalia","EMR","Eastern Mediterranean","SOM",2004,706,"COUNTRY",0,0,0
"3511","Somalia","EMR","Eastern Mediterranean","SOM",2000,706,"COUNTRY",0,0,0
"3512","Somalia","EMR","Eastern Mediterranean","SOM",2007,706,"COUNTRY",0,0,0
"3513","Somalia","EMR","Eastern Mediterranean","SOM",2002,706,"COUNTRY",0,0,0
"3514","Somalia","EMR","Eastern Mediterranean","SOM",2001,706,"COUNTRY",0,0,0
"3515","Somalia","EMR","Eastern Mediterranean","SOM",2021,706,"COUNTRY",0,0,0
"3516","Somalia","EMR","Eastern Mediterranean","SOM",2013,706,"COUNTRY",0,0,0
"3517","Somalia","EMR","Eastern Mediterranean","SOM",2012,706,"COUNTRY",0,0,0
"3518","Somalia","EMR","Eastern Mediterranean","SOM",2022,706,"COUNTRY",0,0,0
"3519","Somalia","EMR","Eastern Mediterranean","SOM",2017,706,"COUNTRY",0,0,0
"3520","South Africa","AFR","Africa","ZAF",2004,710,"COUNTRY",8.343870926,6.658982443,9.954020378
"3521","South Africa","AFR","Africa","ZAF",2013,710,"COUNTRY",8.441096914,6.829937907,10.040296701
"3522","South Africa","AFR","Africa","ZAF",2009,710,"COUNTRY",8.248683244,6.714359557,9.935288043
"3523","South Africa","AFR","Africa","ZAF",2016,710,"COUNTRY",8.397732327,6.745727636,9.916055641
"3524","South Africa","AFR","Africa","ZAF",2019,710,"COUNTRY",7.9399256,6.344798271,9.553374537
"3525","South Africa","AFR","Africa","ZAF",2014,710,"COUNTRY",8.451978748,6.886027134,10.061749838
"3526","South Africa","AFR","Africa","ZAF",2020,710,"COUNTRY",7.759932074,6.085733114,9.34576767
"3527","South Africa","AFR","Africa","ZAF",2001,710,"COUNTRY",8.742056228,7.081608044,10.412443451
"3528","South Africa","AFR","Africa","ZAF",2021,710,"COUNTRY",7.791869619,6.36580153,9.326607229
"3529","South Africa","AFR","Africa","ZAF",2007,710,"COUNTRY",8.476132478,6.87950238,10.165633942
"3530","South Africa","AFR","Africa","ZAF",2012,710,"COUNTRY",8.421342829,6.85627871,9.943013245
"3531","South Africa","AFR","Africa","ZAF",2002,710,"COUNTRY",8.4838378,6.773079137,10.289393637
"3532","South Africa","AFR","Africa","ZAF",2010,710,"COUNTRY",8.239291765,6.692256797,9.922549322
"3533","South Africa","AFR","Africa","ZAF",2008,710,"COUNTRY",8.391782519,6.800485944,9.965114782
"3534","South Africa","AFR","Africa","ZAF",2005,710,"COUNTRY",8.402675833,6.629350328,9.860788433
"3535","South Africa","AFR","Africa","ZAF",2015,710,"COUNTRY",8.443987747,6.827056193,10.206276242
"3536","South Africa","AFR","Africa","ZAF",2003,710,"COUNTRY",8.366665631,6.655136767,10.08592125
"3537","South Africa","AFR","Africa","ZAF",2000,710,"COUNTRY",8.742056228,7.081608044,10.412443451
"3538","South Africa","AFR","Africa","ZAF",2011,710,"COUNTRY",8.336959407,6.73805406,9.935794216
"3539","South Africa","AFR","Africa","ZAF",2022,710,"COUNTRY",7.791869619,6.36580153,9.326607229
"3540","South Africa","AFR","Africa","ZAF",2018,710,"COUNTRY",8.451478767,6.903813658,9.966451882
"3541","South Africa","AFR","Africa","ZAF",2006,710,"COUNTRY",8.470211685,6.73561219,10.153605064
"3542","South Africa","AFR","Africa","ZAF",2017,710,"COUNTRY",8.405495174,6.898208298,10.013601836
"3543","Spain","EUR","Europe","ESP",2005,724,"COUNTRY",12.315930062,10.439388279,14.170316855
"3544","Spain","EUR","Europe","ESP",2004,724,"COUNTRY",12.07144501,10.457657322,13.958480511
"3545","Spain","EUR","Europe","ESP",2016,724,"COUNTRY",11.361056826,9.691255622,13.160349641
"3546","Spain","EUR","Europe","ESP",2010,724,"COUNTRY",9.957324486,8.206466136,11.665527128
"3547","Spain","EUR","Europe","ESP",2019,724,"COUNTRY",10.610894728,8.975085772,12.478688851
"3548","Spain","EUR","Europe","ESP",2013,724,"COUNTRY",9.085456781,7.505588815,10.809450996
"3549","Spain","EUR","Europe","ESP",2001,724,"COUNTRY",12.038474371,10.281917062,13.893448887
"3550","Spain","EUR","Europe","ESP",2007,724,"COUNTRY",11.675190778,9.863474204,13.444424952
"3551","Spain","EUR","Europe","ESP",2003,724,"COUNTRY",11.601749589,9.820574587,13.462042302
"3552","Spain","EUR","Europe","ESP",2002,724,"COUNTRY",11.836712666,9.895350601,13.750819705
"3553","Spain","EUR","Europe","ESP",2000,724,"COUNTRY",12.038474371,10.281917062,13.893448887
"3554","Spain","EUR","Europe","ESP",2015,724,"COUNTRY",10.391095087,8.768870512,12.053868168
"3555","Spain","EUR","Europe","ESP",2020,724,"COUNTRY",10.656441357,8.924037387,12.3664707
"3556","Spain","EUR","Europe","ESP",2012,724,"COUNTRY",9.390350474,7.699921588,11.020989718
"3557","Spain","EUR","Europe","ESP",2006,724,"COUNTRY",12.218542453,10.381281727,14.078795405
"3558","Spain","EUR","Europe","ESP",2017,724,"COUNTRY",11.338645331,9.654990244,13.16683544
"3559","Spain","EUR","Europe","ESP",2022,724,"COUNTRY",10.973062606,9.243215041,12.663018169
"3560","Spain","EUR","Europe","ESP",2018,724,"COUNTRY",11.273735787,9.560430252,13.266417058
"3561","Spain","EUR","Europe","ESP",2011,724,"COUNTRY",9.515706328,7.832301198,11.176208137
"3562","Spain","EUR","Europe","ESP",2009,724,"COUNTRY",10.423775889,8.502259679,12.160367149
"3563","Spain","EUR","Europe","ESP",2021,724,"COUNTRY",10.973062606,9.243215041,12.663018169
"3564","Spain","EUR","Europe","ESP",2008,724,"COUNTRY",11.087836598,9.238475046,12.888887186
"3565","Spain","EUR","Europe","ESP",2014,724,"COUNTRY",9.657172585,7.954820662,11.395985857
"3566","Sri Lanka","SEAR","South-East Asia","LKA",2018,144,"COUNTRY",2.644535028,1.842557849,3.554642306
"3567","Sri Lanka","SEAR","South-East Asia","LKA",2017,144,"COUNTRY",2.648481561,1.87231647,3.511756166
"3568","Sri Lanka","SEAR","South-East Asia","LKA",2019,144,"COUNTRY",2.677355718,1.846131486,3.599906513
"3569","Sri Lanka","SEAR","South-East Asia","LKA",2004,144,"COUNTRY",1.811553585,1.182738045,2.584220513
"3570","Sri Lanka","SEAR","South-East Asia","LKA",2005,144,"COUNTRY",1.883377462,1.189464798,2.640616614
"3571","Sri Lanka","SEAR","South-East Asia","LKA",2001,144,"COUNTRY",1.707509579,1.10332899,2.480907549
"3572","Sri Lanka","SEAR","South-East Asia","LKA",2002,144,"COUNTRY",1.786357852,1.1462208,2.545091304
"3573","Sri Lanka","SEAR","South-East Asia","LKA",2021,144,"COUNTRY",2.704348485,1.938942103,3.598484257
"3574","Sri Lanka","SEAR","South-East Asia","LKA",2009,144,"COUNTRY",2.219303852,1.495809541,3.073599186
"3575","Sri Lanka","SEAR","South-East Asia","LKA",2007,144,"COUNTRY",2.18218724,1.494240688,2.900443229
"3576","Sri Lanka","SEAR","South-East Asia","LKA",2022,144,"COUNTRY",2.704348485,1.938942103,3.598484257
"3577","Sri Lanka","SEAR","South-East Asia","LKA",2013,144,"COUNTRY",2.708275131,1.931204714,3.61686754
"3578","Sri Lanka","SEAR","South-East Asia","LKA",2003,144,"COUNTRY",1.706137259,1.15197829,2.466957011
"3579","Sri Lanka","SEAR","South-East Asia","LKA",2015,144,"COUNTRY",2.642366133,1.866216155,3.556550794
"3580","Sri Lanka","SEAR","South-East Asia","LKA",2008,144,"COUNTRY",2.213585415,1.466596809,2.98999085
"3581","Sri Lanka","SEAR","South-East Asia","LKA",2012,144,"COUNTRY",2.780489958,1.991504987,3.674531103
"3582","Sri Lanka","SEAR","South-East Asia","LKA",2014,144,"COUNTRY",2.646515715,1.865568122,3.488733476
"3583","Sri Lanka","SEAR","South-East Asia","LKA",2011,144,"COUNTRY",2.67564366,1.924609701,3.555025952
"3584","Sri Lanka","SEAR","South-East Asia","LKA",2000,144,"COUNTRY",1.707509579,1.10332899,2.480907549
"3585","Sri Lanka","SEAR","South-East Asia","LKA",2016,144,"COUNTRY",2.680184327,1.924139002,3.518639459
"3586","Sri Lanka","SEAR","South-East Asia","LKA",2020,144,"COUNTRY",2.695387737,1.899332417,3.589173389
"3587","Sri Lanka","SEAR","South-East Asia","LKA",2006,144,"COUNTRY",2.137254815,1.419197069,2.891652447
"3588","Sri Lanka","SEAR","South-East Asia","LKA",2010,144,"COUNTRY",2.400556478,1.638522118,3.287399186
"3589","Sudan","EMR","Eastern Mediterranean","SDN",2021,729,"COUNTRY",0.013083407,0,0.10617086
"3590","Sudan","EMR","Eastern Mediterranean","SDN",2002,729,"COUNTRY",0.000197285,0,0.012444905
"3591","Sudan","EMR","Eastern Mediterranean","SDN",2006,729,"COUNTRY",0.000197285,0,0.012065564
"3592","Sudan","EMR","Eastern Mediterranean","SDN",2000,729,"COUNTRY",0.000197285,0,0.012375214
"3593","Sudan","EMR","Eastern Mediterranean","SDN",2007,729,"COUNTRY",0.000197285,0,0.012088842
"3594","Sudan","EMR","Eastern Mediterranean","SDN",2019,729,"COUNTRY",0.008512304,0,0.088818877
"3595","Sudan","EMR","Eastern Mediterranean","SDN",2005,729,"COUNTRY",0.000197285,0,0.011413173
"3596","Sudan","EMR","Eastern Mediterranean","SDN",2016,729,"COUNTRY",0.000896402,0,0.024903162
"3597","Sudan","EMR","Eastern Mediterranean","SDN",2012,729,"COUNTRY",0.000215041,0,0.012028316
"3598","Sudan","EMR","Eastern Mediterranean","SDN",2004,729,"COUNTRY",0.000197285,0,0.011869268
"3599","Sudan","EMR","Eastern Mediterranean","SDN",2020,729,"COUNTRY",0.011498985,0,0.102780353
"3600","Sudan","EMR","Eastern Mediterranean","SDN",2022,729,"COUNTRY",0.013083407,0,0.10617086
"3601","Sudan","EMR","Eastern Mediterranean","SDN",2018,729,"COUNTRY",0.002946587,0,0.049690568
"3602","Sudan","EMR","Eastern Mediterranean","SDN",2008,729,"COUNTRY",0.000197285,0,0.012134865
"3603","Sudan","EMR","Eastern Mediterranean","SDN",2010,729,"COUNTRY",0.000197285,0,0.012188865
"3604","Sudan","EMR","Eastern Mediterranean","SDN",2014,729,"COUNTRY",0.119180563,0,0.401730874
"3605","Sudan","EMR","Eastern Mediterranean","SDN",2013,729,"COUNTRY",0.118758072,0,0.399904537
"3606","Sudan","EMR","Eastern Mediterranean","SDN",2017,729,"COUNTRY",0.001063415,0,0.029241903
"3607","Sudan","EMR","Eastern Mediterranean","SDN",2003,729,"COUNTRY",0.000197285,0,0.012148336
"3608","Sudan","EMR","Eastern Mediterranean","SDN",2015,729,"COUNTRY",0.119271399,0,0.401510471
"3609","Sudan","EMR","Eastern Mediterranean","SDN",2011,729,"COUNTRY",0.000197285,0,0.011496669
"3610","Sudan","EMR","Eastern Mediterranean","SDN",2009,729,"COUNTRY",0.000197285,0,0.011929763
"3611","Sudan","EMR","Eastern Mediterranean","SDN",2001,729,"COUNTRY",0.000197285,0,0.012375214
"3612","Suriname","AMR","Americas","SUR",2000,740,"COUNTRY",4.728764686,3.649381576,5.972886829
"3613","Suriname","AMR","Americas","SUR",2006,740,"COUNTRY",4.838740002,3.793376822,6.017907597
"3614","Suriname","AMR","Americas","SUR",2019,740,"COUNTRY",6.29527236,4.979001516,7.625017484
"3615","Suriname","AMR","Americas","SUR",2018,740,"COUNTRY",6.389189871,4.953038837,7.697233203
"3616","Suriname","AMR","Americas","SUR",2022,740,"COUNTRY",5.916135391,4.648915929,7.265042117
"3617","Suriname","AMR","Americas","SUR",2014,740,"COUNTRY",5.627533343,4.457073489,6.985726331
"3618","Suriname","AMR","Americas","SUR",2016,740,"COUNTRY",5.694999369,4.533495426,7.037455211
"3619","Suriname","AMR","Americas","SUR",2007,740,"COUNTRY",4.948005179,3.744794756,6.18230891
"3620","Suriname","AMR","Americas","SUR",2012,740,"COUNTRY",5.999279362,4.673632128,7.35412687
"3621","Suriname","AMR","Americas","SUR",2002,740,"COUNTRY",4.733622391,3.687988663,5.993295865
"3622","Suriname","AMR","Americas","SUR",2009,740,"COUNTRY",5.269294384,4.049245849,6.612844049
"3623","Suriname","AMR","Americas","SUR",2004,740,"COUNTRY",4.809741055,3.671960414,6.079914044
"3624","Suriname","AMR","Americas","SUR",2001,740,"COUNTRY",4.728764686,3.649381576,5.972886829
"3625","Suriname","AMR","Americas","SUR",2015,740,"COUNTRY",5.581686341,4.34471159,6.919323428
"3626","Suriname","AMR","Americas","SUR",2021,740,"COUNTRY",5.916135391,4.648915929,7.265042117
"3627","Suriname","AMR","Americas","SUR",2005,740,"COUNTRY",4.817581578,3.757441323,6.018242633
"3628","Suriname","AMR","Americas","SUR",2013,740,"COUNTRY",5.939114279,4.686132784,7.253877044
"3629","Suriname","AMR","Americas","SUR",2020,740,"COUNTRY",6.144822428,4.844049583,7.446063195
"3630","Suriname","AMR","Americas","SUR",2010,740,"COUNTRY",5.537786826,4.260007357,6.891623891
"3631","Suriname","AMR","Americas","SUR",2003,740,"COUNTRY",4.813266815,3.684304665,6.101468747
"3632","Suriname","AMR","Americas","SUR",2011,740,"COUNTRY",5.798928627,4.568361145,7.173069666
"3633","Suriname","AMR","Americas","SUR",2008,740,"COUNTRY",5.073697414,3.954892168,6.307159261
"3634","Suriname","AMR","Americas","SUR",2017,740,"COUNTRY",6.113921072,4.811608939,7.410058085
"3635","Sweden","EUR","Europe","SWE",2018,752,"COUNTRY",9.394671646,7.667493731,11.246927155
"3636","Sweden","EUR","Europe","SWE",2002,752,"COUNTRY",9.52009207,7.568699245,11.229787088
"3637","Sweden","EUR","Europe","SWE",2001,752,"COUNTRY",9.304453766,7.396518482,11.11445323
"3638","Sweden","EUR","Europe","SWE",2005,752,"COUNTRY",9.289981313,7.436290664,11.04797415
"3639","Sweden","EUR","Europe","SWE",2007,752,"COUNTRY",9.51456772,7.700891318,11.384312636
"3640","Sweden","EUR","Europe","SWE",2003,752,"COUNTRY",9.494894131,7.578944957,11.262720162
"3641","Sweden","EUR","Europe","SWE",2008,752,"COUNTRY",9.657553596,7.820007346,11.617472262
"3642","Sweden","EUR","Europe","SWE",2009,752,"COUNTRY",9.775706248,8.053090946,11.603725493
"3643","Sweden","EUR","Europe","SWE",2010,752,"COUNTRY",9.779859397,8.034852477,11.687513477
"3644","Sweden","EUR","Europe","SWE",2011,752,"COUNTRY",9.641545794,7.836321241,11.542275239
"3645","Sweden","EUR","Europe","SWE",2016,752,"COUNTRY",9.448321952,7.589170473,11.353044714
"3646","Sweden","EUR","Europe","SWE",2019,752,"COUNTRY",9.480943292,7.787923556,11.226144113
"3647","Sweden","EUR","Europe","SWE",2006,752,"COUNTRY",9.400730598,7.568500013,11.150311734
"3648","Sweden","EUR","Europe","SWE",2004,752,"COUNTRY",9.352904707,7.561343151,11.242650398
"3649","Sweden","EUR","Europe","SWE",2015,752,"COUNTRY",9.538774493,7.801466843,11.445788578
"3650","Sweden","EUR","Europe","SWE",2012,752,"COUNTRY",9.522905752,7.653666488,11.433464511
"3651","Sweden","EUR","Europe","SWE",2022,752,"COUNTRY",9.61281486,7.780290895,11.392884528
"3652","Sweden","EUR","Europe","SWE",2014,752,"COUNTRY",9.555465651,7.854635713,11.406308102
"3653","Sweden","EUR","Europe","SWE",2013,752,"COUNTRY",9.538676643,7.705094464,11.373224891
"3654","Sweden","EUR","Europe","SWE",2017,752,"COUNTRY",9.438064454,7.5910958,11.338287634
"3655","Sweden","EUR","Europe","SWE",2021,752,"COUNTRY",9.61281486,7.780290895,11.392884528
"3656","Sweden","EUR","Europe","SWE",2020,752,"COUNTRY",9.54100397,7.882558682,11.338092726
"3657","Sweden","EUR","Europe","SWE",2000,752,"COUNTRY",9.304453766,7.396518482,11.11445323
"3658","Switzerland","EUR","Europe","CHE",2001,756,"COUNTRY",11.145548835,9.412552783,13.012104166
"3659","Switzerland","EUR","Europe","CHE",2014,756,"COUNTRY",9.834563797,8.121539959,11.443004596
"3660","Switzerland","EUR","Europe","CHE",2002,756,"COUNTRY",11.25213067,9.451943462,13.060041869
"3661","Switzerland","EUR","Europe","CHE",2015,756,"COUNTRY",9.653405828,8.119543734,11.301725349
"3662","Switzerland","EUR","Europe","CHE",2005,756,"COUNTRY",10.655492278,8.9744173,12.419819611
"3663","Switzerland","EUR","Europe","CHE",2009,756,"COUNTRY",10.471161034,8.909977067,12.224207825
"3664","Switzerland","EUR","Europe","CHE",2019,756,"COUNTRY",9.235084356,7.58167121,10.762444715
"3665","Switzerland","EUR","Europe","CHE",2007,756,"COUNTRY",10.620954124,8.837826667,12.411895254
"3666","Switzerland","EUR","Europe","CHE",2006,756,"COUNTRY",10.573090893,8.901410765,12.305468838
"3667","Switzerland","EUR","Europe","CHE",2017,756,"COUNTRY",9.343211126,7.708526996,10.962380027
"3668","Switzerland","EUR","Europe","CHE",2011,756,"COUNTRY",10.219124386,8.582186367,12.020418912
"3669","Switzerland","EUR","Europe","CHE",2016,756,"COUNTRY",9.530209949,7.810556952,11.187482111
"3670","Switzerland","EUR","Europe","CHE",2012,756,"COUNTRY",10.116367675,8.370038551,11.783469471
"3671","Switzerland","EUR","Europe","CHE",2003,756,"COUNTRY",11.09307628,9.408389295,12.968481282
"3672","Switzerland","EUR","Europe","CHE",2020,756,"COUNTRY",9.264918963,7.802773582,10.911292168
"3673","Switzerland","EUR","Europe","CHE",2013,756,"COUNTRY",9.945295493,8.200286951,11.70642928
"3674","Switzerland","EUR","Europe","CHE",2008,756,"COUNTRY",10.581501472,8.85125897,12.425354462
"3675","Switzerland","EUR","Europe","CHE",2000,756,"COUNTRY",11.145548835,9.412552783,13.012104166
"3676","Switzerland","EUR","Europe","CHE",2010,756,"COUNTRY",10.32704546,8.712535558,12.171991943
"3677","Switzerland","EUR","Europe","CHE",2022,756,"COUNTRY",9.159367126,7.681337115,10.868258498
"3678","Switzerland","EUR","Europe","CHE",2018,756,"COUNTRY",9.294181934,7.701665981,11.025940754
"3679","Switzerland","EUR","Europe","CHE",2004,756,"COUNTRY",10.899530212,9.114020018,12.725067654
"3680","Switzerland","EUR","Europe","CHE",2021,756,"COUNTRY",9.159367126,7.681337115,10.868258498
"3681","Syrian Arab Republic","EMR","Eastern Mediterranean","SYR",2007,760,"COUNTRY",1.033679319,0.570046957,1.639911534
"3682","Syrian Arab Republic","EMR","Eastern Mediterranean","SYR",2005,760,"COUNTRY",1.129647928,0.571810569,1.799473634
"3683","Syrian Arab Republic","EMR","Eastern Mediterranean","SYR",2012,760,"COUNTRY",0.442561998,0.181942319,0.881992297
"3684","Syrian Arab Republic","EMR","Eastern Mediterranean","SYR",2014,760,"COUNTRY",0.296708301,0.120947047,0.625782511
"3685","Syrian Arab Republic","EMR","Eastern Mediterranean","SYR",2013,760,"COUNTRY",0.271854365,0.123069404,0.59333845
"3686","Syrian Arab Republic","EMR","Eastern Mediterranean","SYR",2008,760,"COUNTRY",1.030139842,0.570685283,1.663376764
"3687","Syrian Arab Republic","EMR","Eastern Mediterranean","SYR",2020,760,"COUNTRY",0.123215372,0.04577081,0.359643965
"3688","Syrian Arab Republic","EMR","Eastern Mediterranean","SYR",2004,760,"COUNTRY",1.188401268,0.606401925,1.821096601
"3689","Syrian Arab Republic","EMR","Eastern Mediterranean","SYR",2006,760,"COUNTRY",1.068424113,0.573304091,1.692984322
"3690","Syrian Arab Republic","EMR","Eastern Mediterranean","SYR",2009,760,"COUNTRY",1.046500102,0.569938459,1.662335182
"3691","Syrian Arab Republic","EMR","Eastern Mediterranean","SYR",2021,760,"COUNTRY",0.096480004,0.03753102,0.297200407
"3692","Syrian Arab Republic","EMR","Eastern Mediterranean","SYR",2011,760,"COUNTRY",0.724705633,0.345353829,1.2705149
"3693","Syrian Arab Republic","EMR","Eastern Mediterranean","SYR",2000,760,"COUNTRY",1.346784386,0.757817853,2.056903561
"3694","Syrian Arab Republic","EMR","Eastern Mediterranean","SYR",2018,760,"COUNTRY",0.200825766,0.072912496,0.488790449
"3695","Syrian Arab Republic","EMR","Eastern Mediterranean","SYR",2015,760,"COUNTRY",0.31822899,0.127814146,0.682409217
"3696","Syrian Arab Republic","EMR","Eastern Mediterranean","SYR",2019,760,"COUNTRY",0.167253005,0.047919345,0.431737763
"3697","Syrian Arab Republic","EMR","Eastern Mediterranean","SYR",2002,760,"COUNTRY",1.306306242,0.728571617,2.034382978
"3698","Syrian Arab Republic","EMR","Eastern Mediterranean","SYR",2003,760,"COUNTRY",1.247618234,0.686330428,1.902544888
"3699","Syrian Arab Republic","EMR","Eastern Mediterranean","SYR",2010,760,"COUNTRY",0.978233297,0.475018258,1.598760823
"3700","Syrian Arab Republic","EMR","Eastern Mediterranean","SYR",2022,760,"COUNTRY",0.096480004,0.03753102,0.297200407
"3701","Syrian Arab Republic","EMR","Eastern Mediterranean","SYR",2016,760,"COUNTRY",0.278829332,0.118145758,0.606622803
"3702","Syrian Arab Republic","EMR","Eastern Mediterranean","SYR",2001,760,"COUNTRY",1.346784386,0.757817853,2.056903561
"3703","Syrian Arab Republic","EMR","Eastern Mediterranean","SYR",2017,760,"COUNTRY",0.233981752,0.081995305,0.537108683
"3704","Tajikistan","EUR","Europe","TJK",2008,762,"COUNTRY",0.692274284,0.296224284,1.178312762
"3705","Tajikistan","EUR","Europe","TJK",2020,762,"COUNTRY",0.76542261,0.372779942,1.244988168
"3706","Tajikistan","EUR","Europe","TJK",2003,762,"COUNTRY",0.786388232,0.372923841,1.230615452
"3707","Tajikistan","EUR","Europe","TJK",2005,762,"COUNTRY",0.754145632,0.362122581,1.187922204
"3708","Tajikistan","EUR","Europe","TJK",2013,762,"COUNTRY",0.800401926,0.388819953,1.259323847
"3709","Tajikistan","EUR","Europe","TJK",2012,762,"COUNTRY",0.743930913,0.344255317,1.202724928
"3710","Tajikistan","EUR","Europe","TJK",2022,762,"COUNTRY",0.727050237,0.332295195,1.15664187
"3711","Tajikistan","EUR","Europe","TJK",2000,762,"COUNTRY",0.829172774,0.384273674,1.284913612
"3712","Tajikistan","EUR","Europe","TJK",2006,762,"COUNTRY",0.741496003,0.363741294,1.199272286
"3713","Tajikistan","EUR","Europe","TJK",2015,762,"COUNTRY",0.89833303,0.479025358,1.397080509
"3714","Tajikistan","EUR","Europe","TJK",2016,762,"COUNTRY",0.910297855,0.501877465,1.424873096
"3715","Tajikistan","EUR","Europe","TJK",2019,762,"COUNTRY",0.814188106,0.414795257,1.290799237
"3716","Tajikistan","EUR","Europe","TJK",2018,762,"COUNTRY",0.861253438,0.457817295,1.397037027
"3717","Tajikistan","EUR","Europe","TJK",2007,762,"COUNTRY",0.700776901,0.33351225,1.174192068
"3718","Tajikistan","EUR","Europe","TJK",2011,762,"COUNTRY",0.71599737,0.298507028,1.127532848
"3719","Tajikistan","EUR","Europe","TJK",2010,762,"COUNTRY",0.70578925,0.324413483,1.122042237
"3720","Tajikistan","EUR","Europe","TJK",2001,762,"COUNTRY",0.829172774,0.384273674,1.284913612
"3721","Tajikistan","EUR","Europe","TJK",2017,762,"COUNTRY",0.886959359,0.483725132,1.409324595
"3722","Tajikistan","EUR","Europe","TJK",2009,762,"COUNTRY",0.682395083,0.289009785,1.117802704
"3723","Tajikistan","EUR","Europe","TJK",2002,762,"COUNTRY",0.800312713,0.38332771,1.273025662
"3724","Tajikistan","EUR","Europe","TJK",2021,762,"COUNTRY",0.727050237,0.332295195,1.15664187
"3725","Tajikistan","EUR","Europe","TJK",2014,762,"COUNTRY",0.857119023,0.438547223,1.354976691
"3726","Tajikistan","EUR","Europe","TJK",2004,762,"COUNTRY",0.761469051,0.351112814,1.224943027
"3727","Thailand","SEAR","South-East Asia","THA",2004,764,"COUNTRY",9.367387332,7.609705211,11.080027151
"3728","Thailand","SEAR","South-East Asia","THA",2015,764,"COUNTRY",8.157734977,6.611548162,9.808360107
"3729","Thailand","SEAR","South-East Asia","THA",2014,764,"COUNTRY",8.09774592,6.595872413,9.811192427
"3730","Thailand","SEAR","South-East Asia","THA",2002,764,"COUNTRY",8.982904489,7.365067837,10.730526708
"3731","Thailand","SEAR","South-East Asia","THA",2011,764,"COUNTRY",7.888455595,6.346324132,9.500537074
"3732","Thailand","SEAR","South-East Asia","THA",2001,764,"COUNTRY",8.666185982,7.079959302,10.459636696
"3733","Thailand","SEAR","South-East Asia","THA",2007,764,"COUNTRY",8.708331698,7.218233091,10.32962303
"3734","Thailand","SEAR","South-East Asia","THA",2006,764,"COUNTRY",9.415571546,7.839112301,11.15938111
"3735","Thailand","SEAR","South-East Asia","THA",2003,764,"COUNTRY",9.142352269,7.584923162,10.806190205
"3736","Thailand","SEAR","South-East Asia","THA",2000,764,"COUNTRY",8.666185982,7.079959302,10.459636696
"3737","Thailand","SEAR","South-East Asia","THA",2016,764,"COUNTRY",8.280099782,6.671264426,9.800732781
"3738","Thailand","SEAR","South-East Asia","THA",2009,764,"COUNTRY",7.422970491,6.023107493,9.038474152
"3739","Thailand","SEAR","South-East Asia","THA",2008,764,"COUNTRY",8.006549122,6.492437171,9.546498125
"3740","Thailand","SEAR","South-East Asia","THA",2022,764,"COUNTRY",7.62560555,6.168785849,9.273858645
"3741","Thailand","SEAR","South-East Asia","THA",2020,764,"COUNTRY",7.656660706,6.17049138,9.302238566
"3742","Thailand","SEAR","South-East Asia","THA",2005,764,"COUNTRY",9.442605582,7.771885072,11.219194335
"3743","Thailand","SEAR","South-East Asia","THA",2013,764,"COUNTRY",8.170576187,6.634206391,9.825631168
"3744","Thailand","SEAR","South-East Asia","THA",2017,764,"COUNTRY",7.942897839,6.435924524,9.51313801
"3745","Thailand","SEAR","South-East Asia","THA",2010,764,"COUNTRY",7.582197934,6.155657921,9.097026992
"3746","Thailand","SEAR","South-East Asia","THA",2019,764,"COUNTRY",7.613461183,6.175827822,9.123115168
"3747","Thailand","SEAR","South-East Asia","THA",2021,764,"COUNTRY",7.62560555,6.168785849,9.273858645
"3748","Thailand","SEAR","South-East Asia","THA",2012,764,"COUNTRY",8.092589024,6.607952469,9.643702044
"3749","Thailand","SEAR","South-East Asia","THA",2018,764,"COUNTRY",7.839015169,6.308517239,9.389111582
"3750","Timor-Leste","SEAR","South-East Asia","TLS",2013,626,"COUNTRY",0.759636085,0.380886081,1.302339857
"3751","Timor-Leste","SEAR","South-East Asia","TLS",2022,626,"COUNTRY",0.217205303,0.079089137,0.511348551
"3752","Timor-Leste","SEAR","South-East Asia","TLS",2019,626,"COUNTRY",0.255184243,0.105774016,0.569383149
"3753","Timor-Leste","SEAR","South-East Asia","TLS",2000,626,"COUNTRY",0.446698417,0.186652772,0.88232851
"3754","Timor-Leste","SEAR","South-East Asia","TLS",2020,626,"COUNTRY",0.209625795,0.08856521,0.495563458
"3755","Timor-Leste","SEAR","South-East Asia","TLS",2017,626,"COUNTRY",0.678443502,0.30833879,1.200468963
"3756","Timor-Leste","SEAR","South-East Asia","TLS",2001,626,"COUNTRY",0.446698417,0.186652772,0.88232851
"3757","Timor-Leste","SEAR","South-East Asia","TLS",2008,626,"COUNTRY",0.4441646,0.180889574,0.843644493
"3758","Timor-Leste","SEAR","South-East Asia","TLS",2007,626,"COUNTRY",0.444635722,0.205099201,0.875549534
"3759","Timor-Leste","SEAR","South-East Asia","TLS",2010,626,"COUNTRY",0.519116514,0.238914791,0.945800318
"3760","Timor-Leste","SEAR","South-East Asia","TLS",2009,626,"COUNTRY",0.443689808,0.179774709,0.86042177
"3761","Timor-Leste","SEAR","South-East Asia","TLS",2015,626,"COUNTRY",0.802188067,0.40877033,1.323837108
"3762","Timor-Leste","SEAR","South-East Asia","TLS",2002,626,"COUNTRY",0.446335814,0.182066432,0.831274546
"3763","Timor-Leste","SEAR","South-East Asia","TLS",2011,626,"COUNTRY",0.623259667,0.300492526,1.104898866
"3764","Timor-Leste","SEAR","South-East Asia","TLS",2018,626,"COUNTRY",0.484574723,0.211911294,0.931110663
"3765","Timor-Leste","SEAR","South-East Asia","TLS",2006,626,"COUNTRY",0.445034686,0.197707783,0.883503646
"3766","Timor-Leste","SEAR","South-East Asia","TLS",2005,626,"COUNTRY",0.445390162,0.173176748,0.894557046
"3767","Timor-Leste","SEAR","South-East Asia","TLS",2016,626,"COUNTRY",0.834712937,0.406666015,1.361905438
"3768","Timor-Leste","SEAR","South-East Asia","TLS",2004,626,"COUNTRY",0.445708715,0.204951572,0.905653681
"3769","Timor-Leste","SEAR","South-East Asia","TLS",2012,626,"COUNTRY",0.718859882,0.363527223,1.255986439
"3770","Timor-Leste","SEAR","South-East Asia","TLS",2014,626,"COUNTRY",0.784229119,0.371118016,1.312899732
"3771","Timor-Leste","SEAR","South-East Asia","TLS",2003,626,"COUNTRY",0.446045885,0.202384406,0.87019999
"3772","Timor-Leste","SEAR","South-East Asia","TLS",2021,626,"COUNTRY",0.217205303,0.079089137,0.511348551
"3773","Togo","AFR","Africa","TGO",2020,768,"COUNTRY",1.169490859,0.677048412,1.753075151
"3774","Togo","AFR","Africa","TGO",2016,768,"COUNTRY",1.280040899,0.773239023,1.884377042
"3775","Togo","AFR","Africa","TGO",2003,768,"COUNTRY",1.318069951,0.80586088,1.943161907
"3776","Togo","AFR","Africa","TGO",2013,768,"COUNTRY",1.346238628,0.764228261,1.973006371
"3777","Togo","AFR","Africa","TGO",2017,768,"COUNTRY",1.175548199,0.677999418,1.741655092
"3778","Togo","AFR","Africa","TGO",2002,768,"COUNTRY",1.303737995,0.802637443,1.930897967
"3779","Togo","AFR","Africa","TGO",2015,768,"COUNTRY",1.353971154,0.805033874,1.974917142
"3780","Togo","AFR","Africa","TGO",2005,768,"COUNTRY",1.340224429,0.791967531,1.948988868
"3781","Togo","AFR","Africa","TGO",2011,768,"COUNTRY",1.368479385,0.807114183,1.996262043
"3782","Togo","AFR","Africa","TGO",2012,768,"COUNTRY",1.355045049,0.811560768,2.019274316
"3783","Togo","AFR","Africa","TGO",2007,768,"COUNTRY",1.409932058,0.82369265,2.035608764
"3784","Togo","AFR","Africa","TGO",2018,768,"COUNTRY",1.119099059,0.607441164,1.701213892
"3785","Togo","AFR","Africa","TGO",2008,768,"COUNTRY",1.432098561,0.871608122,2.084296397
"3786","Togo","AFR","Africa","TGO",2014,768,"COUNTRY",1.415905855,0.904846792,2.089791675
"3787","Togo","AFR","Africa","TGO",2004,768,"COUNTRY",1.33316449,0.783210168,1.996172907
"3788","Togo","AFR","Africa","TGO",2001,768,"COUNTRY",1.298251911,0.784090479,1.946466577
"3789","Togo","AFR","Africa","TGO",2022,768,"COUNTRY",1.204791883,0.727256389,1.779369039
"3790","Togo","AFR","Africa","TGO",2010,768,"COUNTRY",1.425667717,0.897720107,2.06880233
"3791","Togo","AFR","Africa","TGO",2019,768,"COUNTRY",1.146352671,0.654784549,1.735095362
"3792","Togo","AFR","Africa","TGO",2021,768,"COUNTRY",1.204791883,0.727256389,1.779369039
"3793","Togo","AFR","Africa","TGO",2009,768,"COUNTRY",1.45639082,0.899077347,2.093600839
"3794","Togo","AFR","Africa","TGO",2000,768,"COUNTRY",1.298251911,0.784090479,1.946466577
"3795","Togo","AFR","Africa","TGO",2006,768,"COUNTRY",1.373497915,0.852676386,2.01643518
"3796","Tonga","WPR","Western Pacific","TON",2003,776,"COUNTRY",1.05585821,0.582838645,1.625662335
"3797","Tonga","WPR","Western Pacific","TON",2015,776,"COUNTRY",0.286305925,0.112181307,0.578076066
"3798","Tonga","WPR","Western Pacific","TON",2007,776,"COUNTRY",1.167194027,0.703774512,1.727013623
"3799","Tonga","WPR","Western Pacific","TON",2002,776,"COUNTRY",1.057167851,0.574560797,1.608276186
"3800","Tonga","WPR","Western Pacific","TON",2019,776,"COUNTRY",0.313481761,0.117110534,0.649612942
"3801","Tonga","WPR","Western Pacific","TON",2005,776,"COUNTRY",1.165970709,0.662651273,1.745018781
"3802","Tonga","WPR","Western Pacific","TON",2008,776,"COUNTRY",0.994624633,0.535346942,1.523571966
"3803","Tonga","WPR","Western Pacific","TON",2016,776,"COUNTRY",0.323253663,0.122561284,0.630048836
"3804","Tonga","WPR","Western Pacific","TON",2006,776,"COUNTRY",1.303359863,0.744321335,1.937337603
"3805","Tonga","WPR","Western Pacific","TON",2000,776,"COUNTRY",0.989573301,0.514267344,1.552915843
"3806","Tonga","WPR","Western Pacific","TON",2001,776,"COUNTRY",0.989573301,0.514267344,1.552915843
"3807","Tonga","WPR","Western Pacific","TON",2012,776,"COUNTRY",0.322766601,0.111965325,0.637798807
"3808","Tonga","WPR","Western Pacific","TON",2018,776,"COUNTRY",0.317024177,0.113234228,0.652079559
"3809","Tonga","WPR","Western Pacific","TON",2010,776,"COUNTRY",0.749639558,0.386151222,1.233691474
"3810","Tonga","WPR","Western Pacific","TON",2009,776,"COUNTRY",0.777939976,0.382515404,1.29074732
"3811","Tonga","WPR","Western Pacific","TON",2020,776,"COUNTRY",0.311696502,0.107483758,0.656446392
"3812","Tonga","WPR","Western Pacific","TON",2011,776,"COUNTRY",0.539100531,0.222435885,0.968440091
"3813","Tonga","WPR","Western Pacific","TON",2004,776,"COUNTRY",1.119447971,0.606786893,1.68561829
"3814","Tonga","WPR","Western Pacific","TON",2013,776,"COUNTRY",0.16640292,0.056124064,0.386186618
"3815","Tonga","WPR","Western Pacific","TON",2017,776,"COUNTRY",0.320561471,0.131259567,0.637414176
"3816","Tonga","WPR","Western Pacific","TON",2014,776,"COUNTRY",0.233474217,0.081902441,0.505959623
"3817","Tonga","WPR","Western Pacific","TON",2021,776,"COUNTRY",0.310730648,0.125787169,0.630272984
"3818","Tonga","WPR","Western Pacific","TON",2022,776,"COUNTRY",0.310730648,0.125787169,0.630272984
"3819","Trinidad and Tobago","AMR","Americas","TTO",2022,780,"COUNTRY",4.768514237,3.719166945,5.936854289
"3820","Trinidad and Tobago","AMR","Americas","TTO",2014,780,"COUNTRY",5.259123155,4.082933659,6.459544004
"3821","Trinidad and Tobago","AMR","Americas","TTO",2013,780,"COUNTRY",5.283414227,4.17265096,6.484005447
"3822","Trinidad and Tobago","AMR","Americas","TTO",2004,780,"COUNTRY",5.107972183,3.909325076,6.408839448
"3823","Trinidad and Tobago","AMR","Americas","TTO",2009,780,"COUNTRY",5.379447971,4.193158063,6.675960918
"3824","Trinidad and Tobago","AMR","Americas","TTO",2019,780,"COUNTRY",4.804604676,3.702188084,5.911409431
"3825","Trinidad and Tobago","AMR","Americas","TTO",2015,780,"COUNTRY",5.166474393,4.010138093,6.418492801
"3826","Trinidad and Tobago","AMR","Americas","TTO",2011,780,"COUNTRY",5.321396106,4.237365609,6.546208962
"3827","Trinidad and Tobago","AMR","Americas","TTO",2016,780,"COUNTRY",5.019368706,3.853532341,6.226879846
"3828","Trinidad and Tobago","AMR","Americas","TTO",2002,780,"COUNTRY",4.650184413,3.570980257,5.943032565
"3829","Trinidad and Tobago","AMR","Americas","TTO",2001,780,"COUNTRY",4.455344707,3.489136108,5.714429597
"3830","Trinidad and Tobago","AMR","Americas","TTO",2012,780,"COUNTRY",5.284382273,4.147152627,6.539182512
"3831","Trinidad and Tobago","AMR","Americas","TTO",2017,780,"COUNTRY",4.878413119,3.745886703,6.098303697
"3832","Trinidad and Tobago","AMR","Americas","TTO",2020,780,"COUNTRY",4.743067717,3.591881789,5.927804611
"3833","Trinidad and Tobago","AMR","Americas","TTO",2018,780,"COUNTRY",4.845465569,3.712977125,5.972662536
"3834","Trinidad and Tobago","AMR","Americas","TTO",2021,780,"COUNTRY",4.768514237,3.719166945,5.936854289
"3835","Trinidad and Tobago","AMR","Americas","TTO",2007,780,"COUNTRY",5.496057595,4.332008576,6.812914729
"3836","Trinidad and Tobago","AMR","Americas","TTO",2006,780,"COUNTRY",5.444211219,4.21930382,6.65597084
"3837","Trinidad and Tobago","AMR","Americas","TTO",2010,780,"COUNTRY",5.324569973,4.182750103,6.564534517
"3838","Trinidad and Tobago","AMR","Americas","TTO",2005,780,"COUNTRY",5.308846525,4.052946069,6.616977808
"3839","Trinidad and Tobago","AMR","Americas","TTO",2003,780,"COUNTRY",4.919806089,3.843690834,6.187079476
"3840","Trinidad and Tobago","AMR","Americas","TTO",2008,780,"COUNTRY",5.439328141,4.196398421,6.772860982
"3841","Trinidad and Tobago","AMR","Americas","TTO",2000,780,"COUNTRY",4.455344707,3.489136108,5.714429597
"3842","Tunisia","EMR","Eastern Mediterranean","TUN",2015,788,"COUNTRY",2.036356676,1.295913243,2.886780316
"3843","Tunisia","EMR","Eastern Mediterranean","TUN",2002,788,"COUNTRY",1.728742943,0.99831542,2.577473627
"3844","Tunisia","EMR","Eastern Mediterranean","TUN",2014,788,"COUNTRY",1.945134924,1.157879486,2.801159945
"3845","Tunisia","EMR","Eastern Mediterranean","TUN",2007,788,"COUNTRY",1.89637668,1.158102003,2.756830647
"3846","Tunisia","EMR","Eastern Mediterranean","TUN",2013,788,"COUNTRY",1.856881183,1.099595002,2.720530199
"3847","Tunisia","EMR","Eastern Mediterranean","TUN",2019,788,"COUNTRY",1.950867205,1.197263345,2.852585154
"3848","Tunisia","EMR","Eastern Mediterranean","TUN",2004,788,"COUNTRY",1.78431136,1.026871095,2.62937177
"3849","Tunisia","EMR","Eastern Mediterranean","TUN",2022,788,"COUNTRY",1.806905424,1.1728595,2.58962926
"3850","Tunisia","EMR","Eastern Mediterranean","TUN",2005,788,"COUNTRY",1.826536717,1.04526539,2.662908977
"3851","Tunisia","EMR","Eastern Mediterranean","TUN",2021,788,"COUNTRY",1.806905424,1.1728595,2.58962926
"3852","Tunisia","EMR","Eastern Mediterranean","TUN",2012,788,"COUNTRY",1.807958528,1.079973695,2.70980517
"3853","Tunisia","EMR","Eastern Mediterranean","TUN",2000,788,"COUNTRY",1.756760923,1.016525535,2.65627855
"3854","Tunisia","EMR","Eastern Mediterranean","TUN",2020,788,"COUNTRY",1.874499124,1.208419903,2.75111501
"3855","Tunisia","EMR","Eastern Mediterranean","TUN",2017,788,"COUNTRY",2.030206101,1.261132687,2.937690408
"3856","Tunisia","EMR","Eastern Mediterranean","TUN",2006,788,"COUNTRY",1.875598263,1.079762861,2.756544547
"3857","Tunisia","EMR","Eastern Mediterranean","TUN",2009,788,"COUNTRY",1.875746529,1.168772871,2.768881984
"3858","Tunisia","EMR","Eastern Mediterranean","TUN",2018,788,"COUNTRY",2.02625282,1.213378863,2.900524145
"3859","Tunisia","EMR","Eastern Mediterranean","TUN",2001,788,"COUNTRY",1.756760923,1.016525535,2.65627855
"3860","Tunisia","EMR","Eastern Mediterranean","TUN",2011,788,"COUNTRY",1.815128638,1.131536939,2.770025191
"3861","Tunisia","EMR","Eastern Mediterranean","TUN",2016,788,"COUNTRY",2.05825656,1.23978332,2.975231862
"3862","Tunisia","EMR","Eastern Mediterranean","TUN",2003,788,"COUNTRY",1.750896989,0.994345662,2.593059753
"3863","Tunisia","EMR","Eastern Mediterranean","TUN",2010,788,"COUNTRY",1.846577839,1.121842421,2.758563062
"3864","Tunisia","EMR","Eastern Mediterranean","TUN",2008,788,"COUNTRY",1.911342282,1.130617182,2.77906874
"3865","Türkiye","EUR","Europe","TUR",2014,792,"COUNTRY",2.16103143,1.362537568,3.12103061
"3866","Türkiye","EUR","Europe","TUR",2015,792,"COUNTRY",2.115709355,1.282671612,3.03764353
"3867","Türkiye","EUR","Europe","TUR",2012,792,"COUNTRY",2.314434435,1.480552972,3.304897341
"3868","Türkiye","EUR","Europe","TUR",2022,792,"COUNTRY",2.196677656,1.400820884,3.085296272
"3869","Türkiye","EUR","Europe","TUR",2000,792,"COUNTRY",2.391801275,1.523081715,3.350739448
"3870","Türkiye","EUR","Europe","TUR",2001,792,"COUNTRY",2.391801275,1.523081715,3.350739448
"3871","Türkiye","EUR","Europe","TUR",2013,792,"COUNTRY",2.26071601,1.494540303,3.23988594
"3872","Türkiye","EUR","Europe","TUR",2005,792,"COUNTRY",2.153267764,1.266076829,3.085791764
"3873","Türkiye","EUR","Europe","TUR",2017,792,"COUNTRY",2.13141284,1.336353019,3.003540314
"3874","Türkiye","EUR","Europe","TUR",2020,792,"COUNTRY",2.075555318,1.289316442,3.053159427
"3875","Türkiye","EUR","Europe","TUR",2011,792,"COUNTRY",2.37168328,1.522492484,3.31422076
"3876","Türkiye","EUR","Europe","TUR",2008,792,"COUNTRY",2.241860354,1.362162471,3.161196783
"3877","Türkiye","EUR","Europe","TUR",2006,792,"COUNTRY",2.096876323,1.313158841,3.039266957
"3878","Türkiye","EUR","Europe","TUR",2021,792,"COUNTRY",2.196677656,1.400820884,3.085296272
"3879","Türkiye","EUR","Europe","TUR",2019,792,"COUNTRY",2.066670701,1.311028445,2.965957724
"3880","Türkiye","EUR","Europe","TUR",2003,792,"COUNTRY",2.314539379,1.445150326,3.294887163
"3881","Türkiye","EUR","Europe","TUR",2007,792,"COUNTRY",2.166437547,1.334289087,3.089723252
"3882","Türkiye","EUR","Europe","TUR",2018,792,"COUNTRY",2.114779381,1.337999966,3.028793973
"3883","Türkiye","EUR","Europe","TUR",2002,792,"COUNTRY",2.34911926,1.457103094,3.322846962
"3884","Türkiye","EUR","Europe","TUR",2010,792,"COUNTRY",2.354950985,1.454170203,3.290863555
"3885","Türkiye","EUR","Europe","TUR",2016,792,"COUNTRY",2.088090438,1.327558413,2.922931681
"3886","Türkiye","EUR","Europe","TUR",2009,792,"COUNTRY",2.32600232,1.455875787,3.365898581
"3887","Türkiye","EUR","Europe","TUR",2004,792,"COUNTRY",2.221905689,1.360956192,3.106085328
"3888","Turkmenistan","EUR","Europe","TKM",2015,795,"COUNTRY",3.259378591,2.364709151,4.251948807
"3889","Turkmenistan","EUR","Europe","TKM",2001,795,"COUNTRY",2.982679748,2.068057631,3.913761473
"3890","Turkmenistan","EUR","Europe","TKM",2010,795,"COUNTRY",2.97377014,2.119194881,3.947368416
"3891","Turkmenistan","EUR","Europe","TKM",2020,795,"COUNTRY",3.010486746,2.110644298,3.944938947
"3892","Turkmenistan","EUR","Europe","TKM",2005,795,"COUNTRY",3.208867521,2.291750205,4.134408894
"3893","Turkmenistan","EUR","Europe","TKM",2016,795,"COUNTRY",3.215418642,2.279055279,4.319085748
"3894","Turkmenistan","EUR","Europe","TKM",2009,795,"COUNTRY",2.936734175,2.078670842,3.853228379
"3895","Turkmenistan","EUR","Europe","TKM",2011,795,"COUNTRY",3.06940056,2.219987745,4.044187861
"3896","Turkmenistan","EUR","Europe","TKM",2003,795,"COUNTRY",3.117911914,2.1715976,4.054038865
"3897","Turkmenistan","EUR","Europe","TKM",2012,795,"COUNTRY",3.173483969,2.324126793,4.148970388
"3898","Turkmenistan","EUR","Europe","TKM",2013,795,"COUNTRY",3.249261466,2.338064371,4.224721138
"3899","Turkmenistan","EUR","Europe","TKM",2014,795,"COUNTRY",3.292790864,2.390675595,4.316444417
"3900","Turkmenistan","EUR","Europe","TKM",2019,795,"COUNTRY",2.987772077,2.016789057,3.9663814
"3901","Turkmenistan","EUR","Europe","TKM",2000,795,"COUNTRY",2.982679748,2.068057631,3.913761473
"3902","Turkmenistan","EUR","Europe","TKM",2021,795,"COUNTRY",3.024170602,2.186969612,4.022209136
"3903","Turkmenistan","EUR","Europe","TKM",2007,795,"COUNTRY",3.058624263,2.171817054,4.003696441
"3904","Turkmenistan","EUR","Europe","TKM",2022,795,"COUNTRY",3.024170602,2.186969612,4.022209136
"3905","Turkmenistan","EUR","Europe","TKM",2017,795,"COUNTRY",3.114548587,2.23680966,4.091636039
"3906","Turkmenistan","EUR","Europe","TKM",2018,795,"COUNTRY",3.058466377,2.095960972,4.046798705
"3907","Turkmenistan","EUR","Europe","TKM",2002,795,"COUNTRY",3.050426618,2.172119719,3.978112335
"3908","Turkmenistan","EUR","Europe","TKM",2004,795,"COUNTRY",3.189156709,2.295075791,4.216896363
"3909","Turkmenistan","EUR","Europe","TKM",2006,795,"COUNTRY",3.159183652,2.218613657,4.157662546
"3910","Turkmenistan","EUR","Europe","TKM",2008,795,"COUNTRY",2.940963093,2.120665624,3.891499209
"3911","Tuvalu","WPR","Western Pacific","TUV",2000,798,"COUNTRY",1.637479938,0.984827106,2.388159475
"3912","Tuvalu","WPR","Western Pacific","TUV",2015,798,"COUNTRY",2.435359816,1.53587804,3.368529254
"3913","Tuvalu","WPR","Western Pacific","TUV",2017,798,"COUNTRY",1.024319369,0.476049716,1.680038467
"3914","Tuvalu","WPR","Western Pacific","TUV",2013,798,"COUNTRY",2.403983559,1.624171713,3.379325063
"3915","Tuvalu","WPR","Western Pacific","TUV",2009,798,"COUNTRY",0.965936954,0.489308826,1.561883428
"3916","Tuvalu","WPR","Western Pacific","TUV",2005,798,"COUNTRY",1.710877305,1.053943843,2.480606305
"3917","Tuvalu","WPR","Western Pacific","TUV",2022,798,"COUNTRY",0.319262048,0.119320291,0.696985377
"3918","Tuvalu","WPR","Western Pacific","TUV",2010,798,"COUNTRY",0.657939002,0.315957912,1.16954208
"3919","Tuvalu","WPR","Western Pacific","TUV",2007,798,"COUNTRY",1.174739147,0.650683987,1.817923635
"3920","Tuvalu","WPR","Western Pacific","TUV",2021,798,"COUNTRY",0.319262048,0.119320291,0.696985377
"3921","Tuvalu","WPR","Western Pacific","TUV",2012,798,"COUNTRY",1.680163153,1.058655639,2.475754503
"3922","Tuvalu","WPR","Western Pacific","TUV",2006,798,"COUNTRY",1.077779521,0.606163958,1.739687996
"3923","Tuvalu","WPR","Western Pacific","TUV",2001,798,"COUNTRY",1.637479938,0.984827106,2.388159475
"3924","Tuvalu","WPR","Western Pacific","TUV",2018,798,"COUNTRY",0.320645331,0.133333831,0.67873443
"3925","Tuvalu","WPR","Western Pacific","TUV",2019,798,"COUNTRY",0.32000594,0.121906178,0.676294777
"3926","Tuvalu","WPR","Western Pacific","TUV",2003,798,"COUNTRY",1.745009827,1.120521847,2.557701342
"3927","Tuvalu","WPR","Western Pacific","TUV",2020,798,"COUNTRY",0.319513896,0.137756082,0.696338722
"3928","Tuvalu","WPR","Western Pacific","TUV",2002,798,"COUNTRY",1.748672168,1.080067076,2.511772211
"3929","Tuvalu","WPR","Western Pacific","TUV",2014,798,"COUNTRY",2.441619746,1.606069207,3.400457863
"3930","Tuvalu","WPR","Western Pacific","TUV",2016,798,"COUNTRY",1.728829065,0.96575709,2.517276837
"3931","Tuvalu","WPR","Western Pacific","TUV",2011,798,"COUNTRY",1.079232016,0.586018041,1.709852752
"3932","Tuvalu","WPR","Western Pacific","TUV",2008,798,"COUNTRY",0.985636284,0.494416552,1.628230106
"3933","Tuvalu","WPR","Western Pacific","TUV",2004,798,"COUNTRY",1.831527524,1.162183057,2.684034753
"3934","Uganda","AFR","Africa","UGA",2001,800,"COUNTRY",8.584506513,6.666244153,10.493210196
"3935","Uganda","AFR","Africa","UGA",2006,800,"COUNTRY",8.761983351,6.826645146,10.787999392
"3936","Uganda","AFR","Africa","UGA",2020,800,"COUNTRY",6.413830284,4.779815175,8.009233597
"3937","Uganda","AFR","Africa","UGA",2021,800,"COUNTRY",6.331816257,4.81080903,7.930810368
"3938","Uganda","AFR","Africa","UGA",2009,800,"COUNTRY",9.04557001,7.145920501,10.923870995
"3939","Uganda","AFR","Africa","UGA",2016,800,"COUNTRY",7.196877328,5.385912222,8.948297651
"3940","Uganda","AFR","Africa","UGA",2015,800,"COUNTRY",7.676945107,5.879085883,9.468211956
"3941","Uganda","AFR","Africa","UGA",2010,800,"COUNTRY",8.980303508,7.008194685,10.803547204
"3942","Uganda","AFR","Africa","UGA",2013,800,"COUNTRY",8.074564769,6.386278291,9.908480615
"3943","Uganda","AFR","Africa","UGA",2017,800,"COUNTRY",6.68710188,5.024665785,8.323783335
"3944","Uganda","AFR","Africa","UGA",2000,800,"COUNTRY",8.584506513,6.666244153,10.493210196
"3945","Uganda","AFR","Africa","UGA",2022,800,"COUNTRY",6.331816257,4.81080903,7.930810368
"3946","Uganda","AFR","Africa","UGA",2014,800,"COUNTRY",8.016345103,6.345306295,9.902990546
"3947","Uganda","AFR","Africa","UGA",2005,800,"COUNTRY",8.659778,6.751814399,10.563956693
"3948","Uganda","AFR","Africa","UGA",2019,800,"COUNTRY",6.503225511,4.753802666,8.170640758
"3949","Uganda","AFR","Africa","UGA",2012,800,"COUNTRY",8.361570299,6.475253941,10.126609561
"3950","Uganda","AFR","Africa","UGA",2004,800,"COUNTRY",8.59454426,6.606308728,10.382761995
"3951","Uganda","AFR","Africa","UGA",2007,800,"COUNTRY",8.881987537,6.894774066,10.790179195
"3952","Uganda","AFR","Africa","UGA",2002,800,"COUNTRY",8.565281796,6.600219915,10.455945586
"3953","Uganda","AFR","Africa","UGA",2011,800,"COUNTRY",8.721723941,6.812418679,10.548632147
"3954","Uganda","AFR","Africa","UGA",2018,800,"COUNTRY",6.564789145,4.878680813,8.187719382
"3955","Uganda","AFR","Africa","UGA",2003,800,"COUNTRY",8.563771431,6.748855767,10.505334278
"3956","Uganda","AFR","Africa","UGA",2008,800,"COUNTRY",8.980147767,6.964955109,10.922922377
"3957","Ukraine","EUR","Europe","UKR",2005,804,"COUNTRY",10.243064975,8.124627694,12.191383458
"3958","Ukraine","EUR","Europe","UKR",2007,804,"COUNTRY",11.65908003,9.582249131,13.631997505
"3959","Ukraine","EUR","Europe","UKR",2001,804,"COUNTRY",10.369598842,8.453695376,12.430479789
"3960","Ukraine","EUR","Europe","UKR",2002,804,"COUNTRY",10.239991269,8.313727854,12.164325029
"3961","Ukraine","EUR","Europe","UKR",2015,804,"COUNTRY",9.842810138,7.909330247,11.874042631
"3962","Ukraine","EUR","Europe","UKR",2018,804,"COUNTRY",8.741794538,6.768178336,10.527538006
"3963","Ukraine","EUR","Europe","UKR",2011,804,"COUNTRY",11.715722623,9.603663946,13.751477265
"3964","Ukraine","EUR","Europe","UKR",2019,804,"COUNTRY",8.994570482,7.208032116,10.832973386
"3965","Ukraine","EUR","Europe","UKR",2021,804,"COUNTRY",7.427703122,5.689423646,9.111869736
"3966","Ukraine","EUR","Europe","UKR",2000,804,"COUNTRY",10.369598842,8.453695376,12.430479789
"3967","Ukraine","EUR","Europe","UKR",2022,804,"COUNTRY",7.427703122,5.689423646,9.111869736
"3968","Ukraine","EUR","Europe","UKR",2013,804,"COUNTRY",11.626264884,9.561012615,13.702961287
"3969","Ukraine","EUR","Europe","UKR",2004,804,"COUNTRY",9.928547947,7.903644918,11.817463555
"3970","Ukraine","EUR","Europe","UKR",2012,804,"COUNTRY",11.98633559,9.900130728,14.034610515
"3971","Ukraine","EUR","Europe","UKR",2008,804,"COUNTRY",12.141760991,10.089120818,14.070576516
"3972","Ukraine","EUR","Europe","UKR",2020,804,"COUNTRY",8.443164312,6.630743981,10.175132803
"3973","Ukraine","EUR","Europe","UKR",2017,804,"COUNTRY",8.759390641,6.962233327,10.580596369
"3974","Ukraine","EUR","Europe","UKR",2010,804,"COUNTRY",11.853518277,9.907432481,13.919939687
"3975","Ukraine","EUR","Europe","UKR",2003,804,"COUNTRY",9.913986314,8.002431712,11.806929136
"3976","Ukraine","EUR","Europe","UKR",2006,804,"COUNTRY",10.874188286,8.760219605,12.836384597
"3977","Ukraine","EUR","Europe","UKR",2014,804,"COUNTRY",10.814088249,8.984270089,12.866153064
"3978","Ukraine","EUR","Europe","UKR",2009,804,"COUNTRY",12.045112538,10.137237394,14.123647904
"3979","Ukraine","EUR","Europe","UKR",2016,804,"COUNTRY",8.986385139,7.300799889,10.887624583
"3980","United Arab Emirates","EMR","Eastern Mediterranean","ARE",2016,784,"COUNTRY",2.138977709,1.378696405,3.024527734
"3981","United Arab Emirates","EMR","Eastern Mediterranean","ARE",2018,784,"COUNTRY",2.959847688,2.040795563,4.05450139
"3982","United Arab Emirates","EMR","Eastern Mediterranean","ARE",2004,784,"COUNTRY",2.885589674,2.010267849,3.926709492
"3983","United Arab Emirates","EMR","Eastern Mediterranean","ARE",2002,784,"COUNTRY",2.923891238,2.045780061,3.948652397
"3984","United Arab Emirates","EMR","Eastern Mediterranean","ARE",2013,784,"COUNTRY",3.239669965,2.351593695,4.292914585
"3985","United Arab Emirates","EMR","Eastern Mediterranean","ARE",2001,784,"COUNTRY",2.947095335,2.047793476,3.940111223
"3986","United Arab Emirates","EMR","Eastern Mediterranean","ARE",2005,784,"COUNTRY",2.863525522,1.942297601,3.891114506
"3987","United Arab Emirates","EMR","Eastern Mediterranean","ARE",2010,784,"COUNTRY",2.97196812,1.979346181,4.017242144
"3988","United Arab Emirates","EMR","Eastern Mediterranean","ARE",2012,784,"COUNTRY",3.22332462,2.295016903,4.379020773
"3989","United Arab Emirates","EMR","Eastern Mediterranean","ARE",2019,784,"COUNTRY",2.022322107,1.208544159,2.966240172
"3990","United Arab Emirates","EMR","Eastern Mediterranean","ARE",2020,784,"COUNTRY",1.290060509,0.489000649,2.189141932
"3991","United Arab Emirates","EMR","Eastern Mediterranean","ARE",2009,784,"COUNTRY",2.97284015,1.950455147,4.025828114
"3992","United Arab Emirates","EMR","Eastern Mediterranean","ARE",2015,784,"COUNTRY",1.973162801,1.242007561,2.817129996
"3993","United Arab Emirates","EMR","Eastern Mediterranean","ARE",2007,784,"COUNTRY",2.894356672,1.982522323,3.941827622
"3994","United Arab Emirates","EMR","Eastern Mediterranean","ARE",2003,784,"COUNTRY",2.893540847,2.001908179,3.967246778
"3995","United Arab Emirates","EMR","Eastern Mediterranean","ARE",2022,784,"COUNTRY",0.815153617,0.125212299,1.561167797
"3996","United Arab Emirates","EMR","Eastern Mediterranean","ARE",2006,784,"COUNTRY",2.860679899,1.865876236,3.964871239
"3997","United Arab Emirates","EMR","Eastern Mediterranean","ARE",2014,784,"COUNTRY",2.72983243,1.90524285,3.696120505
"3998","United Arab Emirates","EMR","Eastern Mediterranean","ARE",2017,784,"COUNTRY",2.712165835,1.898693078,3.680408932
"3999","United Arab Emirates","EMR","Eastern Mediterranean","ARE",2000,784,"COUNTRY",2.947095335,2.047793476,3.940111223
"4000","United Arab Emirates","EMR","Eastern Mediterranean","ARE",2011,784,"COUNTRY",2.984856632,2.02501735,4.084637537
"4001","United Arab Emirates","EMR","Eastern Mediterranean","ARE",2021,784,"COUNTRY",0.815153617,0.125212299,1.561167797
"4002","United Arab Emirates","EMR","Eastern Mediterranean","ARE",2008,784,"COUNTRY",2.93263635,1.906644812,3.98064617
"4003","United Kingdom of Great Britain and Northern Ireland","EUR","Europe","GBR",2013,826,"COUNTRY",10.395644859,8.800967298,12.137948331
"4004","United Kingdom of Great Britain and Northern Ireland","EUR","Europe","GBR",2011,826,"COUNTRY",10.741291365,9.032933323,12.469737693
"4005","United Kingdom of Great Britain and Northern Ireland","EUR","Europe","GBR",2016,826,"COUNTRY",10.588074916,8.915720872,12.53037654
"4006","United Kingdom of Great Britain and Northern Ireland","EUR","Europe","GBR",2010,826,"COUNTRY",10.890057918,9.263003155,12.819309489
"4007","United Kingdom of Great Britain and Northern Ireland","EUR","Europe","GBR",2022,826,"COUNTRY",10.855462138,9.203427156,12.558983084
"4008","United Kingdom of Great Britain and Northern Ireland","EUR","Europe","GBR",2008,826,"COUNTRY",11.476193842,9.583304826,13.297079818
"4009","United Kingdom of Great Britain and Northern Ireland","EUR","Europe","GBR",2001,826,"COUNTRY",12.065276275,10.337864332,13.935629391
"4010","United Kingdom of Great Britain and Northern Ireland","EUR","Europe","GBR",2004,826,"COUNTRY",12.249358782,10.433723599,14.004913378
"4011","United Kingdom of Great Britain and Northern Ireland","EUR","Europe","GBR",2009,826,"COUNTRY",11.158688195,9.414747117,12.956241338
"4012","United Kingdom of Great Britain and Northern Ireland","EUR","Europe","GBR",2019,826,"COUNTRY",10.738068579,9.118426837,12.450972599
"4013","United Kingdom of Great Britain and Northern Ireland","EUR","Europe","GBR",2015,826,"COUNTRY",10.459459145,8.769133706,12.243504743
"4014","United Kingdom of Great Britain and Northern Ireland","EUR","Europe","GBR",2003,826,"COUNTRY",12.250592597,10.473473917,14.084747481
"4015","United Kingdom of Great Britain and Northern Ireland","EUR","Europe","GBR",2002,826,"COUNTRY",12.188136714,10.216458648,14.072087914
"4016","United Kingdom of Great Britain and Northern Ireland","EUR","Europe","GBR",2017,826,"COUNTRY",10.711757094,9.04754868,12.421727393
"4017","United Kingdom of Great Britain and Northern Ireland","EUR","Europe","GBR",2021,826,"COUNTRY",10.855462138,9.203427156,12.558983084
"4018","United Kingdom of Great Britain and Northern Ireland","EUR","Europe","GBR",2006,826,"COUNTRY",11.973443749,10.21440538,13.65402475
"4019","United Kingdom of Great Britain and Northern Ireland","EUR","Europe","GBR",2020,826,"COUNTRY",10.790148526,9.032367724,12.59406672
"4020","United Kingdom of Great Britain and Northern Ireland","EUR","Europe","GBR",2018,826,"COUNTRY",10.767510251,9.092550141,12.505304691
"4021","United Kingdom of Great Britain and Northern Ireland","EUR","Europe","GBR",2012,826,"COUNTRY",10.532476012,8.995122738,12.339392769
"4022","United Kingdom of Great Britain and Northern Ireland","EUR","Europe","GBR",2000,826,"COUNTRY",12.065276275,10.337864332,13.935629391
"4023","United Kingdom of Great Britain and Northern Ireland","EUR","Europe","GBR",2014,826,"COUNTRY",10.388858635,8.725429816,12.132776937
"4024","United Kingdom of Great Britain and Northern Ireland","EUR","Europe","GBR",2005,826,"COUNTRY",12.130165376,10.309433948,13.92245926
"4025","United Kingdom of Great Britain and Northern Ireland","EUR","Europe","GBR",2007,826,"COUNTRY",11.755582099,9.982565804,13.480383278
"4026","United Republic of Tanzania","AFR","Africa","TZA",2007,834,"COUNTRY",6.395542524,4.801501098,8.118278056
"4027","United Republic of Tanzania","AFR","Africa","TZA",2018,834,"COUNTRY",5.05020724,3.614738961,6.608924817
"4028","United Republic of Tanzania","AFR","Africa","TZA",2009,834,"COUNTRY",6.429181345,4.755334092,8.124228029
"4029","United Republic of Tanzania","AFR","Africa","TZA",2016,834,"COUNTRY",5.717819858,4.184010872,7.241529947
"4030","United Republic of Tanzania","AFR","Africa","TZA",2020,834,"COUNTRY",5.452644146,3.978062555,6.979067826
"4031","United Republic of Tanzania","AFR","Africa","TZA",2017,834,"COUNTRY",5.212794595,3.743631699,6.672504839
"4032","United Republic of Tanzania","AFR","Africa","TZA",2005,834,"COUNTRY",6.268227208,4.664864573,7.994241097
"4033","United Republic of Tanzania","AFR","Africa","TZA",2012,834,"COUNTRY",6.023787997,4.449687421,7.67626608
"4034","United Republic of Tanzania","AFR","Africa","TZA",2019,834,"COUNTRY",5.210203527,3.687356754,6.580618942
"4035","United Republic of Tanzania","AFR","Africa","TZA",2011,834,"COUNTRY",6.218479961,4.667693313,7.900557086
"4036","United Republic of Tanzania","AFR","Africa","TZA",2015,834,"COUNTRY",6.118246768,4.581568711,7.727451392
"4037","United Republic of Tanzania","AFR","Africa","TZA",2002,834,"COUNTRY",6.188473976,4.603322286,7.800679325
"4038","United Republic of Tanzania","AFR","Africa","TZA",2000,834,"COUNTRY",6.191676597,4.474095706,7.824754597
"4039","United Republic of Tanzania","AFR","Africa","TZA",2006,834,"COUNTRY",6.33764624,4.767622888,8.109324323
"4040","United Republic of Tanzania","AFR","Africa","TZA",2021,834,"COUNTRY",5.555841248,3.982924104,7.127845134
"4041","United Republic of Tanzania","AFR","Africa","TZA",2014,834,"COUNTRY",6.158985852,4.643019144,7.72516659
"4042","United Republic of Tanzania","AFR","Africa","TZA",2008,834,"COUNTRY",6.425019792,4.788289629,8.080154362
"4043","United Republic of Tanzania","AFR","Africa","TZA",2013,834,"COUNTRY",6.070410024,4.457261204,7.640518093
"4044","United Republic of Tanzania","AFR","Africa","TZA",2004,834,"COUNTRY",6.223816887,4.495146114,7.695943217
"4045","United Republic of Tanzania","AFR","Africa","TZA",2003,834,"COUNTRY",6.193096354,4.597536293,7.822951322
"4046","United Republic of Tanzania","AFR","Africa","TZA",2001,834,"COUNTRY",6.191676597,4.474095706,7.824754597
"4047","United Republic of Tanzania","AFR","Africa","TZA",2010,834,"COUNTRY",6.342599105,4.769288873,8.021500283
"4048","United Republic of Tanzania","AFR","Africa","TZA",2022,834,"COUNTRY",5.555841248,3.982924104,7.127845134
"4049","United States of America","AMR","Americas","USA",2002,840,"COUNTRY",8.875940274,7.389816371,10.363194808
"4050","United States of America","AMR","Americas","USA",2013,840,"COUNTRY",9.263541706,7.725474941,10.736558875
"4051","United States of America","AMR","Americas","USA",2003,840,"COUNTRY",8.941550451,7.45719605,10.597415153
"4052","United States of America","AMR","Americas","USA",2012,840,"COUNTRY",9.223427496,7.779236873,10.991846958
"4053","United States of America","AMR","Americas","USA",2019,840,"COUNTRY",9.474173488,7.864872277,11.019397394
"4054","United States of America","AMR","Americas","USA",2008,840,"COUNTRY",9.201618992,7.762676616,10.819746442
"4055","United States of America","AMR","Americas","USA",2018,840,"COUNTRY",9.346060521,7.754720432,10.919443344
"4056","United States of America","AMR","Americas","USA",2022,840,"COUNTRY",9.810645103,8.183622182,11.371875279
"4057","United States of America","AMR","Americas","USA",2011,840,"COUNTRY",9.144425885,7.681864912,10.867837051
"4058","United States of America","AMR","Americas","USA",2004,840,"COUNTRY",9.002799352,7.491969641,10.630619078
"4059","United States of America","AMR","Americas","USA",2014,840,"COUNTRY",9.244448951,7.576099768,10.795129509
"4060","United States of America","AMR","Americas","USA",2001,840,"COUNTRY",8.81348576,7.393162678,10.360513159
"4061","United States of America","AMR","Americas","USA",2007,840,"COUNTRY",9.193757404,7.504198278,10.841655431
"4062","United States of America","AMR","Americas","USA",2006,840,"COUNTRY",9.141603958,7.500374369,10.755909274
"4063","United States of America","AMR","Americas","USA",2016,840,"COUNTRY",9.287322994,7.721712043,10.952757036
"4064","United States of America","AMR","Americas","USA",2009,840,"COUNTRY",9.132406948,7.617198005,10.760902217
"4065","United States of America","AMR","Americas","USA",2005,840,"COUNTRY",9.062188532,7.448852615,10.711301154
"4066","United States of America","AMR","Americas","USA",2000,840,"COUNTRY",8.81348576,7.393162678,10.360513159
"4067","United States of America","AMR","Americas","USA",2020,840,"COUNTRY",9.66008731,8.129514342,11.155367836
"4068","United States of America","AMR","Americas","USA",2010,840,"COUNTRY",9.103503477,7.528200589,10.727554936
"4069","United States of America","AMR","Americas","USA",2017,840,"COUNTRY",9.32856033,7.756188589,10.950349229
"4070","United States of America","AMR","Americas","USA",2021,840,"COUNTRY",9.810645103,8.183622182,11.371875279
"4071","United States of America","AMR","Americas","USA",2015,840,"COUNTRY",9.264855197,7.638751038,10.974971843
"4072","Uruguay","AMR","Americas","URY",2013,858,"COUNTRY",6.590952685,5.263133287,7.922332571
"4073","Uruguay","AMR","Americas","URY",2022,858,"COUNTRY",6.163094346,4.927127617,7.527780402
"4074","Uruguay","AMR","Americas","URY",2016,858,"COUNTRY",6.338142326,5.059076838,7.703937834
"4075","Uruguay","AMR","Americas","URY",2006,858,"COUNTRY",6.959475571,5.633580864,8.466828982
"4076","Uruguay","AMR","Americas","URY",2002,858,"COUNTRY",6.758187854,5.405032807,8.145947563
"4077","Uruguay","AMR","Americas","URY",2008,858,"COUNTRY",7.0584826,5.707364098,8.488227323
"4078","Uruguay","AMR","Americas","URY",2003,858,"COUNTRY",6.397269216,5.178819755,7.706503643
"4079","Uruguay","AMR","Americas","URY",2004,858,"COUNTRY",6.412622046,5.186963611,7.828844305
"4080","Uruguay","AMR","Americas","URY",2018,858,"COUNTRY",6.13674477,4.863743119,7.44657687
"4081","Uruguay","AMR","Americas","URY",2012,858,"COUNTRY",6.555333096,5.290360133,7.893490828
"4082","Uruguay","AMR","Americas","URY",2021,858,"COUNTRY",6.163094346,4.927127617,7.527780402
"4083","Uruguay","AMR","Americas","URY",2005,858,"COUNTRY",6.745166667,5.435462967,8.185200577
"4084","Uruguay","AMR","Americas","URY",2019,858,"COUNTRY",6.138148469,4.846660063,7.430486826
"4085","Uruguay","AMR","Americas","URY",2014,858,"COUNTRY",6.640571606,5.295903192,7.971271506
"4086","Uruguay","AMR","Americas","URY",2020,858,"COUNTRY",6.191024494,4.965404599,7.499496784
"4087","Uruguay","AMR","Americas","URY",2001,858,"COUNTRY",7.345164009,6.104333837,8.821370371
"4088","Uruguay","AMR","Americas","URY",2007,858,"COUNTRY",7.069244693,5.764717218,8.551966608
"4089","Uruguay","AMR","Americas","URY",2010,858,"COUNTRY",6.749180745,5.453682945,8.140553241
"4090","Uruguay","AMR","Americas","URY",2000,858,"COUNTRY",7.345164009,6.104333837,8.821370371
"4091","Uruguay","AMR","Americas","URY",2009,858,"COUNTRY",6.902790151,5.576696758,8.384446891
"4092","Uruguay","AMR","Americas","URY",2015,858,"COUNTRY",6.513755565,5.189817168,7.864155485
"4093","Uruguay","AMR","Americas","URY",2011,858,"COUNTRY",6.580300035,5.246123905,7.91998874
"4094","Uruguay","AMR","Americas","URY",2017,858,"COUNTRY",6.190681529,4.895631999,7.483978336
"4095","Uzbekistan","EUR","Europe","UZB",2008,860,"COUNTRY",1.927206123,1.25789518,2.740279069
"4096","Uzbekistan","EUR","Europe","UZB",2004,860,"COUNTRY",1.714928569,1.051647158,2.47031319
"4097","Uzbekistan","EUR","Europe","UZB",2022,860,"COUNTRY",2.062959639,1.353736551,2.820037961
"4098","Uzbekistan","EUR","Europe","UZB",2001,860,"COUNTRY",1.534496855,0.893278492,2.237852613
"4099","Uzbekistan","EUR","Europe","UZB",2013,860,"COUNTRY",2.331445224,1.564833443,3.274863723
"4100","Uzbekistan","EUR","Europe","UZB",2010,860,"COUNTRY",1.932079024,1.211124174,2.691608055
"4101","Uzbekistan","EUR","Europe","UZB",2019,860,"COUNTRY",2.486750285,1.693295085,3.343427151
"4102","Uzbekistan","EUR","Europe","UZB",2007,860,"COUNTRY",1.915331618,1.234203012,2.752729124
"4103","Uzbekistan","EUR","Europe","UZB",2012,860,"COUNTRY",2.067410051,1.343434373,2.907859115
"4104","Uzbekistan","EUR","Europe","UZB",2016,860,"COUNTRY",2.803471218,1.959007821,3.767018151
"4105","Uzbekistan","EUR","Europe","UZB",2020,860,"COUNTRY",2.300068253,1.549226055,3.124316401
"4106","Uzbekistan","EUR","Europe","UZB",2006,860,"COUNTRY",1.912407982,1.284541948,2.667721218
"4107","Uzbekistan","EUR","Europe","UZB",2005,860,"COUNTRY",1.80606342,1.080976395,2.567993461
"4108","Uzbekistan","EUR","Europe","UZB",2021,860,"COUNTRY",2.062959639,1.353736551,2.820037961
"4109","Uzbekistan","EUR","Europe","UZB",2018,860,"COUNTRY",2.767707638,1.935720718,3.634970528
"4110","Uzbekistan","EUR","Europe","UZB",2009,860,"COUNTRY",1.894699889,1.189339003,2.711213958
"4111","Uzbekistan","EUR","Europe","UZB",2003,860,"COUNTRY",1.644813131,0.992394685,2.375985728
"4112","Uzbekistan","EUR","Europe","UZB",2017,860,"COUNTRY",2.755195578,1.942709764,3.611217287
"4113","Uzbekistan","EUR","Europe","UZB",2000,860,"COUNTRY",1.534496855,0.893278492,2.237852613
"4114","Uzbekistan","EUR","Europe","UZB",2002,860,"COUNTRY",1.587125314,0.942899607,2.324959254
"4115","Uzbekistan","EUR","Europe","UZB",2011,860,"COUNTRY",1.998144936,1.311340063,2.804715676
"4116","Uzbekistan","EUR","Europe","UZB",2015,860,"COUNTRY",2.700200144,1.920934996,3.611164263
"4117","Uzbekistan","EUR","Europe","UZB",2014,860,"COUNTRY",2.547099927,1.778531697,3.495617785
"4118","Vanuatu","WPR","Western Pacific","VUT",2000,548,"COUNTRY",1.590639519,0.895446075,2.405495373
"4119","Vanuatu","WPR","Western Pacific","VUT",2016,548,"COUNTRY",2.371252014,1.508605732,3.326889905
"4120","Vanuatu","WPR","Western Pacific","VUT",2003,548,"COUNTRY",1.58840854,0.952722963,2.355242688
"4121","Vanuatu","WPR","Western Pacific","VUT",2005,548,"COUNTRY",1.580997758,0.895518059,2.358873737
"4122","Vanuatu","WPR","Western Pacific","VUT",2012,548,"COUNTRY",1.90090818,1.184165089,2.761544392
"4123","Vanuatu","WPR","Western Pacific","VUT",2008,548,"COUNTRY",1.551658999,0.905116097,2.345505565
"4124","Vanuatu","WPR","Western Pacific","VUT",2002,548,"COUNTRY",1.590189678,0.948918506,2.412829767
"4125","Vanuatu","WPR","Western Pacific","VUT",2015,548,"COUNTRY",2.086377815,1.286515324,2.987146664
"4126","Vanuatu","WPR","Western Pacific","VUT",2009,548,"COUNTRY",1.541562991,0.842212116,2.319209334
"4127","Vanuatu","WPR","Western Pacific","VUT",2018,548,"COUNTRY",2.759794168,1.784329397,3.770209827
"4128","Vanuatu","WPR","Western Pacific","VUT",2011,548,"COUNTRY",1.840548237,1.135226159,2.640483264
"4129","Vanuatu","WPR","Western Pacific","VUT",2020,548,"COUNTRY",2.240247824,1.371944804,3.109470441
"4130","Vanuatu","WPR","Western Pacific","VUT",2017,548,"COUNTRY",2.544637165,1.622163987,3.536877931
"4131","Vanuatu","WPR","Western Pacific","VUT",2013,548,"COUNTRY",1.937729368,1.21448069,2.882610899
"4132","Vanuatu","WPR","Western Pacific","VUT",2019,548,"COUNTRY",2.369050698,1.480834267,3.323550492
"4133","Vanuatu","WPR","Western Pacific","VUT",2010,548,"COUNTRY",1.720221675,1.00590124,2.47889012
"4134","Vanuatu","WPR","Western Pacific","VUT",2007,548,"COUNTRY",1.564093276,0.910653126,2.295983025
"4135","Vanuatu","WPR","Western Pacific","VUT",2022,548,"COUNTRY",1.893773141,1.115812447,2.669705556
"4136","Vanuatu","WPR","Western Pacific","VUT",2001,548,"COUNTRY",1.590639519,0.895446075,2.405495373
"4137","Vanuatu","WPR","Western Pacific","VUT",2014,548,"COUNTRY",1.893345715,1.180118855,2.816520304
"4138","Vanuatu","WPR","Western Pacific","VUT",2006,548,"COUNTRY",1.574697581,0.930779738,2.320453319
"4139","Vanuatu","WPR","Western Pacific","VUT",2004,548,"COUNTRY",1.584122298,0.881943631,2.340966944
"4140","Vanuatu","WPR","Western Pacific","VUT",2021,548,"COUNTRY",1.893773141,1.115812447,2.669705556
"4141","Venezuela (Bolivarian Republic of)","AMR","Americas","VEN",2022,862,"COUNTRY",2.339490136,1.596905159,3.214694351
"4142","Venezuela (Bolivarian Republic of)","AMR","Americas","VEN",2014,862,"COUNTRY",7.059387233,5.645125019,8.541712624
"4143","Venezuela (Bolivarian Republic of)","AMR","Americas","VEN",2001,862,"COUNTRY",8.240532577,6.775055309,9.779506598
"4144","Venezuela (Bolivarian Republic of)","AMR","Americas","VEN",2013,862,"COUNTRY",7.286315112,5.949031887,8.82826215
"4145","Venezuela (Bolivarian Republic of)","AMR","Americas","VEN",2010,862,"COUNTRY",7.849564748,6.431587118,9.310907888
"4146","Venezuela (Bolivarian Republic of)","AMR","Americas","VEN",2003,862,"COUNTRY",7.523177771,6.166847192,8.955439245
"4147","Venezuela (Bolivarian Republic of)","AMR","Americas","VEN",2008,862,"COUNTRY",8.801815618,7.305707388,10.358876389
"4148","Venezuela (Bolivarian Republic of)","AMR","Americas","VEN",2015,862,"COUNTRY",6.09310708,4.894424426,7.457504854
"4149","Venezuela (Bolivarian Republic of)","AMR","Americas","VEN",2004,862,"COUNTRY",7.858687127,6.302381934,9.349905953
"4150","Venezuela (Bolivarian Republic of)","AMR","Americas","VEN",2020,862,"COUNTRY",2.32042947,1.641153668,3.212710258
"4151","Venezuela (Bolivarian Republic of)","AMR","Americas","VEN",2009,862,"COUNTRY",8.327393618,6.859727028,9.756969316
"4152","Venezuela (Bolivarian Republic of)","AMR","Americas","VEN",2005,862,"COUNTRY",8.503414239,6.924655358,9.998566845
"4153","Venezuela (Bolivarian Republic of)","AMR","Americas","VEN",2000,862,"COUNTRY",8.240532577,6.775055309,9.779506598
"4154","Venezuela (Bolivarian Republic of)","AMR","Americas","VEN",2012,862,"COUNTRY",7.384090578,6.101520535,8.902439754
"4155","Venezuela (Bolivarian Republic of)","AMR","Americas","VEN",2006,862,"COUNTRY",8.89311429,7.309303226,10.530952869
"4156","Venezuela (Bolivarian Republic of)","AMR","Americas","VEN",2019,862,"COUNTRY",2.513932202,1.689655523,3.392602016
"4157","Venezuela (Bolivarian Republic of)","AMR","Americas","VEN",2017,862,"COUNTRY",3.716810086,2.79607788,4.827652383
"4158","Venezuela (Bolivarian Republic of)","AMR","Americas","VEN",2021,862,"COUNTRY",2.339490136,1.596905159,3.214694351
"4159","Venezuela (Bolivarian Republic of)","AMR","Americas","VEN",2002,862,"COUNTRY",7.679166438,6.325992512,9.270550203
"4160","Venezuela (Bolivarian Republic of)","AMR","Americas","VEN",2007,862,"COUNTRY",9.002577196,7.4421438,10.648848473
"4161","Venezuela (Bolivarian Republic of)","AMR","Americas","VEN",2018,862,"COUNTRY",3.052688527,2.140612448,4.032408735
"4162","Venezuela (Bolivarian Republic of)","AMR","Americas","VEN",2011,862,"COUNTRY",7.555110844,6.178846348,9.024439023
"4163","Venezuela (Bolivarian Republic of)","AMR","Americas","VEN",2016,862,"COUNTRY",4.949348512,3.788881574,6.116478579
"4164","Viet Nam","WPR","Western Pacific","VNM",2011,704,"COUNTRY",9.647484071,7.366249832,11.982761397
"4165","Viet Nam","WPR","Western Pacific","VNM",2002,704,"COUNTRY",4.325667115,2.674226245,5.900929066
"4166","Viet Nam","WPR","Western Pacific","VNM",2018,704,"COUNTRY",11.189740788,8.828225152,13.525354402
"4167","Viet Nam","WPR","Western Pacific","VNM",2006,704,"COUNTRY",6.415784168,4.508562206,8.433798516
"4168","Viet Nam","WPR","Western Pacific","VNM",2001,704,"COUNTRY",4.046238584,2.530641503,5.612042017
"4169","Viet Nam","WPR","Western Pacific","VNM",2008,704,"COUNTRY",7.708675422,5.645222234,9.687504077
"4170","Viet Nam","WPR","Western Pacific","VNM",2013,704,"COUNTRY",10.15291779,7.911419344,12.431232167
"4171","Viet Nam","WPR","Western Pacific","VNM",2019,704,"COUNTRY",10.923838488,8.542977326,13.413518727
"4172","Viet Nam","WPR","Western Pacific","VNM",2021,704,"COUNTRY",10.715407922,8.348656333,12.912720596
"4173","Viet Nam","WPR","Western Pacific","VNM",2020,704,"COUNTRY",10.568294027,8.255369072,12.887936993
"4174","Viet Nam","WPR","Western Pacific","VNM",2012,704,"COUNTRY",9.985842631,7.788830581,12.322584751
"4175","Viet Nam","WPR","Western Pacific","VNM",2000,704,"COUNTRY",4.046238584,2.530641503,5.612042017
"4176","Viet Nam","WPR","Western Pacific","VNM",2016,704,"COUNTRY",11.076439619,8.678079049,13.521979738
"4177","Viet Nam","WPR","Western Pacific","VNM",2022,704,"COUNTRY",10.715407922,8.348656333,12.912720596
"4178","Viet Nam","WPR","Western Pacific","VNM",2017,704,"COUNTRY",11.208362346,8.911802372,13.572664148
"4179","Viet Nam","WPR","Western Pacific","VNM",2014,704,"COUNTRY",10.399599829,8.134154812,12.718221604
"4180","Viet Nam","WPR","Western Pacific","VNM",2007,704,"COUNTRY",7.064042557,5.054799284,9.025442049
"4181","Viet Nam","WPR","Western Pacific","VNM",2003,704,"COUNTRY",4.84256056,3.022145784,6.528260804
"4182","Viet Nam","WPR","Western Pacific","VNM",2015,704,"COUNTRY",10.713693503,8.226190129,13.239279739
"4183","Viet Nam","WPR","Western Pacific","VNM",2005,704,"COUNTRY",5.933136157,4.119581572,7.828204872
"4184","Viet Nam","WPR","Western Pacific","VNM",2004,704,"COUNTRY",5.366189533,3.598924459,7.261604432
"4185","Viet Nam","WPR","Western Pacific","VNM",2010,704,"COUNTRY",9.104753124,6.866023416,11.097268444
"4186","Viet Nam","WPR","Western Pacific","VNM",2009,704,"COUNTRY",8.440982477,6.144502697,10.479161596
"4187","Yemen","EMR","Eastern Mediterranean","YEM",2007,887,"COUNTRY",0,0,0
"4188","Yemen","EMR","Eastern Mediterranean","YEM",2022,887,"COUNTRY",0.00014814,0,0.009939287
"4189","Yemen","EMR","Eastern Mediterranean","YEM",2008,887,"COUNTRY",0,0,0
"4190","Yemen","EMR","Eastern Mediterranean","YEM",2013,887,"COUNTRY",0.002681533,0,0.044146206
"4191","Yemen","EMR","Eastern Mediterranean","YEM",2003,887,"COUNTRY",0,0,0
"4192","Yemen","EMR","Eastern Mediterranean","YEM",2010,887,"COUNTRY",0.001135816,0,0.027769142
"4193","Yemen","EMR","Eastern Mediterranean","YEM",2015,887,"COUNTRY",0.003217855,0,0.052556276
"4194","Yemen","EMR","Eastern Mediterranean","YEM",2011,887,"COUNTRY",0.002068294,0,0.040720609
"4195","Yemen","EMR","Eastern Mediterranean","YEM",2001,887,"COUNTRY",0,0,0
"4196","Yemen","EMR","Eastern Mediterranean","YEM",2002,887,"COUNTRY",0,0,0
"4197","Yemen","EMR","Eastern Mediterranean","YEM",2005,887,"COUNTRY",0,0,0
"4198","Yemen","EMR","Eastern Mediterranean","YEM",2006,887,"COUNTRY",0,0,0
"4199","Yemen","EMR","Eastern Mediterranean","YEM",2014,887,"COUNTRY",0.003928189,0,0.057647216
"4200","Yemen","EMR","Eastern Mediterranean","YEM",2020,887,"COUNTRY",0.00014814,0,0.009939287
"4201","Yemen","EMR","Eastern Mediterranean","YEM",2016,887,"COUNTRY",0.002851905,0,0.046606661
"4202","Yemen","EMR","Eastern Mediterranean","YEM",2019,887,"COUNTRY",0.000439002,0,0.016330664
"4203","Yemen","EMR","Eastern Mediterranean","YEM",2017,887,"COUNTRY",0.000963633,0,0.026733958
"4204","Yemen","EMR","Eastern Mediterranean","YEM",2018,887,"COUNTRY",0.000617547,0,0.020682749
"4205","Yemen","EMR","Eastern Mediterranean","YEM",2004,887,"COUNTRY",0,0,0
"4206","Yemen","EMR","Eastern Mediterranean","YEM",2009,887,"COUNTRY",0,0,0
"4207","Yemen","EMR","Eastern Mediterranean","YEM",2012,887,"COUNTRY",0.003124714,0,0.047639678
"4208","Yemen","EMR","Eastern Mediterranean","YEM",2000,887,"COUNTRY",0,0,0
"4209","Yemen","EMR","Eastern Mediterranean","YEM",2021,887,"COUNTRY",0.00014814,0,0.009939287
"4210","Zambia","AFR","Africa","ZMB",2006,894,"COUNTRY",3.078126579,2.191789322,4.039928992
"4211","Zambia","AFR","Africa","ZMB",2001,894,"COUNTRY",3.127675064,2.187641906,4.197705931
"4212","Zambia","AFR","Africa","ZMB",2003,894,"COUNTRY",3.076764175,2.220117471,4.063887197
"4213","Zambia","AFR","Africa","ZMB",2021,894,"COUNTRY",3.612537566,2.663423164,4.773336619
"4214","Zambia","AFR","Africa","ZMB",2009,894,"COUNTRY",3.281628954,2.219587286,4.300563953
"4215","Zambia","AFR","Africa","ZMB",2017,894,"COUNTRY",3.713727433,2.674440865,4.749487279
"4216","Zambia","AFR","Africa","ZMB",2005,894,"COUNTRY",3.02767906,2.191156036,4.104850019
"4217","Zambia","AFR","Africa","ZMB",2015,894,"COUNTRY",3.632648694,2.585902587,4.633082371
"4218","Zambia","AFR","Africa","ZMB",2007,894,"COUNTRY",3.15779298,2.224612605,4.208129046
"4219","Zambia","AFR","Africa","ZMB",2010,894,"COUNTRY",3.270478882,2.289373963,4.289939079
"4220","Zambia","AFR","Africa","ZMB",2002,894,"COUNTRY",3.102502288,2.235303319,4.122199705
"4221","Zambia","AFR","Africa","ZMB",2014,894,"COUNTRY",3.587188727,2.635893313,4.649509285
"4222","Zambia","AFR","Africa","ZMB",2020,894,"COUNTRY",3.55805109,2.613385592,4.625505191
"4223","Zambia","AFR","Africa","ZMB",2004,894,"COUNTRY",3.044774837,2.166663573,4.068405741
"4224","Zambia","AFR","Africa","ZMB",2008,894,"COUNTRY",3.228012599,2.298322307,4.224469609
"4225","Zambia","AFR","Africa","ZMB",2018,894,"COUNTRY",3.630488953,2.667803062,4.782232865
"4226","Zambia","AFR","Africa","ZMB",2000,894,"COUNTRY",3.127675064,2.187641906,4.197705931
"4227","Zambia","AFR","Africa","ZMB",2016,894,"COUNTRY",3.649418282,2.62122049,4.708431639
"4228","Zambia","AFR","Africa","ZMB",2019,894,"COUNTRY",3.617276737,2.598721628,4.727727798
"4229","Zambia","AFR","Africa","ZMB",2022,894,"COUNTRY",3.612537566,2.663423164,4.773336619
"4230","Zambia","AFR","Africa","ZMB",2011,894,"COUNTRY",3.29593001,2.355819549,4.352768631
"4231","Zambia","AFR","Africa","ZMB",2012,894,"COUNTRY",3.32709907,2.390055971,4.392524479
"4232","Zambia","AFR","Africa","ZMB",2013,894,"COUNTRY",3.492191596,2.59147441,4.530248692
"4233","Zimbabwe","AFR","Africa","ZWE",2011,716,"COUNTRY",6.711847376,5.206928991,8.144510673
"4234","Zimbabwe","AFR","Africa","ZWE",2018,716,"COUNTRY",6.090107224,4.75123953,7.51263635
"4235","Zimbabwe","AFR","Africa","ZWE",2001,716,"COUNTRY",6.276469557,4.900163909,7.755735884
"4236","Zimbabwe","AFR","Africa","ZWE",2009,716,"COUNTRY",6.57478943,5.254538427,8.020090849
"4237","Zimbabwe","AFR","Africa","ZWE",2006,716,"COUNTRY",6.419756033,4.934236557,7.819829719
"4238","Zimbabwe","AFR","Africa","ZWE",2007,716,"COUNTRY",6.602744761,5.14632838,8.133459698
"4239","Zimbabwe","AFR","Africa","ZWE",2020,716,"COUNTRY",5.559376179,4.318913215,6.892577486
"4240","Zimbabwe","AFR","Africa","ZWE",2005,716,"COUNTRY",6.512137735,5.164037197,7.949119948
"4241","Zimbabwe","AFR","Africa","ZWE",2010,716,"COUNTRY",6.47303568,5.031271807,7.935274881
"4242","Zimbabwe","AFR","Africa","ZWE",2012,716,"COUNTRY",7.022947974,5.622669598,8.490860274
"4243","Zimbabwe","AFR","Africa","ZWE",2004,716,"COUNTRY",6.434008833,4.937899092,7.903590551
"4244","Zimbabwe","AFR","Africa","ZWE",2003,716,"COUNTRY",6.500151313,5.112128913,7.960938726
"4245","Zimbabwe","AFR","Africa","ZWE",2000,716,"COUNTRY",6.276469557,4.900163909,7.755735884
"4246","Zimbabwe","AFR","Africa","ZWE",2013,716,"COUNTRY",7.058846079,5.549725745,8.56848237
"4247","Zimbabwe","AFR","Africa","ZWE",2008,716,"COUNTRY",6.605612167,5.108092944,7.995315279
"4248","Zimbabwe","AFR","Africa","ZWE",2021,716,"COUNTRY",5.431140166,4.009488762,6.774147105
"4249","Zimbabwe","AFR","Africa","ZWE",2019,716,"COUNTRY",5.860820138,4.4851123,7.338824225
"4250","Zimbabwe","AFR","Africa","ZWE",2022,716,"COUNTRY",5.431140166,4.009488762,6.774147105
"4251","Zimbabwe","AFR","Africa","ZWE",2014,716,"COUNTRY",6.818911306,5.264650507,8.358065361
"4252","Zimbabwe","AFR","Africa","ZWE",2017,716,"COUNTRY",6.076038688,4.737146688,7.564602641
"4253","Zimbabwe","AFR","Africa","ZWE",2016,716,"COUNTRY",6.20479363,4.737161978,7.604583344
"4254","Zimbabwe","AFR","Africa","ZWE",2015,716,"COUNTRY",6.50898589,5.019047618,8.015235297
"4255","Zimbabwe","AFR","Africa","ZWE",2002,716,"COUNTRY",6.352329317,4.97905692,7.881571194
